ORDER_ID,ORDER_DATE,CITY,VEHICLE_TYPE,DISTANCE_KM,DELIVERY_TIME_MIN,IS_ONTIME,DRIVER_RATING
ORD1001,2025-03-13,Pune,Scooter,51.7,61,No,5.0
ORD1002,2025-03-16,Hyderabad,Van,33.6,90,Yes,3.9
ORD1003,2025-03-22,Pune,Scooter,44.8,117,Yes,3.3
ORD1004,2025-03-01,Hyderabad,Scooter,27.1,50,No,3.0
ORD1005,2025-03-04,Pune,Bike,33.1,49,Yes,4.1
ORD1006,2025-03-28,Hyderabad,Scooter,7.0,31,No,3.3
ORD1007,2025-03-04,Mumbai,Truck,34.3,11,Yes,4.4
ORD1008,2025-03-08,Bengaluru,Truck,23.9,92,Yes,3.7
ORD1009,2025-03-10,Pune,Truck,54.3,51,No,3.3
ORD1010,2025-03-20,Bengaluru,Truck,38.0,78,No,3.0
ORD1011,2025-03-22,Delhi,Van,17.9,57,No,4.3
ORD1012,2025-03-19,Delhi,Scooter,10.6,16,Yes,3.9
ORD1013,2025-03-05,Delhi,Bike,41.9,59,Yes,3.9
ORD1014,2025-03-24,Bengaluru,Bike,46.2,112,No,4.0
ORD1015,2025-03-07,Bengaluru,Scooter,19.3,108,Yes,4.5
ORD1016,2025-03-25,Bengaluru,Bike,41.5,111,Yes,4.3
ORD1017,2025-03-25,Delhi,Van,59.3,111,No,3.7
ORD1018,2025-03-13,Mumbai,Bike,29.1,61,No,4.5
ORD1019,2025-03-27,Pune,Van,15.3,75,Yes,4.1
ORD1020,2025-03-02,Pune,Van,19.6,70,No,4.4
ORD1021,2025-03-07,Hyderabad,Van,5.1,110,Yes,3.2
ORD1022,2025-03-08,Pune,Van,53.4,71,Yes,3.7
ORD1023,2025-03-24,Bengaluru,Van,21.6,67,Yes,4.5
ORD1024,2025-03-15,Bengaluru,Scooter,47.5,102,Yes,4.0
ORD1025,2025-03-25,Chennai,Truck,48.6,76,Yes,3.8
ORD1026,2025-03-18,Bengaluru,Scooter,50.2,109,No,4.5
ORD1027,2025-03-06,Hyderabad,Bike,16.7,84,Yes,4.4
ORD1028,2025-03-26,Pune,Van,3.9,71,Yes,3.7
ORD1029,2025-03-14,Delhi,Bike,54.7,39,No,3.7
ORD1030,2025-03-09,Chennai,Bike,22.8,57,Yes,3.1
ORD1031,2025-03-10,Hyderabad,Scooter,48.7,18,Yes,3.1
ORD1032,2025-03-21,Pune,Van,59.7,64,Yes,4.7
ORD1033,2025-03-20,Mumbai,Truck,7.1,109,No,3.4
ORD1034,2025-03-17,Hyderabad,Bike,48.4,72,Yes,4.2
ORD1035,2025-03-20,Bengaluru,Scooter,27.6,117,Yes,3.7
ORD1036,2025-03-06,Delhi,Bike,8.6,73,Yes,4.7
ORD1037,2025-03-16,Hyderabad,Scooter,45.2,66,No,4.7
ORD1038,2025-03-16,Chennai,Truck,52.4,104,Yes,4.4
ORD1039,2025-03-01,Hyderabad,Scooter,4.1,18,No,3.0
ORD1040,2025-03-19,Chennai,Truck,53.4,81,No,3.5
ORD1041,2025-03-04,Chennai,Scooter,25.6,78,No,3.5
ORD1042,2025-03-25,Hyderabad,Bike,21.0,62,Yes,4.6
ORD1043,2025-03-18,Chennai,Truck,3.3,25,No,4.3
ORD1044,2025-03-20,Delhi,Scooter,15.8,97,Yes,4.6
ORD1045,2025-03-30,Bengaluru,Scooter,33.7,16,Yes,3.0
ORD1046,2025-03-20,Mumbai,Van,3.3,20,Yes,4.5
ORD1047,2025-03-20,Hyderabad,Scooter,33.4,108,Yes,4.8
ORD1048,2025-03-15,Chennai,Bike,24.8,23,Yes,3.9
ORD1049,2025-03-08,Bengaluru,Truck,12.0,116,Yes,4.1
ORD1050,2025-03-01,Chennai,Van,20.1,60,No,4.4
ORD1051,2025-03-02,Bengaluru,Truck,41.4,88,Yes,4.5
ORD1052,2025-03-10,Hyderabad,Bike,9.6,19,No,3.4
ORD1053,2025-03-26,Chennai,Bike,4.5,105,No,3.9
ORD1054,2025-03-01,Pune,Bike,30.4,82,No,3.7
ORD1055,2025-03-11,Mumbai,Van,25.8,72,No,4.4
ORD1056,2025-03-21,Mumbai,Scooter,18.1,111,No,4.5
ORD1057,2025-03-24,Hyderabad,Bike,40.0,25,No,4.4
ORD1058,2025-03-04,Pune,Scooter,9.3,66,No,4.7
ORD1059,2025-03-12,Pune,Truck,5.3,108,Yes,4.8
ORD1060,2025-03-19,Chennai,Van,53.3,34,Yes,4.9
ORD1061,2025-03-24,Hyderabad,Bike,8.3,60,Yes,3.6
ORD1062,2025-03-29,Bengaluru,Van,9.0,55,No,3.1
ORD1063,2025-03-03,Pune,Truck,4.7,20,Yes,3.2
ORD1064,2025-03-01,Hyderabad,Scooter,57.5,28,Yes,3.4
ORD1065,2025-03-01,Mumbai,Bike,33.4,103,Yes,4.2
ORD1066,2025-03-05,Delhi,Van,20.8,58,No,4.0
ORD1067,2025-03-22,Chennai,Truck,17.0,117,Yes,5.0
ORD1068,2025-03-06,Pune,Bike,39.8,117,No,3.7
ORD1069,2025-03-07,Delhi,Truck,33.1,18,No,4.9
ORD1070,2025-03-09,Mumbai,Van,21.9,98,Yes,3.2
ORD1071,2025-03-21,Delhi,Scooter,8.7,118,No,4.2
ORD1072,2025-03-18,Pune,Truck,11.5,100,Yes,3.8
ORD1073,2025-03-16,Bengaluru,Scooter,30.5,14,Yes,3.4
ORD1074,2025-03-05,Delhi,Bike,39.5,12,Yes,4.0
ORD1075,2025-03-10,Hyderabad,Scooter,55.9,105,Yes,3.1
ORD1076,2025-03-11,Mumbai,Scooter,26.9,106,Yes,3.7
ORD1077,2025-03-27,Chennai,Scooter,5.0,55,Yes,3.7
ORD1078,2025-03-25,Mumbai,Scooter,12.5,16,Yes,4.2
ORD1079,2025-03-02,Pune,Scooter,23.2,16,No,4.5
ORD1080,2025-03-02,Hyderabad,Scooter,15.8,25,No,3.2
ORD1081,2025-03-08,Mumbai,Van,19.2,15,Yes,4.1
ORD1082,2025-03-10,Delhi,Van,31.4,81,No,3.5
ORD1083,2025-03-26,Delhi,Scooter,48.6,72,No,4.9
ORD1084,2025-03-04,Bengaluru,Truck,2.1,93,Yes,3.0
ORD1085,2025-03-07,Hyderabad,Van,39.3,93,Yes,4.5
ORD1086,2025-03-24,Hyderabad,Truck,31.0,22,Yes,4.1
ORD1087,2025-03-12,Chennai,Van,8.6,59,Yes,4.8
ORD1088,2025-03-15,Chennai,Bike,15.8,104,Yes,3.4
ORD1089,2025-03-19,Chennai,Scooter,42.7,12,No,4.1
ORD1090,2025-03-28,Pune,Bike,53.9,78,No,3.7
ORD1091,2025-03-01,Hyderabad,Bike,54.3,18,Yes,3.1
ORD1092,2025-03-15,Bengaluru,Scooter,22.7,93,No,4.2
ORD1093,2025-03-04,Chennai,Bike,36.7,26,No,3.2
ORD1094,2025-03-22,Delhi,Van,25.4,108,Yes,4.6
ORD1095,2025-03-13,Chennai,Bike,27.0,67,No,4.2
ORD1096,2025-03-26,Chennai,Scooter,12.2,99,Yes,3.9
ORD1097,2025-03-11,Hyderabad,Van,33.8,118,Yes,4.8
ORD1098,2025-03-21,Mumbai,Van,17.0,32,No,3.4
ORD1099,2025-03-12,Mumbai,Van,43.8,89,Yes,3.3
ORD1100,2025-03-05,Delhi,Van,58.3,38,Yes,3.9
ORD1101,2025-03-07,Pune,Truck,18.3,54,Yes,3.3
ORD1102,2025-03-05,Chennai,Bike,32.6,59,No,4.1
ORD1103,2025-03-16,Delhi,Truck,43.6,101,No,4.4
ORD1104,2025-03-21,Pune,Truck,43.9,18,No,4.7
ORD1105,2025-03-04,Delhi,Van,39.9,43,No,3.5
ORD1106,2025-03-13,Chennai,Bike,17.4,11,No,4.3
ORD1107,2025-03-05,Delhi,Truck,34.2,72,No,3.4
ORD1108,2025-03-21,Delhi,Van,43.5,38,Yes,5.0
ORD1109,2025-03-09,Bengaluru,Bike,31.0,32,Yes,3.9
ORD1110,2025-03-15,Delhi,Truck,54.7,101,No,4.1
ORD1111,2025-03-16,Mumbai,Bike,45.5,73,No,3.0
ORD1112,2025-03-21,Pune,Scooter,56.0,100,Yes,3.9
ORD1113,2025-03-04,Pune,Van,34.8,73,Yes,3.5
ORD1114,2025-03-27,Bengaluru,Bike,6.3,47,No,3.2
ORD1115,2025-03-24,Hyderabad,Bike,53.4,95,Yes,3.7
ORD1116,2025-03-16,Chennai,Truck,52.2,69,Yes,3.6
ORD1117,2025-03-14,Hyderabad,Bike,14.0,28,Yes,3.7
ORD1118,2025-03-22,Chennai,Truck,15.2,78,Yes,4.0
ORD1119,2025-03-22,Bengaluru,Truck,34.1,80,No,3.8
ORD1120,2025-03-17,Hyderabad,Bike,5.0,26,Yes,3.8
ORD1121,2025-03-18,Mumbai,Scooter,8.9,59,No,3.5
ORD1122,2025-03-06,Delhi,Truck,21.9,77,No,3.3
ORD1123,2025-03-10,Chennai,Bike,32.6,20,No,3.6
ORD1124,2025-03-04,Hyderabad,Bike,57.0,89,Yes,3.9
ORD1125,2025-03-01,Chennai,Truck,36.7,49,No,4.3
ORD1126,2025-03-06,Pune,Van,7.2,64,Yes,4.3
ORD1127,2025-03-01,Delhi,Van,36.6,40,No,3.5
ORD1128,2025-03-18,Bengaluru,Scooter,36.9,86,Yes,3.7
ORD1129,2025-03-19,Bengaluru,Bike,54.1,51,Yes,3.5
ORD1130,2025-03-05,Mumbai,Bike,16.9,71,Yes,4.2
ORD1131,2025-03-03,Mumbai,Scooter,32.7,108,No,4.7
ORD1132,2025-03-17,Bengaluru,Truck,19.1,46,No,4.9
ORD1133,2025-03-30,Chennai,Scooter,12.3,88,No,4.6
ORD1134,2025-03-04,Pune,Truck,43.8,111,No,4.4
ORD1135,2025-03-03,Chennai,Truck,44.7,41,Yes,3.3
ORD1136,2025-03-11,Chennai,Scooter,50.0,82,Yes,4.3
ORD1137,2025-03-14,Chennai,Van,15.5,85,No,5.0
ORD1138,2025-03-17,Delhi,Scooter,32.2,45,Yes,4.5
ORD1139,2025-03-08,Bengaluru,Van,28.1,89,Yes,4.6
ORD1140,2025-03-22,Hyderabad,Scooter,51.5,26,No,4.1
ORD1141,2025-03-10,Bengaluru,Scooter,37.5,18,No,4.9
ORD1142,2025-03-01,Mumbai,Bike,22.0,25,Yes,5.0
ORD1143,2025-03-11,Pune,Truck,56.8,97,No,4.9
ORD1144,2025-03-19,Chennai,Truck,33.1,65,No,4.7
ORD1145,2025-03-12,Pune,Van,50.3,62,No,4.3
ORD1146,2025-03-27,Pune,Truck,10.3,69,No,3.5
ORD1147,2025-03-24,Bengaluru,Bike,21.9,35,No,3.4
ORD1148,2025-03-28,Chennai,Van,44.6,54,No,4.7
ORD1149,2025-03-03,Pune,Truck,34.7,93,Yes,3.6
ORD1150,2025-03-26,Chennai,Truck,58.4,92,Yes,4.4
ORD1151,2025-03-03,Delhi,Truck,6.1,33,Yes,3.1
ORD1152,2025-03-04,Delhi,Scooter,2.6,39,No,4.8
ORD1153,2025-03-28,Chennai,Bike,57.4,69,Yes,4.9
ORD1154,2025-03-04,Bengaluru,Truck,20.7,81,No,4.7
ORD1155,2025-03-19,Pune,Van,7.1,29,Yes,4.1
ORD1156,2025-03-15,Hyderabad,Van,8.9,79,No,4.4
ORD1157,2025-03-04,Delhi,Van,51.7,15,Yes,4.0
ORD1158,2025-03-21,Hyderabad,Truck,27.6,52,No,4.3
ORD1159,2025-03-18,Hyderabad,Truck,19.3,54,Yes,3.8
ORD1160,2025-03-19,Chennai,Scooter,22.3,12,Yes,4.9
ORD1161,2025-03-28,Delhi,Van,51.5,53,Yes,3.7
ORD1162,2025-03-15,Chennai,Bike,27.3,25,Yes,3.9
ORD1163,2025-03-10,Delhi,Bike,28.4,111,No,4.2
ORD1164,2025-03-27,Mumbai,Scooter,3.9,63,No,3.2
ORD1165,2025-03-02,Bengaluru,Scooter,18.5,18,Yes,4.5
ORD1166,2025-03-05,Pune,Bike,18.8,66,No,3.3
ORD1167,2025-03-11,Mumbai,Truck,39.7,94,No,4.4
ORD1168,2025-03-23,Pune,Bike,55.6,86,Yes,3.3
ORD1169,2025-03-12,Bengaluru,Scooter,44.5,74,Yes,4.4
ORD1170,2025-03-09,Bengaluru,Bike,46.3,95,Yes,4.3
ORD1171,2025-03-12,Bengaluru,Bike,26.4,106,No,3.8
ORD1172,2025-03-03,Delhi,Van,16.1,12,Yes,3.6
ORD1173,2025-03-20,Delhi,Scooter,17.5,15,Yes,4.8
ORD1174,2025-03-17,Bengaluru,Scooter,19.2,41,No,4.4
ORD1175,2025-03-01,Mumbai,Bike,46.2,86,No,4.0
ORD1176,2025-03-23,Hyderabad,Truck,26.0,97,No,3.2
ORD1177,2025-03-01,Pune,Scooter,34.5,23,No,4.7
ORD1178,2025-03-07,Bengaluru,Truck,53.8,98,Yes,3.2
ORD1179,2025-03-20,Hyderabad,Truck,18.6,83,No,3.0
ORD1180,2025-03-15,Pune,Truck,57.6,63,Yes,4.6
ORD1181,2025-03-11,Mumbai,Bike,57.9,57,No,3.1
ORD1182,2025-03-20,Hyderabad,Van,27.0,21,No,4.6
ORD1183,2025-03-25,Delhi,Scooter,7.5,66,No,4.2
ORD1184,2025-03-29,Mumbai,Scooter,31.3,96,No,3.2
ORD1185,2025-03-09,Delhi,Truck,27.1,40,Yes,3.5
ORD1186,2025-03-14,Hyderabad,Van,27.3,84,No,4.7
ORD1187,2025-03-25,Chennai,Scooter,7.5,45,Yes,3.7
ORD1188,2025-03-30,Mumbai,Bike,47.3,96,No,4.0
ORD1189,2025-03-03,Pune,Scooter,45.7,118,No,4.9
ORD1190,2025-03-04,Chennai,Van,24.0,116,No,3.4
ORD1191,2025-03-03,Bengaluru,Scooter,4.7,30,Yes,4.4
ORD1192,2025-03-12,Chennai,Bike,29.3,61,No,4.2
ORD1193,2025-03-14,Delhi,Bike,2.5,73,Yes,3.5
ORD1194,2025-03-17,Delhi,Truck,14.6,42,Yes,4.9
ORD1195,2025-03-09,Hyderabad,Van,44.3,70,Yes,4.2
ORD1196,2025-03-09,Hyderabad,Truck,31.8,100,Yes,4.8
ORD1197,2025-03-20,Bengaluru,Van,55.3,36,No,3.6
ORD1198,2025-03-09,Delhi,Van,12.7,55,No,4.3
ORD1199,2025-03-27,Mumbai,Truck,31.3,82,Yes,3.1
ORD1200,2025-03-03,Pune,Truck,51.9,90,No,4.3
ORD1201,2025-03-25,Pune,Bike,56.4,24,Yes,4.3
ORD1202,2025-03-21,Bengaluru,Scooter,5.9,79,No,4.2
ORD1203,2025-03-04,Chennai,Van,50.3,55,No,4.0
ORD1204,2025-03-13,Mumbai,Truck,38.3,83,No,3.5
ORD1205,2025-03-30,Bengaluru,Bike,20.1,24,No,4.3
ORD1206,2025-03-15,Chennai,Scooter,4.0,101,Yes,4.3
ORD1207,2025-03-01,Mumbai,Scooter,35.9,93,No,4.5
ORD1208,2025-03-05,Hyderabad,Scooter,6.5,56,No,4.6
ORD1209,2025-03-04,Delhi,Van,40.1,60,Yes,3.2
ORD1210,2025-03-14,Chennai,Van,53.2,104,Yes,3.9
ORD1211,2025-03-12,Delhi,Bike,59.8,83,No,3.5
ORD1212,2025-03-29,Chennai,Van,8.1,45,No,4.9
ORD1213,2025-03-23,Delhi,Bike,20.0,19,Yes,4.5
ORD1214,2025-03-14,Pune,Bike,51.7,85,No,4.4
ORD1215,2025-03-26,Chennai,Van,52.4,112,No,4.4
ORD1216,2025-03-14,Delhi,Bike,19.0,89,No,3.8
ORD1217,2025-03-12,Pune,Van,47.6,67,Yes,3.9
ORD1218,2025-03-25,Hyderabad,Van,38.5,54,Yes,3.6
ORD1219,2025-03-17,Delhi,Van,24.6,52,No,3.9
ORD1220,2025-03-25,Pune,Truck,18.4,88,Yes,4.4
ORD1221,2025-03-30,Chennai,Truck,14.7,23,Yes,4.6
ORD1222,2025-03-22,Pune,Scooter,36.2,73,Yes,3.7
ORD1223,2025-03-15,Pune,Van,15.4,99,No,4.4
ORD1224,2025-03-26,Delhi,Van,33.5,96,Yes,4.5
ORD1225,2025-03-17,Delhi,Truck,4.1,94,No,4.1
ORD1226,2025-03-29,Bengaluru,Truck,58.2,100,Yes,4.4
ORD1227,2025-03-26,Chennai,Truck,2.1,104,Yes,3.9
ORD1228,2025-03-23,Pune,Scooter,7.3,41,Yes,3.3
ORD1229,2025-03-22,Delhi,Truck,57.0,63,Yes,3.0
ORD1230,2025-03-30,Chennai,Van,51.5,57,No,3.7
ORD1231,2025-03-20,Bengaluru,Van,33.2,106,No,4.7
ORD1232,2025-03-02,Chennai,Scooter,38.6,17,Yes,4.9
ORD1233,2025-03-09,Chennai,Truck,55.3,53,No,3.8
ORD1234,2025-03-01,Chennai,Bike,50.1,101,No,3.7
ORD1235,2025-03-05,Mumbai,Van,37.6,44,Yes,3.6
ORD1236,2025-03-28,Delhi,Bike,8.2,83,Yes,3.1
ORD1237,2025-03-28,Mumbai,Scooter,55.8,103,No,4.2
ORD1238,2025-03-26,Delhi,Van,8.9,29,No,3.9
ORD1239,2025-03-07,Delhi,Bike,11.4,72,Yes,5.0
ORD1240,2025-03-22,Bengaluru,Truck,21.9,35,Yes,4.2
ORD1241,2025-03-14,Mumbai,Truck,2.5,39,No,3.2
ORD1242,2025-03-08,Mumbai,Scooter,39.8,62,No,3.6
ORD1243,2025-03-25,Hyderabad,Van,11.1,54,Yes,3.9
ORD1244,2025-03-25,Bengaluru,Scooter,37.7,63,Yes,3.5
ORD1245,2025-03-16,Pune,Bike,33.6,53,No,4.5
ORD1246,2025-03-10,Delhi,Truck,16.7,28,No,3.7
ORD1247,2025-03-19,Delhi,Truck,9.4,35,No,3.6
ORD1248,2025-03-09,Hyderabad,Scooter,49.1,105,Yes,4.3
ORD1249,2025-03-23,Delhi,Truck,24.1,113,No,4.6
ORD1250,2025-03-16,Mumbai,Bike,15.8,31,Yes,3.1
ORD1251,2025-03-12,Pune,Van,40.1,76,No,3.3
ORD1252,2025-03-07,Hyderabad,Truck,34.5,35,No,5.0
ORD1253,2025-03-16,Hyderabad,Van,25.1,75,Yes,3.9
ORD1254,2025-03-30,Delhi,Van,52.5,108,Yes,4.4
ORD1255,2025-03-26,Delhi,Truck,43.5,94,No,3.3
ORD1256,2025-03-02,Hyderabad,Van,19.2,117,No,3.6
ORD1257,2025-03-23,Pune,Van,11.6,119,No,4.7
ORD1258,2025-03-13,Mumbai,Van,35.7,80,Yes,4.0
ORD1259,2025-03-25,Delhi,Scooter,26.6,92,No,3.5
ORD1260,2025-03-30,Delhi,Truck,55.1,25,Yes,3.7
ORD1261,2025-03-25,Hyderabad,Bike,45.9,98,Yes,3.7
ORD1262,2025-03-04,Bengaluru,Scooter,59.5,68,Yes,5.0
ORD1263,2025-03-19,Pune,Scooter,35.3,68,Yes,5.0
ORD1264,2025-03-16,Mumbai,Van,10.6,62,Yes,3.4
ORD1265,2025-03-04,Delhi,Scooter,41.0,104,No,3.9
ORD1266,2025-03-11,Pune,Truck,24.3,11,No,3.5
ORD1267,2025-03-13,Delhi,Truck,35.6,84,No,3.4
ORD1268,2025-03-07,Bengaluru,Truck,35.6,113,Yes,3.5
ORD1269,2025-03-04,Delhi,Van,10.7,23,Yes,3.2
ORD1270,2025-03-23,Chennai,Van,46.9,39,No,3.9
ORD1271,2025-03-30,Pune,Van,51.4,54,Yes,4.2
ORD1272,2025-03-06,Hyderabad,Truck,58.0,33,Yes,3.3
ORD1273,2025-03-24,Delhi,Truck,18.2,79,No,4.4
ORD1274,2025-03-12,Pune,Truck,37.6,76,Yes,3.3
ORD1275,2025-03-01,Chennai,Van,26.7,92,Yes,4.0
ORD1276,2025-03-12,Delhi,Truck,55.3,106,No,4.5
ORD1277,2025-03-09,Hyderabad,Scooter,49.9,99,Yes,4.0
ORD1278,2025-03-21,Chennai,Truck,34.1,79,No,4.1
ORD1279,2025-03-11,Chennai,Bike,37.0,25,No,4.3
ORD1280,2025-03-23,Hyderabad,Bike,14.0,112,No,4.2
ORD1281,2025-03-12,Bengaluru,Van,27.2,48,Yes,3.5
ORD1282,2025-03-06,Bengaluru,Scooter,29.3,61,No,3.9
ORD1283,2025-03-30,Hyderabad,Van,11.5,26,Yes,4.1
ORD1284,2025-03-29,Delhi,Bike,9.8,83,No,4.6
ORD1285,2025-03-16,Mumbai,Van,29.2,41,No,5.0
ORD1286,2025-03-09,Delhi,Truck,57.9,116,No,4.8
ORD1287,2025-03-03,Chennai,Scooter,22.4,119,Yes,3.6
ORD1288,2025-03-28,Mumbai,Truck,59.2,97,No,4.4
ORD1289,2025-03-20,Chennai,Truck,38.1,82,Yes,3.2
ORD1290,2025-03-26,Chennai,Truck,33.3,109,Yes,4.3
ORD1291,2025-03-24,Hyderabad,Scooter,50.9,34,No,4.8
ORD1292,2025-03-22,Pune,Scooter,34.4,73,No,3.3
ORD1293,2025-03-20,Bengaluru,Truck,3.5,103,No,4.5
ORD1294,2025-03-15,Bengaluru,Scooter,36.9,19,Yes,3.4
ORD1295,2025-03-21,Bengaluru,Bike,10.5,13,No,3.3
ORD1296,2025-03-22,Bengaluru,Van,9.6,20,Yes,4.4
ORD1297,2025-03-30,Mumbai,Truck,39.5,85,No,4.1
ORD1298,2025-03-04,Bengaluru,Truck,11.3,84,No,3.4
ORD1299,2025-03-04,Hyderabad,Scooter,11.4,47,No,4.9
ORD1300,2025-03-08,Delhi,Scooter,34.7,27,No,3.9
ORD1301,2025-03-10,Chennai,Scooter,15.8,104,No,3.1
ORD1302,2025-03-10,Delhi,Scooter,5.6,105,Yes,3.2
ORD1303,2025-03-10,Mumbai,Truck,54.8,107,Yes,3.1
ORD1304,2025-03-24,Hyderabad,Scooter,33.8,112,No,3.3
ORD1305,2025-03-04,Chennai,Truck,19.7,104,Yes,3.3
ORD1306,2025-03-15,Mumbai,Scooter,3.4,116,Yes,3.0
ORD1307,2025-03-27,Pune,Scooter,50.2,98,Yes,3.9
ORD1308,2025-03-19,Hyderabad,Van,53.0,76,No,3.3
ORD1309,2025-03-13,Chennai,Van,38.4,78,Yes,5.0
ORD1310,2025-03-04,Bengaluru,Scooter,23.4,96,No,3.3
ORD1311,2025-03-10,Chennai,Truck,33.4,114,No,4.0
ORD1312,2025-03-11,Mumbai,Bike,10.0,92,No,4.3
ORD1313,2025-03-28,Mumbai,Truck,32.3,45,Yes,4.4
ORD1314,2025-03-14,Pune,Van,8.6,39,Yes,3.7
ORD1315,2025-03-08,Chennai,Scooter,2.2,67,Yes,4.1
ORD1316,2025-03-08,Hyderabad,Van,35.3,44,No,4.1
ORD1317,2025-03-30,Hyderabad,Truck,28.7,94,No,4.8
ORD1318,2025-03-22,Bengaluru,Van,14.8,108,No,3.2
ORD1319,2025-03-02,Mumbai,Van,54.3,96,No,4.1
ORD1320,2025-03-13,Bengaluru,Scooter,29.7,26,No,3.6
ORD1321,2025-03-03,Bengaluru,Scooter,41.7,113,No,3.8
ORD1322,2025-03-03,Hyderabad,Van,3.8,67,No,3.4
ORD1323,2025-03-25,Pune,Bike,19.4,60,No,4.1
ORD1324,2025-03-02,Bengaluru,Truck,6.7,48,No,4.7
ORD1325,2025-03-06,Delhi,Truck,19.4,108,Yes,3.2
ORD1326,2025-03-09,Bengaluru,Scooter,35.5,65,No,3.3
ORD1327,2025-03-05,Bengaluru,Scooter,31.4,36,Yes,4.7
ORD1328,2025-03-01,Pune,Van,56.0,108,No,4.0
ORD1329,2025-03-12,Mumbai,Scooter,54.8,106,No,4.0
ORD1330,2025-03-03,Chennai,Bike,12.9,35,No,4.9
ORD1331,2025-03-06,Bengaluru,Bike,26.3,42,Yes,3.6
ORD1332,2025-03-22,Bengaluru,Bike,54.0,54,No,3.5
ORD1333,2025-03-17,Chennai,Scooter,55.2,118,No,4.3
ORD1334,2025-03-09,Mumbai,Truck,32.9,10,No,4.6
ORD1335,2025-03-30,Pune,Scooter,57.6,99,Yes,3.5
ORD1336,2025-03-02,Pune,Truck,28.7,96,Yes,4.4
ORD1337,2025-03-18,Pune,Bike,57.6,58,No,5.0
ORD1338,2025-03-17,Mumbai,Truck,53.5,39,No,3.3
ORD1339,2025-03-04,Pune,Bike,18.3,46,No,3.2
ORD1340,2025-03-25,Delhi,Truck,5.8,101,Yes,3.6
ORD1341,2025-03-28,Hyderabad,Bike,13.0,38,Yes,5.0
ORD1342,2025-03-09,Mumbai,Scooter,25.1,26,No,3.1
ORD1343,2025-03-21,Mumbai,Scooter,24.4,18,Yes,4.3
ORD1344,2025-03-05,Delhi,Scooter,41.1,90,Yes,4.4
ORD1345,2025-03-17,Chennai,Truck,25.3,44,Yes,3.1
ORD1346,2025-03-26,Pune,Truck,20.3,110,Yes,4.5
ORD1347,2025-03-04,Mumbai,Scooter,10.5,56,No,3.6
ORD1348,2025-03-08,Mumbai,Scooter,54.5,42,Yes,4.9
ORD1349,2025-03-29,Bengaluru,Truck,23.2,70,Yes,4.7
ORD1350,2025-03-04,Hyderabad,Van,12.3,96,No,4.9
ORD1351,2025-03-19,Chennai,Scooter,33.4,31,No,4.7
ORD1352,2025-03-30,Bengaluru,Bike,15.2,53,Yes,3.9
ORD1353,2025-03-18,Hyderabad,Bike,57.6,106,Yes,3.7
ORD1354,2025-03-02,Chennai,Bike,8.1,52,No,4.1
ORD1355,2025-03-19,Pune,Scooter,31.1,105,No,4.7
ORD1356,2025-03-18,Hyderabad,Van,35.2,112,Yes,4.5
ORD1357,2025-03-30,Chennai,Truck,17.5,119,Yes,3.2
ORD1358,2025-03-21,Mumbai,Truck,43.8,75,Yes,3.7
ORD1359,2025-03-30,Chennai,Van,56.0,56,No,3.4
ORD1360,2025-03-03,Pune,Truck,17.0,76,Yes,3.6
ORD1361,2025-03-06,Delhi,Bike,35.9,37,Yes,4.5
ORD1362,2025-03-06,Pune,Van,36.5,83,No,4.2
ORD1363,2025-03-13,Pune,Van,37.5,59,Yes,3.7
ORD1364,2025-03-13,Bengaluru,Bike,42.4,102,No,4.2
ORD1365,2025-03-22,Delhi,Truck,2.5,31,No,4.7
ORD1366,2025-03-30,Pune,Van,12.3,110,No,3.5
ORD1367,2025-03-03,Hyderabad,Truck,29.7,28,No,3.9
ORD1368,2025-03-16,Pune,Scooter,18.1,112,Yes,4.2
ORD1369,2025-03-28,Hyderabad,Bike,44.4,112,Yes,3.4
ORD1370,2025-03-22,Delhi,Bike,9.6,86,Yes,3.7
ORD1371,2025-03-08,Chennai,Truck,30.9,91,No,4.6
ORD1372,2025-03-08,Bengaluru,Scooter,38.0,44,Yes,4.9
ORD1373,2025-03-12,Pune,Bike,13.5,110,Yes,4.3
ORD1374,2025-03-23,Mumbai,Scooter,48.9,109,No,3.4
ORD1375,2025-03-18,Bengaluru,Scooter,56.4,60,Yes,4.8
ORD1376,2025-03-07,Bengaluru,Van,46.2,34,No,4.2
ORD1377,2025-03-08,Chennai,Van,29.0,38,Yes,4.4
ORD1378,2025-03-19,Pune,Van,38.9,114,Yes,3.4
ORD1379,2025-03-29,Hyderabad,Bike,49.5,34,Yes,3.0
ORD1380,2025-03-12,Chennai,Van,14.3,108,Yes,3.7
ORD1381,2025-03-20,Chennai,Truck,45.5,113,No,3.3
ORD1382,2025-03-18,Mumbai,Truck,23.3,38,No,3.9
ORD1383,2025-03-10,Hyderabad,Scooter,19.9,104,No,4.2
ORD1384,2025-03-30,Pune,Scooter,36.4,33,Yes,3.6
ORD1385,2025-03-15,Hyderabad,Scooter,50.4,79,Yes,3.4
ORD1386,2025-03-22,Mumbai,Bike,16.9,79,No,3.2
ORD1387,2025-03-10,Bengaluru,Truck,20.6,43,Yes,4.3
ORD1388,2025-03-26,Hyderabad,Bike,51.9,44,No,3.8
ORD1389,2025-03-19,Delhi,Bike,6.1,109,No,4.3
ORD1390,2025-03-01,Delhi,Scooter,22.4,59,Yes,5.0
ORD1391,2025-03-28,Delhi,Van,58.8,62,Yes,3.7
ORD1392,2025-03-10,Bengaluru,Scooter,20.7,62,No,4.2
ORD1393,2025-03-29,Delhi,Truck,16.1,73,No,4.4
ORD1394,2025-03-12,Mumbai,Truck,57.3,93,No,3.8
ORD1395,2025-03-18,Hyderabad,Scooter,16.1,55,Yes,4.0
ORD1396,2025-03-10,Mumbai,Scooter,19.7,30,No,4.3
ORD1397,2025-03-27,Hyderabad,Truck,40.7,98,No,3.4
ORD1398,2025-03-01,Mumbai,Van,9.4,53,No,3.8
ORD1399,2025-03-23,Mumbai,Van,30.0,61,Yes,4.7
ORD1400,2025-03-17,Chennai,Truck,10.3,101,Yes,3.3
ORD1401,2025-03-11,Pune,Bike,37.7,113,No,3.5
ORD1402,2025-03-05,Bengaluru,Truck,45.8,87,No,3.5
ORD1403,2025-03-25,Mumbai,Van,30.8,30,No,4.0
ORD1404,2025-03-21,Bengaluru,Truck,51.5,62,Yes,4.7
ORD1405,2025-03-04,Bengaluru,Scooter,20.5,62,Yes,3.9
ORD1406,2025-03-20,Pune,Van,35.7,48,No,3.8
ORD1407,2025-03-09,Chennai,Scooter,28.0,116,No,4.7
ORD1408,2025-03-25,Mumbai,Truck,19.7,116,No,4.6
ORD1409,2025-03-28,Mumbai,Scooter,21.6,16,Yes,3.9
ORD1410,2025-03-30,Pune,Scooter,18.8,68,No,4.8
ORD1411,2025-03-28,Delhi,Truck,12.8,98,No,4.2
ORD1412,2025-03-15,Pune,Truck,57.2,26,No,3.8
ORD1413,2025-03-24,Bengaluru,Truck,21.8,81,Yes,4.5
ORD1414,2025-03-01,Chennai,Scooter,58.3,28,Yes,4.7
ORD1415,2025-03-20,Bengaluru,Bike,37.8,33,No,4.9
ORD1416,2025-03-09,Mumbai,Bike,14.1,28,Yes,4.0
ORD1417,2025-03-08,Delhi,Bike,6.1,70,Yes,3.5
ORD1418,2025-03-24,Mumbai,Scooter,42.6,48,Yes,3.2
ORD1419,2025-03-14,Hyderabad,Truck,44.0,63,Yes,4.2
ORD1420,2025-03-27,Delhi,Bike,25.0,58,No,5.0
ORD1421,2025-03-18,Chennai,Bike,36.7,60,Yes,4.2
ORD1422,2025-03-25,Chennai,Van,51.8,39,Yes,4.1
ORD1423,2025-03-21,Bengaluru,Van,53.5,54,Yes,4.8
ORD1424,2025-03-24,Bengaluru,Truck,15.0,102,No,4.1
ORD1425,2025-03-01,Delhi,Bike,15.7,32,Yes,3.1
ORD1426,2025-03-12,Mumbai,Truck,36.7,11,Yes,4.1
ORD1427,2025-03-29,Delhi,Van,43.6,67,No,3.5
ORD1428,2025-03-05,Hyderabad,Van,13.4,32,No,4.7
ORD1429,2025-03-26,Pune,Bike,2.1,92,Yes,3.5
ORD1430,2025-03-01,Delhi,Scooter,14.7,87,Yes,3.8
ORD1431,2025-03-11,Pune,Bike,57.1,72,Yes,4.9
ORD1432,2025-03-15,Delhi,Van,27.6,57,No,4.8
ORD1433,2025-03-23,Pune,Scooter,56.0,101,Yes,4.4
ORD1434,2025-03-29,Hyderabad,Truck,57.3,114,No,4.3
ORD1435,2025-03-21,Mumbai,Scooter,38.7,95,No,4.6
ORD1436,2025-03-19,Hyderabad,Scooter,5.6,76,Yes,4.7
ORD1437,2025-03-05,Delhi,Van,9.9,93,No,4.2
ORD1438,2025-03-23,Bengaluru,Scooter,23.4,51,No,4.9
ORD1439,2025-03-04,Chennai,Bike,46.3,61,No,3.9
ORD1440,2025-03-27,Mumbai,Bike,28.3,51,No,4.9
ORD1441,2025-03-20,Mumbai,Bike,4.8,17,No,3.5
ORD1442,2025-03-08,Hyderabad,Bike,32.5,78,No,3.5
ORD1443,2025-03-09,Bengaluru,Truck,2.7,76,Yes,4.0
ORD1444,2025-03-30,Delhi,Scooter,55.1,109,Yes,3.2
ORD1445,2025-03-14,Bengaluru,Bike,41.1,73,Yes,3.8
ORD1446,2025-03-06,Hyderabad,Bike,56.4,23,Yes,5.0
ORD1447,2025-03-01,Mumbai,Bike,34.3,118,Yes,3.8
ORD1448,2025-03-09,Delhi,Truck,24.3,38,No,3.9
ORD1449,2025-03-16,Hyderabad,Van,48.2,48,Yes,4.7
ORD1450,2025-03-16,Chennai,Van,27.0,14,Yes,4.5
ORD1451,2025-03-22,Chennai,Scooter,56.2,48,No,3.3
ORD1452,2025-03-12,Chennai,Bike,45.0,71,Yes,3.5
ORD1453,2025-03-05,Pune,Truck,7.2,21,No,4.9
ORD1454,2025-03-08,Mumbai,Scooter,46.9,16,Yes,3.9
ORD1455,2025-03-29,Mumbai,Scooter,48.6,89,Yes,4.3
ORD1456,2025-03-14,Bengaluru,Truck,3.9,74,Yes,3.5
ORD1457,2025-03-27,Bengaluru,Scooter,4.5,101,Yes,4.9
ORD1458,2025-03-11,Chennai,Scooter,9.4,44,No,4.3
ORD1459,2025-03-21,Hyderabad,Truck,46.2,108,No,3.1
ORD1460,2025-03-15,Chennai,Van,59.1,75,Yes,3.3
ORD1461,2025-03-18,Delhi,Van,49.6,31,Yes,4.1
ORD1462,2025-03-28,Delhi,Bike,44.1,35,Yes,4.8
ORD1463,2025-03-20,Chennai,Scooter,27.4,79,No,4.1
ORD1464,2025-03-04,Hyderabad,Van,40.4,114,Yes,4.5
ORD1465,2025-03-10,Bengaluru,Truck,19.0,33,Yes,3.7
ORD1466,2025-03-19,Chennai,Bike,31.2,92,Yes,4.1
ORD1467,2025-03-22,Hyderabad,Truck,23.5,37,Yes,4.4
ORD1468,2025-03-03,Hyderabad,Bike,23.3,48,Yes,4.3
ORD1469,2025-03-20,Delhi,Truck,7.9,61,Yes,4.1
ORD1470,2025-03-22,Bengaluru,Van,30.7,22,Yes,3.4
ORD1471,2025-03-27,Hyderabad,Scooter,14.1,31,Yes,4.0
ORD1472,2025-03-12,Chennai,Truck,34.5,107,No,4.7
ORD1473,2025-03-24,Pune,Bike,20.0,55,Yes,3.9
ORD1474,2025-03-29,Pune,Van,12.5,18,No,3.9
ORD1475,2025-03-29,Hyderabad,Van,48.5,11,Yes,4.0
ORD1476,2025-03-19,Chennai,Van,41.4,38,No,3.2
ORD1477,2025-03-14,Hyderabad,Van,53.3,61,No,3.9
ORD1478,2025-03-24,Delhi,Truck,37.3,56,Yes,4.9
ORD1479,2025-03-02,Bengaluru,Scooter,12.0,105,No,3.9
ORD1480,2025-03-07,Hyderabad,Bike,27.5,15,No,4.2
ORD1481,2025-03-11,Hyderabad,Scooter,49.7,105,No,4.4
ORD1482,2025-03-22,Delhi,Bike,58.7,112,No,3.1
ORD1483,2025-03-17,Hyderabad,Van,43.3,27,Yes,4.4
ORD1484,2025-03-28,Mumbai,Truck,10.3,55,No,3.4
ORD1485,2025-03-17,Mumbai,Van,42.4,44,No,3.2
ORD1486,2025-03-27,Chennai,Truck,59.3,71,Yes,3.6
ORD1487,2025-03-29,Hyderabad,Van,41.4,101,No,4.5
ORD1488,2025-03-04,Chennai,Truck,39.9,22,Yes,3.4
ORD1489,2025-03-27,Hyderabad,Van,55.4,110,Yes,3.0
ORD1490,2025-03-18,Delhi,Truck,48.2,96,No,4.1
ORD1491,2025-03-11,Bengaluru,Van,46.9,106,No,3.8
ORD1492,2025-03-10,Bengaluru,Truck,49.4,96,Yes,4.0
ORD1493,2025-03-13,Chennai,Bike,7.2,62,Yes,4.1
ORD1494,2025-03-14,Mumbai,Truck,42.2,20,Yes,4.2
ORD1495,2025-03-26,Pune,Truck,51.5,54,No,3.2
ORD1496,2025-03-07,Pune,Scooter,49.4,91,No,3.4
ORD1497,2025-03-07,Hyderabad,Truck,10.4,16,No,5.0
ORD1498,2025-03-08,Bengaluru,Bike,20.5,116,Yes,4.1
ORD1499,2025-03-09,Chennai,Bike,31.6,113,Yes,3.8
ORD1500,2025-03-14,Hyderabad,Van,17.9,52,Yes,3.6
ORD1501,2025-03-25,Delhi,Truck,15.9,99,No,3.9
ORD1502,2025-03-08,Chennai,Van,48.6,46,No,3.2
ORD1503,2025-03-17,Mumbai,Van,48.0,107,No,3.7
ORD1504,2025-03-25,Hyderabad,Van,54.3,58,Yes,4.0
ORD1505,2025-03-23,Hyderabad,Scooter,34.6,36,Yes,3.3
ORD1506,2025-03-25,Bengaluru,Truck,30.7,30,Yes,3.5
ORD1507,2025-03-16,Bengaluru,Bike,51.8,29,No,4.7
ORD1508,2025-03-26,Pune,Scooter,51.4,10,No,3.7
ORD1509,2025-03-09,Chennai,Scooter,22.4,110,Yes,4.6
ORD1510,2025-03-04,Pune,Scooter,34.7,103,No,3.9
ORD1511,2025-03-07,Mumbai,Truck,56.3,86,No,3.6
ORD1512,2025-03-18,Pune,Bike,5.5,67,Yes,4.8
ORD1513,2025-03-08,Bengaluru,Scooter,3.7,113,No,4.5
ORD1514,2025-03-21,Hyderabad,Bike,5.7,111,No,3.1
ORD1515,2025-03-26,Pune,Bike,18.3,94,No,4.4
ORD1516,2025-03-03,Chennai,Scooter,50.9,61,No,3.2
ORD1517,2025-03-29,Chennai,Truck,28.5,118,Yes,4.7
ORD1518,2025-03-17,Mumbai,Scooter,18.3,111,No,4.8
ORD1519,2025-03-25,Bengaluru,Bike,45.1,46,No,4.1
ORD1520,2025-03-19,Bengaluru,Truck,41.1,116,No,5.0
ORD1521,2025-03-14,Pune,Truck,3.1,83,Yes,4.1
ORD1522,2025-03-24,Mumbai,Bike,7.7,58,Yes,4.2
ORD1523,2025-03-25,Hyderabad,Van,18.1,28,No,4.3
ORD1524,2025-03-05,Chennai,Truck,50.3,81,Yes,4.9
ORD1525,2025-03-05,Mumbai,Van,57.1,85,No,3.6
ORD1526,2025-03-13,Delhi,Bike,31.9,47,Yes,3.4
ORD1527,2025-03-18,Mumbai,Scooter,13.3,27,No,4.7
ORD1528,2025-03-24,Chennai,Bike,34.6,87,No,4.3
ORD1529,2025-03-23,Hyderabad,Scooter,3.9,20,Yes,4.7
ORD1530,2025-03-26,Delhi,Van,35.8,100,No,4.2
ORD1531,2025-03-21,Delhi,Scooter,22.1,59,Yes,4.4
ORD1532,2025-03-02,Pune,Van,32.7,49,No,4.8
ORD1533,2025-03-06,Delhi,Scooter,45.0,119,No,3.1
ORD1534,2025-03-26,Chennai,Van,13.4,34,Yes,3.4
ORD1535,2025-03-24,Pune,Bike,56.0,74,No,3.2
ORD1536,2025-03-28,Pune,Van,18.2,67,Yes,3.9
ORD1537,2025-03-30,Mumbai,Van,37.2,118,Yes,4.7
ORD1538,2025-03-02,Pune,Bike,35.3,44,Yes,4.6
ORD1539,2025-03-20,Pune,Bike,18.5,63,Yes,3.1
ORD1540,2025-03-22,Bengaluru,Van,6.1,53,Yes,4.5
ORD1541,2025-03-24,Pune,Bike,39.5,100,No,3.6
ORD1542,2025-03-20,Chennai,Bike,55.0,77,Yes,4.4
ORD1543,2025-03-23,Chennai,Scooter,22.7,81,No,4.8
ORD1544,2025-03-23,Pune,Truck,35.6,40,No,4.6
ORD1545,2025-03-08,Chennai,Truck,15.0,44,No,4.4
ORD1546,2025-03-10,Bengaluru,Scooter,34.8,27,No,3.6
ORD1547,2025-03-18,Pune,Bike,17.2,22,Yes,4.4
ORD1548,2025-03-10,Chennai,Scooter,57.8,88,No,3.8
ORD1549,2025-03-23,Bengaluru,Bike,7.5,60,No,4.7
ORD1550,2025-03-01,Delhi,Van,22.1,68,No,4.8
ORD1551,2025-03-20,Mumbai,Scooter,17.0,19,No,4.4
ORD1552,2025-03-25,Chennai,Bike,24.5,78,No,4.9
ORD1553,2025-03-05,Bengaluru,Van,32.6,73,No,4.2
ORD1554,2025-03-18,Delhi,Scooter,26.4,114,No,4.5
ORD1555,2025-03-21,Hyderabad,Truck,40.0,99,No,4.3
ORD1556,2025-03-22,Mumbai,Truck,47.8,32,No,4.0
ORD1557,2025-03-17,Pune,Truck,12.2,37,No,4.7
ORD1558,2025-03-04,Hyderabad,Bike,3.0,43,Yes,3.8
ORD1559,2025-03-11,Mumbai,Scooter,56.5,33,Yes,4.5
ORD1560,2025-03-02,Chennai,Van,23.0,65,Yes,4.1
ORD1561,2025-03-21,Pune,Scooter,36.4,46,No,3.4
ORD1562,2025-03-05,Bengaluru,Bike,11.2,37,No,4.9
ORD1563,2025-03-05,Mumbai,Scooter,46.7,58,Yes,4.5
ORD1564,2025-03-17,Chennai,Bike,27.0,36,No,4.7
ORD1565,2025-03-17,Delhi,Truck,40.8,115,No,4.3
ORD1566,2025-03-16,Chennai,Truck,35.6,108,Yes,3.9
ORD1567,2025-03-11,Pune,Van,48.2,73,Yes,3.9
ORD1568,2025-03-14,Hyderabad,Scooter,9.6,54,No,4.3
ORD1569,2025-03-09,Pune,Bike,37.6,115,No,4.2
ORD1570,2025-03-28,Mumbai,Van,55.6,76,No,3.1
ORD1571,2025-03-12,Bengaluru,Van,11.5,31,No,4.5
ORD1572,2025-03-21,Hyderabad,Truck,35.5,11,Yes,4.3
ORD1573,2025-03-07,Delhi,Scooter,57.7,14,No,3.7
ORD1574,2025-03-10,Chennai,Van,8.2,111,Yes,4.7
ORD1575,2025-03-29,Mumbai,Scooter,4.5,86,No,3.3
ORD1576,2025-03-28,Delhi,Scooter,13.0,69,Yes,4.5
ORD1577,2025-03-16,Bengaluru,Van,3.3,35,No,3.4
ORD1578,2025-03-04,Hyderabad,Scooter,35.1,68,No,4.3
ORD1579,2025-03-20,Mumbai,Truck,41.6,78,Yes,4.3
ORD1580,2025-03-13,Delhi,Truck,2.3,117,No,4.7
ORD1581,2025-03-19,Bengaluru,Van,28.0,41,No,4.7
ORD1582,2025-03-18,Chennai,Van,23.6,10,No,4.3
ORD1583,2025-03-11,Bengaluru,Scooter,46.6,79,No,4.4
ORD1584,2025-03-03,Hyderabad,Scooter,47.4,68,Yes,4.3
ORD1585,2025-03-02,Delhi,Truck,44.7,99,Yes,3.7
ORD1586,2025-03-12,Bengaluru,Van,2.1,42,Yes,3.0
ORD1587,2025-03-04,Mumbai,Bike,12.9,22,No,4.3
ORD1588,2025-03-13,Hyderabad,Bike,2.6,70,No,4.0
ORD1589,2025-03-05,Mumbai,Van,59.4,110,No,3.7
ORD1590,2025-03-27,Bengaluru,Van,56.2,62,No,3.3
ORD1591,2025-03-02,Bengaluru,Bike,32.1,73,Yes,3.6
ORD1592,2025-03-18,Hyderabad,Truck,15.0,37,Yes,3.3
ORD1593,2025-03-01,Hyderabad,Scooter,36.6,103,Yes,3.7
ORD1594,2025-03-08,Chennai,Truck,15.9,56,Yes,4.4
ORD1595,2025-03-25,Bengaluru,Truck,26.7,54,No,3.2
ORD1596,2025-03-27,Pune,Bike,51.3,25,No,3.6
ORD1597,2025-03-05,Pune,Scooter,31.4,85,Yes,3.6
ORD1598,2025-03-04,Bengaluru,Van,51.6,119,No,3.2
ORD1599,2025-03-06,Mumbai,Scooter,52.4,112,No,4.1
ORD1600,2025-03-07,Pune,Scooter,33.9,113,Yes,4.1
ORD1601,2025-03-04,Chennai,Scooter,50.9,46,No,3.3
ORD1602,2025-03-03,Mumbai,Scooter,27.6,68,Yes,4.5
ORD1603,2025-03-26,Bengaluru,Scooter,53.0,26,No,4.0
ORD1604,2025-03-09,Mumbai,Truck,10.7,12,Yes,3.4
ORD1605,2025-03-29,Delhi,Scooter,24.8,72,Yes,4.9
ORD1606,2025-03-02,Hyderabad,Truck,55.5,82,No,4.6
ORD1607,2025-03-29,Mumbai,Scooter,13.2,84,No,3.7
ORD1608,2025-03-05,Mumbai,Truck,45.8,89,No,4.4
ORD1609,2025-03-27,Bengaluru,Bike,25.1,54,No,4.3
ORD1610,2025-03-01,Pune,Truck,47.7,105,No,3.5
ORD1611,2025-03-25,Chennai,Van,20.0,62,No,3.4
ORD1612,2025-03-14,Pune,Van,30.3,109,Yes,3.7
ORD1613,2025-03-20,Mumbai,Scooter,7.5,78,Yes,4.4
ORD1614,2025-03-10,Delhi,Scooter,33.1,32,No,3.2
ORD1615,2025-03-22,Bengaluru,Scooter,15.4,66,Yes,3.6
ORD1616,2025-03-06,Chennai,Truck,13.0,114,Yes,4.9
ORD1617,2025-03-02,Mumbai,Van,15.6,35,Yes,5.0
ORD1618,2025-03-08,Hyderabad,Scooter,45.8,90,No,3.7
ORD1619,2025-03-30,Hyderabad,Scooter,30.5,77,No,4.2
ORD1620,2025-03-09,Hyderabad,Scooter,9.8,102,No,3.9
ORD1621,2025-03-23,Bengaluru,Scooter,29.8,37,Yes,3.5
ORD1622,2025-03-21,Hyderabad,Scooter,56.2,41,Yes,4.6
ORD1623,2025-03-08,Chennai,Scooter,54.4,27,No,3.8
ORD1624,2025-03-04,Bengaluru,Truck,10.1,11,Yes,3.2
ORD1625,2025-03-22,Delhi,Scooter,30.5,96,Yes,4.3
ORD1626,2025-03-28,Delhi,Truck,30.8,105,Yes,3.3
ORD1627,2025-03-13,Hyderabad,Van,45.6,51,No,4.4
ORD1628,2025-03-04,Pune,Truck,33.2,55,No,3.5
ORD1629,2025-03-07,Bengaluru,Van,8.0,118,Yes,3.1
ORD1630,2025-03-21,Hyderabad,Van,58.3,49,No,4.3
ORD1631,2025-03-08,Hyderabad,Truck,55.1,105,Yes,4.7
ORD1632,2025-03-20,Pune,Bike,34.1,65,No,3.8
ORD1633,2025-03-01,Delhi,Scooter,20.2,99,Yes,4.8
ORD1634,2025-03-06,Pune,Bike,22.3,98,No,3.7
ORD1635,2025-03-28,Delhi,Truck,42.3,39,No,3.7
ORD1636,2025-03-12,Bengaluru,Truck,5.7,23,Yes,5.0
ORD1637,2025-03-10,Hyderabad,Bike,7.0,58,Yes,3.0
ORD1638,2025-03-20,Bengaluru,Van,52.6,76,Yes,4.4
ORD1639,2025-03-08,Chennai,Bike,28.5,30,Yes,4.5
ORD1640,2025-03-22,Chennai,Van,15.9,43,Yes,4.9
ORD1641,2025-03-06,Pune,Scooter,33.7,58,No,4.4
ORD1642,2025-03-29,Mumbai,Scooter,4.5,53,No,3.4
ORD1643,2025-03-09,Delhi,Scooter,37.0,16,No,4.3
ORD1644,2025-03-12,Bengaluru,Scooter,38.1,54,No,3.4
ORD1645,2025-03-15,Hyderabad,Van,56.7,86,Yes,3.1
ORD1646,2025-03-01,Mumbai,Truck,23.4,10,No,4.9
ORD1647,2025-03-09,Chennai,Truck,43.6,36,No,4.0
ORD1648,2025-03-20,Hyderabad,Bike,2.6,34,Yes,3.1
ORD1649,2025-03-07,Mumbai,Bike,9.8,110,Yes,4.0
ORD1650,2025-03-26,Mumbai,Bike,46.0,78,No,4.8
ORD1651,2025-03-11,Chennai,Scooter,49.9,63,Yes,4.8
ORD1652,2025-03-20,Pune,Bike,50.3,21,Yes,4.9
ORD1653,2025-03-03,Hyderabad,Scooter,47.9,11,Yes,4.8
ORD1654,2025-03-28,Hyderabad,Truck,46.6,12,Yes,3.0
ORD1655,2025-03-24,Mumbai,Scooter,4.2,77,No,3.5
ORD1656,2025-03-01,Pune,Scooter,10.4,12,Yes,3.2
ORD1657,2025-03-20,Pune,Truck,25.4,47,No,4.8
ORD1658,2025-03-27,Delhi,Bike,42.2,91,Yes,3.6
ORD1659,2025-03-15,Delhi,Van,51.1,38,No,3.1
ORD1660,2025-03-01,Delhi,Van,43.4,40,No,4.8
ORD1661,2025-03-20,Mumbai,Bike,9.7,34,Yes,3.6
ORD1662,2025-03-07,Delhi,Truck,59.5,75,Yes,4.1
ORD1663,2025-03-02,Chennai,Scooter,13.6,77,Yes,4.9
ORD1664,2025-03-13,Mumbai,Van,40.8,112,No,5.0
ORD1665,2025-03-28,Pune,Bike,5.3,92,No,3.4
ORD1666,2025-03-26,Delhi,Truck,27.1,112,No,3.7
ORD1667,2025-03-19,Bengaluru,Bike,44.4,43,No,3.7
ORD1668,2025-03-14,Hyderabad,Bike,7.2,89,Yes,3.6
ORD1669,2025-03-10,Mumbai,Van,56.0,100,No,4.2
ORD1670,2025-03-05,Hyderabad,Scooter,19.9,18,Yes,4.2
ORD1671,2025-03-26,Hyderabad,Scooter,14.6,75,No,4.0
ORD1672,2025-03-30,Delhi,Scooter,7.3,34,Yes,4.0
ORD1673,2025-03-28,Bengaluru,Bike,37.3,81,Yes,3.6
ORD1674,2025-03-18,Delhi,Bike,8.9,88,Yes,3.4
ORD1675,2025-03-04,Pune,Truck,51.6,48,Yes,3.9
ORD1676,2025-03-03,Bengaluru,Van,43.8,117,No,3.7
ORD1677,2025-03-21,Bengaluru,Truck,6.7,52,Yes,3.4
ORD1678,2025-03-14,Pune,Scooter,59.8,64,Yes,3.1
ORD1679,2025-03-26,Hyderabad,Bike,55.9,17,No,4.1
ORD1680,2025-03-16,Hyderabad,Bike,59.7,83,Yes,3.8
ORD1681,2025-03-24,Bengaluru,Bike,8.6,17,No,3.7
ORD1682,2025-03-05,Pune,Scooter,14.6,76,No,4.4
ORD1683,2025-03-10,Bengaluru,Van,31.0,77,Yes,4.8
ORD1684,2025-03-05,Bengaluru,Scooter,35.6,15,Yes,3.8
ORD1685,2025-03-18,Hyderabad,Truck,12.8,17,No,3.3
ORD1686,2025-03-19,Pune,Scooter,57.1,80,No,4.3
ORD1687,2025-03-14,Pune,Van,58.5,25,Yes,3.4
ORD1688,2025-03-14,Chennai,Scooter,13.1,48,No,4.7
ORD1689,2025-03-24,Chennai,Bike,29.9,56,No,4.5
ORD1690,2025-03-03,Pune,Van,18.1,74,Yes,3.1
ORD1691,2025-03-04,Mumbai,Van,32.7,33,Yes,3.3
ORD1692,2025-03-10,Chennai,Truck,28.7,91,No,5.0
ORD1693,2025-03-27,Delhi,Truck,29.6,117,Yes,4.9
ORD1694,2025-03-24,Hyderabad,Truck,52.6,26,No,4.1
ORD1695,2025-03-27,Chennai,Bike,58.9,113,No,4.0
ORD1696,2025-03-23,Bengaluru,Truck,6.4,114,Yes,3.8
ORD1697,2025-03-23,Bengaluru,Bike,3.7,103,No,3.5
ORD1698,2025-03-13,Delhi,Scooter,40.3,88,Yes,3.9
ORD1699,2025-03-16,Mumbai,Bike,11.9,117,No,4.4
ORD1700,2025-03-03,Bengaluru,Scooter,2.1,76,Yes,5.0
ORD1701,2025-03-27,Pune,Truck,43.6,73,Yes,4.1
ORD1702,2025-03-20,Chennai,Van,48.7,17,Yes,3.8
ORD1703,2025-03-07,Pune,Bike,36.2,26,Yes,4.4
ORD1704,2025-03-15,Bengaluru,Scooter,30.5,14,No,3.4
ORD1705,2025-03-17,Mumbai,Bike,4.6,23,Yes,3.8
ORD1706,2025-03-30,Delhi,Bike,31.1,51,No,4.4
ORD1707,2025-03-29,Mumbai,Van,38.3,99,Yes,4.7
ORD1708,2025-03-16,Mumbai,Bike,54.0,18,Yes,4.6
ORD1709,2025-03-27,Hyderabad,Van,27.4,100,No,4.4
ORD1710,2025-03-09,Bengaluru,Van,15.4,89,No,4.5
ORD1711,2025-03-01,Pune,Bike,3.6,55,Yes,3.7
ORD1712,2025-03-11,Bengaluru,Van,41.6,57,No,4.2
ORD1713,2025-03-12,Chennai,Van,50.3,117,Yes,3.1
ORD1714,2025-03-14,Mumbai,Van,19.8,119,Yes,4.7
ORD1715,2025-03-08,Delhi,Bike,37.8,118,Yes,4.2
ORD1716,2025-03-07,Bengaluru,Van,40.3,83,Yes,3.7
ORD1717,2025-03-14,Bengaluru,Scooter,3.4,70,Yes,3.4
ORD1718,2025-03-22,Pune,Scooter,16.5,91,Yes,4.9
ORD1719,2025-03-16,Delhi,Truck,42.5,108,Yes,4.0
ORD1720,2025-03-10,Pune,Scooter,60.0,70,Yes,4.1
ORD1721,2025-03-07,Pune,Van,19.4,59,No,3.6
ORD1722,2025-03-22,Hyderabad,Van,55.6,111,Yes,3.6
ORD1723,2025-03-12,Chennai,Scooter,29.9,89,No,4.0
ORD1724,2025-03-19,Bengaluru,Van,8.6,12,Yes,4.7
ORD1725,2025-03-08,Pune,Van,30.5,16,No,5.0
ORD1726,2025-03-29,Bengaluru,Scooter,20.2,21,Yes,4.3
ORD1727,2025-03-02,Chennai,Bike,41.3,41,Yes,4.9
ORD1728,2025-03-10,Chennai,Bike,3.1,105,No,3.5
ORD1729,2025-03-03,Bengaluru,Scooter,44.0,95,No,3.6
ORD1730,2025-03-19,Chennai,Scooter,48.0,36,Yes,4.8
ORD1731,2025-03-29,Chennai,Van,25.7,80,No,4.0
ORD1732,2025-03-15,Delhi,Van,45.2,78,Yes,3.5
ORD1733,2025-03-06,Chennai,Truck,50.9,60,Yes,3.7
ORD1734,2025-03-28,Delhi,Truck,26.3,73,No,4.4
ORD1735,2025-03-23,Mumbai,Truck,40.4,92,No,3.9
ORD1736,2025-03-05,Chennai,Van,35.9,113,Yes,4.0
ORD1737,2025-03-30,Pune,Scooter,47.1,94,No,3.5
ORD1738,2025-03-19,Delhi,Scooter,3.8,65,Yes,3.1
ORD1739,2025-03-29,Mumbai,Bike,42.0,105,No,4.0
ORD1740,2025-03-15,Chennai,Scooter,17.3,92,Yes,4.8
ORD1741,2025-03-30,Chennai,Van,36.6,52,Yes,4.8
ORD1742,2025-03-19,Hyderabad,Bike,49.8,114,No,4.6
ORD1743,2025-03-02,Bengaluru,Scooter,33.1,65,No,3.9
ORD1744,2025-03-13,Pune,Van,40.4,30,Yes,4.9
ORD1745,2025-03-01,Hyderabad,Scooter,49.0,94,No,4.9
ORD1746,2025-03-10,Chennai,Van,4.1,18,No,3.4
ORD1747,2025-03-17,Hyderabad,Scooter,32.9,48,No,3.4
ORD1748,2025-03-03,Hyderabad,Truck,26.8,85,Yes,3.9
ORD1749,2025-03-09,Chennai,Van,46.7,93,Yes,4.9
ORD1750,2025-03-20,Pune,Truck,58.3,35,No,5.0
ORD1751,2025-03-30,Bengaluru,Truck,26.6,42,Yes,3.1
ORD1752,2025-03-11,Pune,Van,17.5,19,No,4.9
ORD1753,2025-03-17,Mumbai,Truck,38.4,50,No,4.1
ORD1754,2025-03-27,Pune,Van,32.8,38,No,4.3
ORD1755,2025-03-28,Chennai,Truck,28.6,21,Yes,3.8
ORD1756,2025-03-25,Chennai,Truck,5.6,108,Yes,3.5
ORD1757,2025-03-25,Delhi,Bike,24.9,35,No,3.1
ORD1758,2025-03-02,Mumbai,Truck,35.3,28,Yes,3.2
ORD1759,2025-03-01,Chennai,Bike,14.0,43,No,3.5
ORD1760,2025-03-06,Bengaluru,Bike,41.0,37,No,4.5
ORD1761,2025-03-25,Mumbai,Van,30.9,58,No,4.2
ORD1762,2025-03-03,Pune,Van,19.5,12,No,4.4
ORD1763,2025-03-16,Delhi,Truck,58.6,65,Yes,3.6
ORD1764,2025-03-04,Mumbai,Truck,26.4,61,Yes,4.4
ORD1765,2025-03-29,Delhi,Scooter,36.6,111,No,3.0
ORD1766,2025-03-15,Chennai,Van,53.3,100,Yes,4.9
ORD1767,2025-03-06,Chennai,Truck,37.4,41,No,3.6
ORD1768,2025-03-12,Mumbai,Van,38.8,89,No,3.9
ORD1769,2025-03-20,Bengaluru,Van,27.9,96,No,4.7
ORD1770,2025-03-25,Hyderabad,Scooter,6.4,82,Yes,3.3
ORD1771,2025-03-07,Mumbai,Van,19.3,24,No,4.7
ORD1772,2025-03-21,Pune,Van,29.5,113,No,3.8
ORD1773,2025-03-07,Hyderabad,Van,27.1,27,No,4.5
ORD1774,2025-03-29,Chennai,Van,44.8,60,Yes,4.4
ORD1775,2025-03-20,Bengaluru,Scooter,23.8,36,No,3.6
ORD1776,2025-03-07,Pune,Van,50.5,37,Yes,4.1
ORD1777,2025-03-03,Mumbai,Scooter,21.7,75,Yes,3.7
ORD1778,2025-03-29,Hyderabad,Bike,50.3,49,Yes,4.6
ORD1779,2025-03-29,Pune,Bike,36.7,47,Yes,4.8
ORD1780,2025-03-07,Mumbai,Scooter,50.8,93,No,3.8
ORD1781,2025-03-06,Mumbai,Van,54.7,83,No,3.0
ORD1782,2025-03-28,Bengaluru,Scooter,57.3,23,No,3.7
ORD1783,2025-03-06,Hyderabad,Bike,47.3,65,Yes,4.8
ORD1784,2025-03-14,Chennai,Truck,46.9,110,No,4.7
ORD1785,2025-03-10,Chennai,Van,7.9,66,No,4.6
ORD1786,2025-03-05,Chennai,Scooter,43.3,15,Yes,3.2
ORD1787,2025-03-23,Delhi,Bike,38.2,85,Yes,4.4
ORD1788,2025-03-14,Delhi,Truck,28.2,81,Yes,3.9
ORD1789,2025-03-22,Bengaluru,Bike,34.3,55,No,3.4
ORD1790,2025-03-28,Hyderabad,Bike,46.5,71,No,4.2
ORD1791,2025-03-18,Hyderabad,Bike,23.1,78,No,4.9
ORD1792,2025-03-04,Delhi,Truck,47.2,33,Yes,4.4
ORD1793,2025-03-14,Delhi,Van,9.0,24,Yes,4.0
ORD1794,2025-03-20,Delhi,Bike,54.2,44,Yes,3.9
ORD1795,2025-03-27,Bengaluru,Truck,16.0,86,Yes,4.6
ORD1796,2025-03-09,Pune,Van,32.9,95,No,3.9
ORD1797,2025-03-26,Pune,Van,26.1,95,No,4.8
ORD1798,2025-03-22,Mumbai,Van,6.5,26,No,4.8
ORD1799,2025-03-14,Mumbai,Scooter,50.1,113,Yes,3.1
ORD1800,2025-03-06,Pune,Scooter,9.5,107,Yes,4.9
ORD1801,2025-03-23,Mumbai,Truck,31.6,119,Yes,4.6
ORD1802,2025-03-17,Hyderabad,Bike,12.9,86,No,4.9
ORD1803,2025-03-26,Pune,Scooter,58.2,70,No,3.0
ORD1804,2025-03-15,Mumbai,Bike,39.4,67,Yes,3.2
ORD1805,2025-03-24,Bengaluru,Truck,16.9,67,Yes,4.5
ORD1806,2025-03-06,Delhi,Scooter,49.5,62,Yes,4.6
ORD1807,2025-03-02,Hyderabad,Scooter,3.9,99,No,3.3
ORD1808,2025-03-06,Pune,Bike,19.5,44,Yes,3.9
ORD1809,2025-03-07,Mumbai,Truck,35.6,113,No,3.6
ORD1810,2025-03-13,Delhi,Bike,15.9,19,Yes,4.7
ORD1811,2025-03-27,Hyderabad,Scooter,48.2,100,Yes,3.4
ORD1812,2025-03-11,Chennai,Bike,52.4,99,Yes,3.7
ORD1813,2025-03-28,Bengaluru,Truck,33.5,54,Yes,4.1
ORD1814,2025-03-23,Bengaluru,Scooter,48.0,111,No,3.3
ORD1815,2025-03-15,Bengaluru,Scooter,53.3,66,Yes,4.9
ORD1816,2025-03-09,Bengaluru,Scooter,5.0,55,Yes,4.0
ORD1817,2025-03-08,Bengaluru,Scooter,32.8,21,No,3.4
ORD1818,2025-03-14,Mumbai,Van,55.8,57,No,5.0
ORD1819,2025-03-06,Mumbai,Van,4.8,82,Yes,4.5
ORD1820,2025-03-16,Chennai,Van,48.9,26,No,3.2
ORD1821,2025-03-28,Hyderabad,Bike,5.0,71,No,3.8
ORD1822,2025-03-11,Mumbai,Truck,36.4,21,Yes,3.3
ORD1823,2025-03-04,Bengaluru,Scooter,59.3,32,No,3.5
ORD1824,2025-03-11,Pune,Truck,26.5,108,Yes,4.6
ORD1825,2025-03-19,Delhi,Van,48.6,80,No,4.4
ORD1826,2025-03-26,Delhi,Truck,35.4,55,No,4.9
ORD1827,2025-03-28,Hyderabad,Van,37.8,28,Yes,3.8
ORD1828,2025-03-26,Chennai,Van,37.0,34,Yes,5.0
ORD1829,2025-03-04,Chennai,Scooter,40.3,52,Yes,4.1
ORD1830,2025-03-30,Mumbai,Van,4.1,61,Yes,4.0
ORD1831,2025-03-15,Chennai,Scooter,32.2,36,No,3.1
ORD1832,2025-03-19,Pune,Van,52.7,100,No,3.5
ORD1833,2025-03-06,Chennai,Bike,13.4,71,Yes,4.6
ORD1834,2025-03-27,Bengaluru,Scooter,7.1,119,Yes,3.0
ORD1835,2025-03-05,Pune,Truck,27.0,102,Yes,3.5
ORD1836,2025-03-18,Pune,Scooter,33.4,60,Yes,4.5
ORD1837,2025-03-06,Delhi,Scooter,25.6,117,No,4.9
ORD1838,2025-03-25,Mumbai,Truck,43.5,22,Yes,3.2
ORD1839,2025-03-04,Chennai,Bike,3.4,46,No,4.6
ORD1840,2025-03-06,Chennai,Van,24.6,46,Yes,3.4
ORD1841,2025-03-09,Delhi,Van,11.0,17,No,3.1
ORD1842,2025-03-05,Hyderabad,Van,6.1,65,No,4.7
ORD1843,2025-03-27,Mumbai,Bike,4.1,39,No,4.4
ORD1844,2025-03-18,Pune,Van,14.9,101,Yes,3.0
ORD1845,2025-03-24,Chennai,Truck,25.9,58,Yes,4.2
ORD1846,2025-03-25,Mumbai,Bike,54.7,69,Yes,4.8
ORD1847,2025-03-02,Pune,Van,8.8,64,No,4.8
ORD1848,2025-03-19,Pune,Bike,52.3,55,No,4.3
ORD1849,2025-03-02,Pune,Scooter,33.6,94,No,3.7
ORD1850,2025-03-15,Mumbai,Bike,40.3,91,No,3.3
ORD1851,2025-03-18,Hyderabad,Scooter,53.5,97,No,3.1
ORD1852,2025-03-08,Chennai,Bike,26.0,51,No,4.7
ORD1853,2025-03-22,Pune,Scooter,24.0,93,No,4.2
ORD1854,2025-03-12,Mumbai,Scooter,56.1,59,Yes,4.1
ORD1855,2025-03-15,Chennai,Scooter,40.2,89,No,5.0
ORD1856,2025-03-17,Pune,Van,44.6,48,Yes,4.0
ORD1857,2025-03-21,Pune,Truck,21.0,36,Yes,4.9
ORD1858,2025-03-02,Pune,Van,42.8,108,No,4.5
ORD1859,2025-03-18,Chennai,Truck,9.1,99,Yes,3.6
ORD1860,2025-03-30,Bengaluru,Bike,14.9,23,Yes,4.9
ORD1861,2025-03-13,Hyderabad,Scooter,45.4,80,No,4.3
ORD1862,2025-03-23,Mumbai,Bike,43.1,73,Yes,4.4
ORD1863,2025-03-15,Pune,Scooter,24.0,34,Yes,3.6
ORD1864,2025-03-23,Mumbai,Van,51.6,44,Yes,3.9
ORD1865,2025-03-01,Chennai,Truck,17.8,73,No,4.7
ORD1866,2025-03-03,Mumbai,Bike,59.2,24,Yes,4.0
ORD1867,2025-03-20,Bengaluru,Van,7.6,52,Yes,4.3
ORD1868,2025-03-24,Bengaluru,Scooter,53.6,90,Yes,4.1
ORD1869,2025-03-29,Delhi,Scooter,21.1,99,Yes,3.6
ORD1870,2025-03-26,Mumbai,Scooter,8.0,103,Yes,3.7
ORD1871,2025-03-15,Mumbai,Truck,58.2,45,No,3.8
ORD1872,2025-03-19,Pune,Bike,17.8,44,Yes,3.8
ORD1873,2025-03-12,Hyderabad,Van,56.5,23,Yes,4.1
ORD1874,2025-03-21,Pune,Bike,48.9,115,No,3.9
ORD1875,2025-03-10,Chennai,Bike,36.9,107,No,3.2
ORD1876,2025-03-15,Hyderabad,Bike,35.8,61,Yes,4.7
ORD1877,2025-03-01,Bengaluru,Truck,14.4,18,No,4.3
ORD1878,2025-03-13,Pune,Bike,51.7,102,Yes,4.9
ORD1879,2025-03-23,Mumbai,Bike,52.1,29,No,4.7
ORD1880,2025-03-10,Pune,Truck,13.4,40,No,3.3
ORD1881,2025-03-19,Mumbai,Scooter,31.6,76,Yes,3.2
ORD1882,2025-03-05,Hyderabad,Van,26.4,109,No,4.2
ORD1883,2025-03-08,Pune,Scooter,9.3,12,No,3.1
ORD1884,2025-03-04,Hyderabad,Van,20.2,52,Yes,4.8
ORD1885,2025-03-17,Pune,Scooter,7.1,63,No,4.3
ORD1886,2025-03-13,Delhi,Van,30.6,87,Yes,4.8
ORD1887,2025-03-06,Pune,Van,27.2,35,No,3.4
ORD1888,2025-03-21,Delhi,Bike,57.2,17,Yes,3.8
ORD1889,2025-03-14,Pune,Truck,23.6,112,Yes,3.2
ORD1890,2025-03-17,Delhi,Van,34.6,66,No,4.1
ORD1891,2025-03-14,Hyderabad,Truck,52.9,103,Yes,3.1
ORD1892,2025-03-19,Chennai,Truck,52.0,26,Yes,4.2
ORD1893,2025-03-20,Pune,Bike,15.8,75,No,3.2
ORD1894,2025-03-18,Hyderabad,Scooter,34.2,65,No,4.3
ORD1895,2025-03-08,Pune,Scooter,47.0,91,No,3.7
ORD1896,2025-03-27,Bengaluru,Bike,23.4,11,Yes,4.4
ORD1897,2025-03-18,Mumbai,Truck,46.7,107,No,3.3
ORD1898,2025-03-15,Chennai,Scooter,25.2,40,No,5.0
ORD1899,2025-03-30,Mumbai,Scooter,34.0,15,No,4.2
ORD1900,2025-03-04,Chennai,Bike,39.9,63,Yes,4.7
ORD1901,2025-03-11,Chennai,Scooter,18.7,26,No,3.7
ORD1902,2025-03-21,Bengaluru,Bike,35.1,13,No,4.4
ORD1903,2025-03-11,Pune,Truck,5.0,93,No,4.6
ORD1904,2025-03-02,Bengaluru,Scooter,16.0,85,No,4.6
ORD1905,2025-03-24,Bengaluru,Van,55.3,119,Yes,3.4
ORD1906,2025-03-21,Mumbai,Scooter,27.3,84,Yes,4.2
ORD1907,2025-03-17,Bengaluru,Bike,57.4,80,Yes,3.7
ORD1908,2025-03-11,Chennai,Van,11.2,117,Yes,3.3
ORD1909,2025-03-19,Mumbai,Bike,30.4,37,Yes,3.1
ORD1910,2025-03-29,Chennai,Bike,34.1,15,Yes,4.8
ORD1911,2025-03-27,Delhi,Van,18.2,77,Yes,4.5
ORD1912,2025-03-24,Pune,Van,54.0,63,Yes,5.0
ORD1913,2025-03-21,Pune,Van,52.5,29,Yes,4.3
ORD1914,2025-03-17,Mumbai,Van,28.5,46,Yes,3.1
ORD1915,2025-03-03,Chennai,Scooter,10.7,14,No,3.7
ORD1916,2025-03-07,Chennai,Van,34.0,37,No,3.9
ORD1917,2025-03-10,Mumbai,Scooter,37.5,80,Yes,4.8
ORD1918,2025-03-03,Delhi,Bike,22.1,113,Yes,3.6
ORD1919,2025-03-21,Mumbai,Scooter,26.5,85,No,3.1
ORD1920,2025-03-13,Bengaluru,Van,35.3,77,Yes,4.6
ORD1921,2025-03-10,Bengaluru,Truck,43.5,92,No,4.7
ORD1922,2025-03-26,Bengaluru,Scooter,5.8,36,Yes,4.8
ORD1923,2025-03-29,Hyderabad,Scooter,3.4,21,Yes,3.9
ORD1924,2025-03-22,Delhi,Bike,18.8,24,No,4.0
ORD1925,2025-03-05,Mumbai,Bike,32.9,95,Yes,5.0
ORD1926,2025-03-27,Hyderabad,Scooter,2.8,113,No,4.2
ORD1927,2025-03-05,Delhi,Van,53.4,13,No,5.0
ORD1928,2025-03-10,Pune,Truck,35.4,103,Yes,3.6
ORD1929,2025-03-11,Chennai,Truck,59.9,15,No,3.3
ORD1930,2025-03-13,Mumbai,Van,53.7,31,No,4.4
ORD1931,2025-03-09,Bengaluru,Van,35.2,106,Yes,4.7
ORD1932,2025-03-02,Delhi,Van,30.6,34,Yes,4.7
ORD1933,2025-03-06,Chennai,Truck,12.4,21,No,4.2
ORD1934,2025-03-08,Delhi,Scooter,50.1,41,Yes,3.9
ORD1935,2025-03-01,Chennai,Scooter,5.6,25,No,4.4
ORD1936,2025-03-27,Delhi,Van,47.3,82,Yes,4.2
ORD1937,2025-03-02,Bengaluru,Bike,50.1,60,No,3.6
ORD1938,2025-03-27,Hyderabad,Truck,50.2,117,Yes,4.3
ORD1939,2025-03-04,Chennai,Van,29.7,15,No,3.8
ORD1940,2025-03-26,Mumbai,Truck,6.5,24,No,3.4
ORD1941,2025-03-19,Mumbai,Van,5.5,36,Yes,4.6
ORD1942,2025-03-25,Delhi,Truck,58.7,98,Yes,3.1
ORD1943,2025-03-19,Hyderabad,Truck,41.2,47,No,4.6
ORD1944,2025-03-21,Chennai,Bike,51.8,34,Yes,3.7
ORD1945,2025-03-29,Hyderabad,Truck,51.2,39,Yes,3.2
ORD1946,2025-03-09,Delhi,Truck,17.7,65,No,3.7
ORD1947,2025-03-19,Chennai,Truck,57.3,29,No,4.0
ORD1948,2025-03-26,Mumbai,Bike,21.4,43,Yes,4.3
ORD1949,2025-03-25,Mumbai,Truck,11.3,80,Yes,4.3
ORD1950,2025-03-08,Chennai,Scooter,27.6,83,Yes,3.5
ORD1951,2025-03-11,Chennai,Truck,59.2,103,Yes,3.4
ORD1952,2025-03-28,Chennai,Van,25.1,116,Yes,4.4
ORD1953,2025-03-29,Mumbai,Truck,32.6,47,No,4.6
ORD1954,2025-03-25,Chennai,Truck,32.5,69,Yes,4.1
ORD1955,2025-03-19,Chennai,Scooter,14.8,31,Yes,4.7
ORD1956,2025-03-04,Hyderabad,Van,38.2,57,Yes,3.1
ORD1957,2025-03-13,Delhi,Truck,28.0,22,Yes,3.9
ORD1958,2025-03-20,Hyderabad,Scooter,28.6,70,Yes,4.8
ORD1959,2025-03-14,Delhi,Scooter,56.7,103,Yes,3.4
ORD1960,2025-03-23,Delhi,Truck,51.0,30,No,3.8
ORD1961,2025-03-01,Pune,Scooter,53.1,84,No,3.8
ORD1962,2025-03-11,Delhi,Truck,51.2,87,Yes,4.0
ORD1963,2025-03-04,Mumbai,Van,31.2,78,No,3.2
ORD1964,2025-03-07,Mumbai,Truck,38.1,117,No,3.4
ORD1965,2025-03-28,Chennai,Scooter,3.5,44,No,3.4
ORD1966,2025-03-04,Hyderabad,Scooter,8.4,60,No,4.3
ORD1967,2025-03-26,Hyderabad,Van,50.0,25,Yes,4.2
ORD1968,2025-03-07,Chennai,Scooter,2.4,70,Yes,4.0
ORD1969,2025-03-20,Hyderabad,Bike,5.8,47,Yes,3.6
ORD1970,2025-03-03,Chennai,Bike,5.1,62,Yes,3.5
ORD1971,2025-03-19,Bengaluru,Bike,12.3,15,Yes,4.1
ORD1972,2025-03-19,Hyderabad,Scooter,49.8,15,No,4.6
ORD1973,2025-03-07,Mumbai,Truck,41.1,89,No,3.2
ORD1974,2025-03-21,Bengaluru,Scooter,21.8,99,Yes,4.2
ORD1975,2025-03-12,Chennai,Truck,34.0,60,Yes,4.2
ORD1976,2025-03-23,Mumbai,Scooter,59.8,71,Yes,4.6
ORD1977,2025-03-01,Hyderabad,Bike,9.6,98,No,3.9
ORD1978,2025-03-05,Delhi,Truck,3.6,75,No,3.0
ORD1979,2025-03-14,Chennai,Bike,51.8,77,No,3.3
ORD1980,2025-03-10,Hyderabad,Scooter,26.2,91,Yes,4.5
ORD1981,2025-03-03,Hyderabad,Van,3.9,106,No,3.2
ORD1982,2025-03-02,Chennai,Bike,41.1,64,No,3.6
ORD1983,2025-03-13,Chennai,Scooter,39.7,39,No,3.8
ORD1984,2025-03-16,Chennai,Scooter,40.2,23,No,4.9
ORD1985,2025-03-23,Hyderabad,Truck,41.1,49,No,3.7
ORD1986,2025-03-02,Bengaluru,Bike,9.0,33,Yes,4.7
ORD1987,2025-03-24,Pune,Scooter,39.3,110,No,4.7
ORD1988,2025-03-13,Delhi,Van,28.1,34,Yes,4.2
ORD1989,2025-03-06,Hyderabad,Bike,22.6,52,No,4.5
ORD1990,2025-03-07,Chennai,Van,33.3,62,No,4.8
ORD1991,2025-03-02,Bengaluru,Scooter,51.4,17,Yes,4.8
ORD1992,2025-03-11,Delhi,Scooter,16.0,21,Yes,4.2
ORD1993,2025-03-07,Bengaluru,Truck,4.5,116,Yes,4.3
ORD1994,2025-03-30,Chennai,Truck,20.7,28,No,4.4
ORD1995,2025-03-07,Delhi,Bike,45.7,92,No,3.7
ORD1996,2025-03-07,Bengaluru,Van,25.0,41,Yes,4.0
ORD1997,2025-03-07,Bengaluru,Truck,38.7,61,Yes,5.0
ORD1998,2025-03-12,Pune,Truck,25.3,48,Yes,3.3
ORD1999,2025-03-19,Bengaluru,Scooter,52.7,45,Yes,4.5
ORD2000,2025-03-22,Pune,Scooter,33.1,116,No,3.1
ORD2001,2025-03-19,Pune,Bike,22.6,104,No,3.5
ORD2002,2025-03-19,Pune,Truck,56.3,80,No,3.2
ORD2003,2025-03-20,Delhi,Scooter,49.2,117,Yes,4.9
ORD2004,2025-03-03,Chennai,Van,51.4,116,No,4.0
ORD2005,2025-03-13,Delhi,Truck,27.0,62,Yes,3.7
ORD2006,2025-03-30,Bengaluru,Bike,19.6,49,No,3.7
ORD2007,2025-03-10,Bengaluru,Van,29.6,102,Yes,4.0
ORD2008,2025-03-20,Chennai,Van,54.9,14,No,3.7
ORD2009,2025-03-09,Mumbai,Truck,5.5,99,Yes,4.3
ORD2010,2025-03-06,Chennai,Van,36.6,36,Yes,4.2
ORD2011,2025-03-21,Delhi,Bike,21.6,112,Yes,3.0
ORD2012,2025-03-22,Bengaluru,Truck,18.3,22,Yes,4.8
ORD2013,2025-03-12,Hyderabad,Scooter,37.8,102,No,3.7
ORD2014,2025-03-02,Bengaluru,Truck,25.4,26,Yes,4.9
ORD2015,2025-03-12,Mumbai,Scooter,19.9,61,No,3.4
ORD2016,2025-03-16,Mumbai,Bike,55.7,49,No,4.9
ORD2017,2025-03-13,Chennai,Bike,43.9,94,Yes,3.8
ORD2018,2025-03-16,Hyderabad,Bike,27.7,68,No,4.2
ORD2019,2025-03-13,Pune,Van,4.7,19,Yes,3.7
ORD2020,2025-03-22,Delhi,Van,30.7,73,Yes,3.4
ORD2021,2025-03-25,Chennai,Scooter,53.2,57,Yes,3.5
ORD2022,2025-03-19,Bengaluru,Bike,38.9,97,No,4.1
ORD2023,2025-03-26,Hyderabad,Bike,42.6,47,No,3.3
ORD2024,2025-03-14,Bengaluru,Scooter,3.5,81,Yes,4.3
ORD2025,2025-03-29,Hyderabad,Bike,12.3,40,No,3.7
ORD2026,2025-03-13,Hyderabad,Scooter,56.5,23,No,4.2
ORD2027,2025-03-10,Hyderabad,Truck,52.5,66,No,3.5
ORD2028,2025-03-22,Delhi,Van,43.7,12,No,3.5
ORD2029,2025-03-07,Pune,Scooter,20.8,106,No,4.9
ORD2030,2025-03-05,Hyderabad,Truck,4.9,62,No,3.3
ORD2031,2025-03-17,Chennai,Van,45.3,32,No,4.0
ORD2032,2025-03-09,Mumbai,Scooter,5.4,104,No,4.2
ORD2033,2025-03-27,Hyderabad,Truck,57.4,34,Yes,4.2
ORD2034,2025-03-06,Pune,Scooter,36.3,104,No,3.5
ORD2035,2025-03-16,Delhi,Van,35.9,36,No,4.1
ORD2036,2025-03-06,Bengaluru,Bike,48.1,67,No,4.2
ORD2037,2025-03-06,Hyderabad,Van,24.9,114,Yes,3.6
ORD2038,2025-03-28,Mumbai,Scooter,25.5,23,No,4.5
ORD2039,2025-03-18,Delhi,Van,3.3,80,Yes,4.6
ORD2040,2025-03-01,Delhi,Bike,59.4,111,No,3.6
ORD2041,2025-03-17,Bengaluru,Van,23.6,77,No,3.9
ORD2042,2025-03-17,Hyderabad,Truck,50.2,26,Yes,4.3
ORD2043,2025-03-01,Pune,Truck,14.6,23,Yes,4.6
ORD2044,2025-03-11,Chennai,Van,58.8,20,No,3.6
ORD2045,2025-03-13,Hyderabad,Truck,33.7,90,No,4.1
ORD2046,2025-03-30,Delhi,Van,35.2,31,Yes,3.6
ORD2047,2025-03-01,Hyderabad,Truck,15.6,94,Yes,4.4
ORD2048,2025-03-30,Chennai,Scooter,21.3,90,No,3.6
ORD2049,2025-03-27,Chennai,Bike,3.1,118,No,4.6
ORD2050,2025-03-08,Delhi,Truck,8.2,46,Yes,3.2
ORD2051,2025-03-23,Mumbai,Bike,2.4,61,Yes,3.3
ORD2052,2025-03-20,Pune,Truck,9.2,59,Yes,4.2
ORD2053,2025-03-06,Delhi,Bike,58.8,26,No,3.6
ORD2054,2025-03-05,Pune,Bike,38.6,44,Yes,3.2
ORD2055,2025-03-20,Chennai,Truck,51.9,115,Yes,4.3
ORD2056,2025-03-05,Chennai,Bike,3.6,81,Yes,4.2
ORD2057,2025-03-06,Hyderabad,Truck,11.6,105,No,3.6
ORD2058,2025-03-29,Pune,Bike,23.6,116,Yes,4.9
ORD2059,2025-03-13,Pune,Van,2.6,49,Yes,4.4
ORD2060,2025-03-27,Bengaluru,Van,35.3,20,Yes,4.7
ORD2061,2025-03-18,Chennai,Truck,7.3,92,No,4.0
ORD2062,2025-03-20,Mumbai,Scooter,44.6,37,No,3.9
ORD2063,2025-03-13,Pune,Scooter,30.6,113,No,3.7
ORD2064,2025-03-07,Delhi,Van,34.5,10,No,3.5
ORD2065,2025-03-08,Chennai,Van,48.1,62,No,3.9
ORD2066,2025-03-21,Hyderabad,Bike,29.7,83,No,3.9
ORD2067,2025-03-17,Hyderabad,Truck,46.0,92,Yes,3.4
ORD2068,2025-03-30,Bengaluru,Van,4.6,15,No,3.2
ORD2069,2025-03-01,Delhi,Scooter,45.0,94,Yes,3.9
ORD2070,2025-03-24,Chennai,Truck,2.3,21,Yes,3.9
ORD2071,2025-03-16,Bengaluru,Truck,32.5,10,Yes,3.7
ORD2072,2025-03-11,Mumbai,Scooter,31.6,19,Yes,4.8
ORD2073,2025-03-29,Chennai,Van,3.5,51,No,4.3
ORD2074,2025-03-04,Bengaluru,Truck,11.6,18,Yes,3.8
ORD2075,2025-03-30,Pune,Truck,34.8,79,Yes,4.9
ORD2076,2025-03-04,Pune,Bike,36.5,35,Yes,3.8
ORD2077,2025-03-17,Pune,Bike,20.4,117,Yes,4.1
ORD2078,2025-03-17,Mumbai,Scooter,28.8,47,No,3.9
ORD2079,2025-03-10,Hyderabad,Bike,5.7,102,Yes,3.2
ORD2080,2025-03-21,Delhi,Scooter,43.7,72,No,3.9
ORD2081,2025-03-21,Delhi,Van,51.5,91,Yes,4.6
ORD2082,2025-03-06,Mumbai,Van,13.0,54,Yes,3.4
ORD2083,2025-03-25,Chennai,Truck,18.0,19,No,3.7
ORD2084,2025-03-25,Delhi,Truck,5.3,89,Yes,3.5
ORD2085,2025-03-17,Delhi,Bike,9.8,80,No,3.2
ORD2086,2025-03-18,Mumbai,Truck,25.5,69,No,3.8
ORD2087,2025-03-22,Mumbai,Scooter,48.5,20,Yes,4.8
ORD2088,2025-03-26,Pune,Scooter,29.8,21,No,3.7
ORD2089,2025-03-10,Hyderabad,Van,12.7,16,No,4.9
ORD2090,2025-03-13,Mumbai,Scooter,51.5,29,No,4.7
ORD2091,2025-03-16,Mumbai,Scooter,37.0,105,No,4.6
ORD2092,2025-03-07,Bengaluru,Van,6.2,97,Yes,4.1
ORD2093,2025-03-15,Chennai,Van,42.9,13,Yes,4.5
ORD2094,2025-03-02,Bengaluru,Bike,54.1,117,No,4.6
ORD2095,2025-03-05,Mumbai,Van,17.4,60,Yes,3.5
ORD2096,2025-03-17,Hyderabad,Scooter,19.6,15,No,4.4
ORD2097,2025-03-05,Chennai,Bike,18.6,44,No,4.1
ORD2098,2025-03-08,Bengaluru,Van,45.8,117,Yes,4.0
ORD2099,2025-03-24,Bengaluru,Scooter,55.2,102,No,4.1
ORD2100,2025-03-28,Chennai,Truck,4.3,26,Yes,3.3
ORD2101,2025-03-15,Pune,Truck,8.3,54,No,3.2
ORD2102,2025-03-08,Mumbai,Bike,10.9,17,No,4.4
ORD2103,2025-03-30,Chennai,Scooter,23.3,110,Yes,3.2
ORD2104,2025-03-23,Bengaluru,Scooter,18.4,88,Yes,4.3
ORD2105,2025-03-03,Delhi,Truck,33.1,59,No,4.3
ORD2106,2025-03-23,Chennai,Scooter,7.9,15,Yes,3.3
ORD2107,2025-03-17,Hyderabad,Bike,50.8,96,No,3.7
ORD2108,2025-03-28,Bengaluru,Truck,39.5,34,No,4.2
ORD2109,2025-03-16,Pune,Scooter,58.7,63,Yes,3.2
ORD2110,2025-03-16,Bengaluru,Truck,49.3,109,Yes,4.2
ORD2111,2025-03-19,Delhi,Truck,8.1,23,No,4.2
ORD2112,2025-03-12,Delhi,Scooter,26.1,109,Yes,4.3
ORD2113,2025-03-24,Delhi,Van,22.3,16,No,4.8
ORD2114,2025-03-15,Delhi,Van,17.5,18,Yes,3.6
ORD2115,2025-03-08,Mumbai,Van,5.4,13,No,4.9
ORD2116,2025-03-27,Pune,Truck,3.1,70,No,4.1
ORD2117,2025-03-03,Chennai,Scooter,25.0,48,Yes,4.1
ORD2118,2025-03-23,Hyderabad,Van,13.7,56,Yes,3.4
ORD2119,2025-03-18,Hyderabad,Bike,40.9,119,Yes,3.7
ORD2120,2025-03-04,Bengaluru,Bike,36.0,11,No,3.7
ORD2121,2025-03-08,Mumbai,Bike,39.9,32,Yes,4.4
ORD2122,2025-03-14,Bengaluru,Van,10.6,59,Yes,4.4
ORD2123,2025-03-28,Hyderabad,Scooter,34.3,44,No,3.9
ORD2124,2025-03-17,Chennai,Van,10.2,23,No,4.1
ORD2125,2025-03-06,Mumbai,Bike,21.2,89,No,3.7
ORD2126,2025-03-05,Mumbai,Van,6.8,61,No,3.1
ORD2127,2025-03-22,Hyderabad,Bike,36.9,95,No,3.6
ORD2128,2025-03-14,Bengaluru,Van,45.4,25,Yes,3.7
ORD2129,2025-03-06,Chennai,Bike,59.7,15,No,3.2
ORD2130,2025-03-20,Mumbai,Scooter,7.5,71,Yes,3.7
ORD2131,2025-03-12,Bengaluru,Scooter,47.7,38,No,5.0
ORD2132,2025-03-09,Mumbai,Bike,35.9,96,No,4.8
ORD2133,2025-03-01,Pune,Scooter,4.8,13,No,4.5
ORD2134,2025-03-18,Bengaluru,Scooter,15.2,112,Yes,3.5
ORD2135,2025-03-06,Delhi,Scooter,24.8,63,No,4.0
ORD2136,2025-03-29,Bengaluru,Van,8.2,90,No,3.1
ORD2137,2025-03-05,Hyderabad,Bike,49.7,61,No,4.7
ORD2138,2025-03-02,Chennai,Scooter,37.1,68,No,4.5
ORD2139,2025-03-30,Mumbai,Van,39.2,10,No,4.3
ORD2140,2025-03-30,Bengaluru,Scooter,50.6,20,No,3.1
ORD2141,2025-03-06,Hyderabad,Bike,22.8,97,No,4.9
ORD2142,2025-03-17,Chennai,Van,2.2,40,No,4.2
ORD2143,2025-03-07,Pune,Scooter,37.9,92,No,3.2
ORD2144,2025-03-25,Bengaluru,Van,55.7,15,Yes,4.5
ORD2145,2025-03-09,Bengaluru,Van,47.1,62,Yes,4.9
ORD2146,2025-03-23,Mumbai,Truck,37.2,18,No,3.7
ORD2147,2025-03-20,Delhi,Bike,18.4,24,Yes,3.2
ORD2148,2025-03-05,Mumbai,Truck,18.5,38,No,3.2
ORD2149,2025-03-21,Delhi,Bike,46.3,24,Yes,4.8
ORD2150,2025-03-11,Chennai,Scooter,35.4,67,Yes,3.3
ORD2151,2025-03-11,Mumbai,Bike,8.4,30,No,3.9
ORD2152,2025-03-28,Hyderabad,Van,38.0,23,No,4.4
ORD2153,2025-03-04,Hyderabad,Scooter,28.6,24,No,3.3
ORD2154,2025-03-23,Pune,Bike,46.6,79,No,3.7
ORD2155,2025-03-29,Hyderabad,Scooter,20.0,107,Yes,3.7
ORD2156,2025-03-06,Hyderabad,Van,31.7,49,Yes,5.0
ORD2157,2025-03-27,Delhi,Truck,56.0,31,Yes,3.2
ORD2158,2025-03-30,Bengaluru,Van,35.5,45,Yes,3.1
ORD2159,2025-03-10,Chennai,Bike,54.1,32,Yes,3.7
ORD2160,2025-03-09,Pune,Van,31.9,107,Yes,4.2
ORD2161,2025-03-29,Hyderabad,Scooter,43.9,49,Yes,3.7
ORD2162,2025-03-18,Chennai,Scooter,59.7,115,Yes,4.3
ORD2163,2025-03-20,Mumbai,Van,17.9,10,No,5.0
ORD2164,2025-03-09,Delhi,Bike,17.9,45,No,4.3
ORD2165,2025-03-28,Delhi,Truck,45.4,11,Yes,4.8
ORD2166,2025-03-11,Delhi,Truck,34.8,91,No,3.4
ORD2167,2025-03-30,Bengaluru,Van,34.5,16,Yes,3.2
ORD2168,2025-03-02,Bengaluru,Truck,5.0,59,No,4.0
ORD2169,2025-03-15,Delhi,Bike,39.6,80,No,3.4
ORD2170,2025-03-06,Bengaluru,Van,17.7,44,No,4.5
ORD2171,2025-03-25,Chennai,Van,36.8,28,Yes,4.1
ORD2172,2025-03-17,Chennai,Bike,8.9,46,Yes,4.2
ORD2173,2025-03-04,Chennai,Van,7.9,90,No,3.8
ORD2174,2025-03-08,Chennai,Van,34.8,39,Yes,4.0
ORD2175,2025-03-30,Pune,Truck,21.0,18,Yes,3.5
ORD2176,2025-03-29,Mumbai,Van,35.8,114,Yes,4.9
ORD2177,2025-03-02,Mumbai,Van,19.5,53,No,3.1
ORD2178,2025-03-24,Delhi,Truck,42.1,42,No,3.7
ORD2179,2025-03-09,Pune,Truck,33.5,44,No,4.7
ORD2180,2025-03-01,Hyderabad,Scooter,36.7,27,No,3.0
ORD2181,2025-03-24,Pune,Van,16.3,69,Yes,3.9
ORD2182,2025-03-06,Pune,Truck,46.5,79,Yes,3.9
ORD2183,2025-03-16,Bengaluru,Van,12.4,19,Yes,3.9
ORD2184,2025-03-27,Bengaluru,Truck,47.5,20,No,3.6
ORD2185,2025-03-26,Pune,Truck,44.2,54,No,3.7
ORD2186,2025-03-26,Delhi,Van,5.0,115,No,4.6
ORD2187,2025-03-07,Bengaluru,Truck,50.2,115,No,4.6
ORD2188,2025-03-25,Chennai,Scooter,15.1,90,Yes,3.9
ORD2189,2025-03-24,Bengaluru,Scooter,41.5,98,No,4.8
ORD2190,2025-03-16,Pune,Bike,12.9,34,Yes,3.5
ORD2191,2025-03-06,Delhi,Scooter,31.1,96,Yes,3.8
ORD2192,2025-03-10,Bengaluru,Scooter,10.1,78,No,3.4
ORD2193,2025-03-18,Delhi,Scooter,12.0,16,No,3.4
ORD2194,2025-03-17,Bengaluru,Scooter,58.6,30,No,3.5
ORD2195,2025-03-17,Chennai,Truck,52.4,74,Yes,3.4
ORD2196,2025-03-12,Hyderabad,Scooter,44.5,58,No,4.0
ORD2197,2025-03-15,Mumbai,Bike,48.1,64,No,4.9
ORD2198,2025-03-06,Pune,Truck,44.5,85,No,3.3
ORD2199,2025-03-23,Mumbai,Van,5.7,113,No,4.2
ORD2200,2025-03-20,Chennai,Van,41.9,23,No,4.4
ORD2201,2025-03-16,Bengaluru,Truck,48.4,105,Yes,3.5
ORD2202,2025-03-23,Delhi,Truck,29.6,27,No,4.5
ORD2203,2025-03-14,Pune,Scooter,50.2,81,Yes,4.5
ORD2204,2025-03-12,Pune,Truck,39.3,73,No,4.7
ORD2205,2025-03-12,Bengaluru,Truck,45.0,69,No,4.3
ORD2206,2025-03-02,Chennai,Van,32.3,84,No,3.8
ORD2207,2025-03-08,Delhi,Truck,55.7,70,Yes,4.4
ORD2208,2025-03-24,Hyderabad,Bike,39.6,12,No,4.0
ORD2209,2025-03-27,Delhi,Scooter,45.3,108,Yes,3.5
ORD2210,2025-03-17,Mumbai,Truck,16.3,93,No,4.5
ORD2211,2025-03-08,Bengaluru,Van,43.5,24,No,4.6
ORD2212,2025-03-16,Hyderabad,Bike,43.2,92,No,4.4
ORD2213,2025-03-23,Pune,Bike,12.0,39,No,4.0
ORD2214,2025-03-01,Hyderabad,Truck,8.0,73,No,4.9
ORD2215,2025-03-05,Delhi,Truck,14.2,42,Yes,5.0
ORD2216,2025-03-19,Mumbai,Truck,42.0,84,No,4.3
ORD2217,2025-03-24,Mumbai,Scooter,14.3,98,Yes,3.1
ORD2218,2025-03-22,Mumbai,Van,20.1,47,Yes,4.2
ORD2219,2025-03-03,Hyderabad,Truck,45.6,98,No,4.8
ORD2220,2025-03-09,Delhi,Bike,48.8,60,Yes,4.6
ORD2221,2025-03-11,Hyderabad,Truck,50.4,46,Yes,4.8
ORD2222,2025-03-06,Mumbai,Bike,48.5,96,No,4.9
ORD2223,2025-03-07,Mumbai,Truck,9.5,32,No,3.5
ORD2224,2025-03-07,Delhi,Bike,49.9,27,Yes,4.3
ORD2225,2025-03-05,Mumbai,Bike,10.4,91,No,4.5
ORD2226,2025-03-02,Hyderabad,Scooter,15.7,69,No,3.1
ORD2227,2025-03-22,Delhi,Truck,48.0,20,No,4.8
ORD2228,2025-03-28,Hyderabad,Truck,21.1,36,No,3.5
ORD2229,2025-03-05,Chennai,Truck,48.3,38,Yes,3.3
ORD2230,2025-03-06,Chennai,Scooter,38.5,25,Yes,4.5
ORD2231,2025-03-06,Hyderabad,Bike,32.1,60,No,3.8
ORD2232,2025-03-07,Bengaluru,Bike,34.3,84,No,3.9
ORD2233,2025-03-04,Mumbai,Bike,42.0,26,Yes,4.0
ORD2234,2025-03-25,Chennai,Truck,59.0,74,No,3.5
ORD2235,2025-03-18,Hyderabad,Van,57.9,96,Yes,4.2
ORD2236,2025-03-16,Delhi,Truck,11.1,56,No,3.9
ORD2237,2025-03-21,Hyderabad,Bike,45.0,105,Yes,4.8
ORD2238,2025-03-19,Chennai,Van,53.8,40,No,4.8
ORD2239,2025-03-10,Mumbai,Truck,56.3,56,Yes,3.4
ORD2240,2025-03-24,Hyderabad,Bike,58.2,17,Yes,4.7
ORD2241,2025-03-05,Chennai,Bike,46.7,90,No,4.8
ORD2242,2025-03-18,Hyderabad,Truck,27.2,33,No,3.1
ORD2243,2025-03-25,Hyderabad,Truck,42.4,84,Yes,3.8
ORD2244,2025-03-03,Chennai,Bike,44.0,74,Yes,3.5
ORD2245,2025-03-20,Bengaluru,Bike,22.8,113,Yes,3.1
ORD2246,2025-03-04,Delhi,Truck,40.1,13,Yes,4.1
ORD2247,2025-03-14,Delhi,Bike,43.3,112,No,3.8
ORD2248,2025-03-12,Delhi,Scooter,13.9,16,No,4.3
ORD2249,2025-03-14,Pune,Bike,33.6,18,Yes,3.6
ORD2250,2025-03-05,Chennai,Bike,51.2,75,No,3.5
ORD2251,2025-03-18,Bengaluru,Scooter,40.6,96,Yes,4.1
ORD2252,2025-03-27,Pune,Van,46.7,74,No,3.7
ORD2253,2025-03-07,Mumbai,Truck,55.1,17,No,3.3
ORD2254,2025-03-16,Pune,Van,2.5,49,No,4.0
ORD2255,2025-03-03,Pune,Truck,15.3,23,Yes,4.7
ORD2256,2025-03-22,Mumbai,Bike,15.2,38,Yes,4.7
ORD2257,2025-03-21,Mumbai,Van,46.1,115,Yes,3.1
ORD2258,2025-03-11,Bengaluru,Van,49.5,91,Yes,4.0
ORD2259,2025-03-27,Mumbai,Scooter,34.1,104,Yes,3.7
ORD2260,2025-03-26,Chennai,Scooter,11.1,13,No,4.2
ORD2261,2025-03-18,Hyderabad,Van,19.5,76,No,3.9
ORD2262,2025-03-06,Mumbai,Bike,26.1,29,Yes,3.4
ORD2263,2025-03-26,Hyderabad,Truck,53.1,78,No,3.4
ORD2264,2025-03-21,Bengaluru,Truck,37.0,109,No,3.0
ORD2265,2025-03-22,Pune,Bike,37.4,54,No,3.9
ORD2266,2025-03-24,Delhi,Scooter,11.6,83,No,5.0
ORD2267,2025-03-05,Hyderabad,Bike,58.6,33,No,4.0
ORD2268,2025-03-05,Hyderabad,Van,19.9,105,Yes,5.0
ORD2269,2025-03-16,Mumbai,Bike,47.8,12,Yes,3.9
ORD2270,2025-03-03,Hyderabad,Van,17.5,85,Yes,4.6
ORD2271,2025-03-12,Mumbai,Truck,47.8,76,No,4.2
ORD2272,2025-03-03,Delhi,Scooter,38.4,32,Yes,4.5
ORD2273,2025-03-02,Hyderabad,Scooter,16.8,75,Yes,4.4
ORD2274,2025-03-15,Delhi,Scooter,53.2,79,No,3.5
ORD2275,2025-03-20,Delhi,Scooter,35.2,63,Yes,3.9
ORD2276,2025-03-17,Mumbai,Scooter,42.6,36,Yes,3.9
ORD2277,2025-03-12,Pune,Bike,28.2,50,Yes,3.2
ORD2278,2025-03-02,Pune,Bike,59.7,16,Yes,3.6
ORD2279,2025-03-26,Delhi,Bike,42.2,23,Yes,3.7
ORD2280,2025-03-02,Hyderabad,Bike,19.7,62,Yes,3.1
ORD2281,2025-03-14,Hyderabad,Bike,12.1,63,No,3.9
ORD2282,2025-03-07,Mumbai,Scooter,2.7,119,No,4.2
ORD2283,2025-03-26,Delhi,Truck,6.8,15,No,4.3
ORD2284,2025-03-25,Delhi,Bike,7.0,68,No,3.2
ORD2285,2025-03-14,Delhi,Van,14.4,48,Yes,3.1
ORD2286,2025-03-07,Pune,Van,53.4,83,No,4.3
ORD2287,2025-03-20,Delhi,Van,37.0,79,Yes,3.5
ORD2288,2025-03-17,Chennai,Scooter,9.6,96,No,4.1
ORD2289,2025-03-24,Mumbai,Truck,23.3,36,No,4.0
ORD2290,2025-03-27,Bengaluru,Truck,8.9,56,Yes,4.1
ORD2291,2025-03-04,Bengaluru,Van,31.6,17,Yes,4.8
ORD2292,2025-03-27,Chennai,Truck,13.4,40,Yes,4.6
ORD2293,2025-03-15,Delhi,Truck,58.6,112,No,4.3
ORD2294,2025-03-27,Hyderabad,Bike,31.1,16,No,3.2
ORD2295,2025-03-30,Delhi,Truck,19.2,49,No,3.4
ORD2296,2025-03-03,Pune,Scooter,44.8,30,No,3.9
ORD2297,2025-03-06,Delhi,Bike,8.7,58,No,4.0
ORD2298,2025-03-26,Bengaluru,Bike,48.7,100,Yes,3.7
ORD2299,2025-03-08,Chennai,Van,16.1,75,No,3.5
ORD2300,2025-03-16,Mumbai,Bike,10.2,46,No,4.7
ORD2301,2025-03-15,Pune,Scooter,12.5,14,Yes,4.0
ORD2302,2025-03-04,Pune,Scooter,35.8,39,Yes,3.8
ORD2303,2025-03-21,Delhi,Bike,53.0,97,Yes,3.5
ORD2304,2025-03-08,Mumbai,Bike,28.5,107,No,4.4
ORD2305,2025-03-23,Mumbai,Van,29.4,105,No,4.2
ORD2306,2025-03-08,Chennai,Bike,18.2,92,No,3.3
ORD2307,2025-03-20,Hyderabad,Truck,20.0,29,No,3.6
ORD2308,2025-03-07,Delhi,Scooter,59.6,13,Yes,4.9
ORD2309,2025-03-26,Bengaluru,Scooter,18.1,59,Yes,4.5
ORD2310,2025-03-20,Bengaluru,Van,56.4,77,No,4.0
ORD2311,2025-03-30,Pune,Van,20.7,22,Yes,4.6
ORD2312,2025-03-24,Pune,Van,44.0,51,No,3.4
ORD2313,2025-03-18,Bengaluru,Van,17.0,85,Yes,4.8
ORD2314,2025-03-12,Mumbai,Bike,18.1,42,Yes,4.1
ORD2315,2025-03-04,Hyderabad,Truck,55.7,61,Yes,4.8
ORD2316,2025-03-14,Hyderabad,Truck,48.3,31,Yes,3.0
ORD2317,2025-03-27,Chennai,Scooter,52.8,106,No,3.2
ORD2318,2025-03-24,Mumbai,Truck,38.3,18,Yes,3.3
ORD2319,2025-03-25,Pune,Van,25.9,105,Yes,4.5
ORD2320,2025-03-28,Hyderabad,Bike,50.2,102,No,3.8
ORD2321,2025-03-29,Bengaluru,Truck,5.6,74,No,3.9
ORD2322,2025-03-25,Bengaluru,Van,3.9,14,No,4.2
ORD2323,2025-03-05,Bengaluru,Van,42.2,37,No,4.8
ORD2324,2025-03-22,Hyderabad,Scooter,7.3,56,Yes,4.1
ORD2325,2025-03-20,Bengaluru,Truck,3.8,21,No,3.1
ORD2326,2025-03-23,Hyderabad,Truck,50.5,99,Yes,4.2
ORD2327,2025-03-26,Hyderabad,Bike,16.8,93,No,4.5
ORD2328,2025-03-30,Delhi,Truck,37.7,18,Yes,4.8
ORD2329,2025-03-07,Bengaluru,Van,59.8,114,No,3.1
ORD2330,2025-03-12,Hyderabad,Scooter,17.2,13,No,4.4
ORD2331,2025-03-15,Hyderabad,Truck,54.1,94,No,3.3
ORD2332,2025-03-19,Bengaluru,Van,26.3,19,No,3.4
ORD2333,2025-03-26,Bengaluru,Bike,46.2,96,No,4.2
ORD2334,2025-03-13,Bengaluru,Van,54.5,45,Yes,3.4
ORD2335,2025-03-04,Chennai,Truck,10.6,15,No,3.4
ORD2336,2025-03-06,Bengaluru,Van,54.5,95,Yes,3.6
ORD2337,2025-03-08,Delhi,Van,26.3,106,No,3.1
ORD2338,2025-03-30,Mumbai,Bike,50.9,70,No,3.1
ORD2339,2025-03-15,Hyderabad,Van,22.8,29,Yes,3.4
ORD2340,2025-03-12,Bengaluru,Truck,52.3,100,Yes,4.0
ORD2341,2025-03-10,Chennai,Van,42.2,30,No,4.7
ORD2342,2025-03-12,Hyderabad,Van,52.9,56,No,4.9
ORD2343,2025-03-17,Hyderabad,Scooter,11.6,94,Yes,4.3
ORD2344,2025-03-29,Delhi,Bike,58.1,73,No,3.7
ORD2345,2025-03-28,Pune,Truck,14.3,25,Yes,3.5
ORD2346,2025-03-08,Chennai,Bike,15.3,98,Yes,3.6
ORD2347,2025-03-28,Hyderabad,Truck,15.1,31,Yes,3.9
ORD2348,2025-03-02,Delhi,Bike,28.2,94,No,4.1
ORD2349,2025-03-19,Chennai,Bike,53.8,112,No,4.1
ORD2350,2025-03-22,Pune,Scooter,22.2,87,Yes,3.2
ORD2351,2025-03-29,Pune,Van,12.3,88,No,3.7
ORD2352,2025-03-01,Chennai,Van,4.5,93,No,3.9
ORD2353,2025-03-22,Bengaluru,Scooter,53.6,17,Yes,4.0
ORD2354,2025-03-25,Chennai,Scooter,50.5,35,No,3.4
ORD2355,2025-03-10,Delhi,Van,12.1,80,No,4.6
ORD2356,2025-03-09,Chennai,Scooter,42.4,50,No,4.5
ORD2357,2025-03-19,Chennai,Scooter,12.9,91,No,4.4
ORD2358,2025-03-12,Pune,Van,10.1,57,No,3.9
ORD2359,2025-03-29,Chennai,Van,53.4,65,No,3.8
ORD2360,2025-03-22,Pune,Van,40.1,89,Yes,4.7
ORD2361,2025-03-20,Pune,Van,56.6,37,No,3.3
ORD2362,2025-03-18,Bengaluru,Scooter,10.0,91,Yes,4.6
ORD2363,2025-03-24,Hyderabad,Van,55.5,79,No,4.0
ORD2364,2025-03-16,Chennai,Van,52.8,18,No,4.6
ORD2365,2025-03-04,Mumbai,Scooter,19.8,90,Yes,3.1
ORD2366,2025-03-11,Pune,Van,41.3,92,Yes,3.9
ORD2367,2025-03-25,Pune,Truck,43.9,49,No,4.3
ORD2368,2025-03-22,Hyderabad,Van,47.2,77,No,4.9
ORD2369,2025-03-29,Mumbai,Truck,57.3,18,No,3.5
ORD2370,2025-03-27,Pune,Truck,22.6,24,Yes,3.6
ORD2371,2025-03-22,Chennai,Bike,48.8,76,Yes,4.5
ORD2372,2025-03-15,Bengaluru,Truck,35.7,98,Yes,3.6
ORD2373,2025-03-16,Delhi,Truck,51.1,55,Yes,4.5
ORD2374,2025-03-02,Pune,Bike,29.1,72,Yes,4.6
ORD2375,2025-03-13,Pune,Truck,19.4,81,No,4.0
ORD2376,2025-03-12,Pune,Bike,57.9,21,Yes,4.2
ORD2377,2025-03-26,Hyderabad,Truck,11.3,110,No,4.4
ORD2378,2025-03-08,Chennai,Van,4.2,95,No,3.9
ORD2379,2025-03-12,Mumbai,Truck,53.3,48,Yes,4.5
ORD2380,2025-03-27,Chennai,Truck,7.9,114,No,3.1
ORD2381,2025-03-14,Delhi,Bike,47.1,14,Yes,4.1
ORD2382,2025-03-03,Chennai,Truck,12.8,50,No,4.9
ORD2383,2025-03-02,Mumbai,Bike,33.1,119,No,4.1
ORD2384,2025-03-17,Mumbai,Bike,21.9,112,No,4.3
ORD2385,2025-03-02,Chennai,Scooter,7.3,62,No,4.1
ORD2386,2025-03-17,Chennai,Scooter,52.2,49,Yes,4.0
ORD2387,2025-03-02,Hyderabad,Bike,19.4,45,Yes,3.2
ORD2388,2025-03-02,Bengaluru,Truck,31.1,28,No,4.9
ORD2389,2025-03-13,Pune,Scooter,25.1,109,Yes,4.0
ORD2390,2025-03-07,Delhi,Van,21.1,54,Yes,3.9
ORD2391,2025-03-09,Bengaluru,Scooter,15.3,60,No,3.8
ORD2392,2025-03-09,Chennai,Bike,8.9,104,Yes,4.1
ORD2393,2025-03-14,Bengaluru,Bike,7.3,96,Yes,3.2
ORD2394,2025-03-11,Pune,Truck,55.2,41,No,3.0
ORD2395,2025-03-20,Delhi,Scooter,16.9,33,Yes,4.3
ORD2396,2025-03-19,Bengaluru,Bike,8.2,14,Yes,3.4
ORD2397,2025-03-01,Delhi,Scooter,2.6,26,No,4.4
ORD2398,2025-03-24,Mumbai,Scooter,14.8,30,Yes,3.1
ORD2399,2025-03-05,Mumbai,Scooter,45.1,14,No,4.6
ORD2400,2025-03-23,Chennai,Van,24.9,119,No,4.4
ORD2401,2025-03-01,Bengaluru,Truck,56.9,88,No,3.0
ORD2402,2025-03-06,Pune,Bike,31.0,10,No,3.9
ORD2403,2025-03-16,Pune,Van,47.3,32,Yes,4.8
ORD2404,2025-03-20,Mumbai,Truck,53.7,63,Yes,4.9
ORD2405,2025-03-16,Pune,Van,2.9,40,No,3.9
ORD2406,2025-03-20,Bengaluru,Truck,13.7,77,Yes,4.8
ORD2407,2025-03-26,Pune,Scooter,43.6,84,No,3.6
ORD2408,2025-03-13,Mumbai,Bike,54.1,58,No,4.7
ORD2409,2025-03-14,Chennai,Bike,4.5,95,No,3.3
ORD2410,2025-03-11,Mumbai,Van,17.6,108,Yes,4.8
ORD2411,2025-03-21,Mumbai,Truck,45.8,26,No,4.5
ORD2412,2025-03-10,Delhi,Scooter,28.1,65,Yes,4.3
ORD2413,2025-03-17,Chennai,Truck,6.8,21,No,4.5
ORD2414,2025-03-07,Hyderabad,Scooter,24.8,116,Yes,3.1
ORD2415,2025-03-22,Bengaluru,Van,32.9,18,Yes,3.9
ORD2416,2025-03-04,Hyderabad,Truck,34.3,72,Yes,4.2
ORD2417,2025-03-17,Pune,Van,23.8,97,Yes,5.0
ORD2418,2025-03-01,Hyderabad,Van,25.2,19,Yes,3.6
ORD2419,2025-03-02,Delhi,Van,46.0,105,Yes,3.3
ORD2420,2025-03-19,Hyderabad,Truck,6.7,92,Yes,3.1
ORD2421,2025-03-01,Mumbai,Truck,57.6,81,Yes,3.7
ORD2422,2025-03-12,Delhi,Scooter,57.0,50,Yes,4.5
ORD2423,2025-03-28,Delhi,Van,11.9,14,No,4.0
ORD2424,2025-03-19,Pune,Truck,34.3,115,Yes,4.2
ORD2425,2025-03-19,Delhi,Truck,31.2,78,No,4.5
ORD2426,2025-03-26,Chennai,Scooter,11.4,13,Yes,3.3
ORD2427,2025-03-23,Hyderabad,Van,16.4,15,Yes,3.6
ORD2428,2025-03-16,Delhi,Scooter,25.9,53,No,4.2
ORD2429,2025-03-16,Pune,Bike,35.5,98,No,4.4
ORD2430,2025-03-29,Mumbai,Van,41.1,94,No,4.4
ORD2431,2025-03-08,Mumbai,Van,42.9,100,No,3.1
ORD2432,2025-03-28,Delhi,Van,5.1,30,Yes,4.0
ORD2433,2025-03-25,Chennai,Scooter,16.6,91,No,4.8
ORD2434,2025-03-26,Bengaluru,Van,19.9,79,Yes,4.3
ORD2435,2025-03-27,Delhi,Bike,37.1,81,No,4.9
ORD2436,2025-03-25,Bengaluru,Scooter,16.9,14,No,4.6
ORD2437,2025-03-13,Pune,Van,4.4,110,Yes,4.8
ORD2438,2025-03-14,Chennai,Bike,49.0,44,Yes,3.0
ORD2439,2025-03-19,Delhi,Bike,51.9,111,Yes,3.6
ORD2440,2025-03-15,Delhi,Bike,11.7,110,Yes,3.5
ORD2441,2025-03-15,Mumbai,Bike,13.2,11,Yes,3.6
ORD2442,2025-03-21,Delhi,Bike,4.4,11,No,4.9
ORD2443,2025-03-08,Delhi,Truck,45.7,49,Yes,4.4
ORD2444,2025-03-24,Delhi,Bike,24.1,62,No,4.4
ORD2445,2025-03-13,Pune,Bike,37.2,92,Yes,4.3
ORD2446,2025-03-12,Mumbai,Truck,32.0,94,Yes,3.4
ORD2447,2025-03-22,Bengaluru,Van,42.3,96,Yes,3.9
ORD2448,2025-03-28,Mumbai,Truck,50.6,39,No,4.0
ORD2449,2025-03-13,Mumbai,Truck,54.0,84,Yes,3.7
ORD2450,2025-03-16,Delhi,Truck,7.3,29,Yes,4.7
ORD2451,2025-03-30,Delhi,Truck,51.0,49,No,4.8
ORD2452,2025-03-24,Pune,Truck,46.2,78,Yes,4.9
ORD2453,2025-03-12,Hyderabad,Van,52.8,50,Yes,4.5
ORD2454,2025-03-14,Pune,Truck,55.5,72,No,4.7
ORD2455,2025-03-30,Pune,Scooter,58.8,98,Yes,4.1
ORD2456,2025-03-15,Hyderabad,Truck,7.0,26,No,3.4
ORD2457,2025-03-19,Chennai,Truck,23.1,116,No,3.5
ORD2458,2025-03-05,Hyderabad,Van,43.1,85,Yes,4.8
ORD2459,2025-03-29,Delhi,Truck,17.6,26,No,5.0
ORD2460,2025-03-02,Chennai,Truck,55.1,36,Yes,4.2
ORD2461,2025-03-18,Bengaluru,Scooter,18.6,44,No,4.4
ORD2462,2025-03-18,Pune,Scooter,16.1,111,Yes,3.3
ORD2463,2025-03-24,Hyderabad,Truck,56.2,104,Yes,3.2
ORD2464,2025-03-26,Pune,Scooter,18.6,34,No,3.9
ORD2465,2025-03-17,Hyderabad,Bike,18.6,27,No,3.8
ORD2466,2025-03-10,Delhi,Bike,21.7,31,Yes,4.3
ORD2467,2025-03-27,Delhi,Bike,58.4,42,No,4.9
ORD2468,2025-03-17,Mumbai,Van,9.8,93,No,3.6
ORD2469,2025-03-03,Mumbai,Scooter,30.1,11,Yes,3.7
ORD2470,2025-03-16,Hyderabad,Van,20.3,28,Yes,4.4
ORD2471,2025-03-18,Hyderabad,Bike,9.9,119,Yes,4.5
ORD2472,2025-03-21,Chennai,Van,25.5,71,No,3.8
ORD2473,2025-03-07,Pune,Scooter,39.2,62,Yes,3.3
ORD2474,2025-03-01,Hyderabad,Scooter,28.7,76,Yes,4.9
ORD2475,2025-03-07,Delhi,Truck,19.7,54,No,4.4
ORD2476,2025-03-13,Delhi,Bike,53.4,13,Yes,3.8
ORD2477,2025-03-23,Chennai,Truck,19.9,26,No,3.7
ORD2478,2025-03-16,Bengaluru,Truck,3.1,51,No,4.7
ORD2479,2025-03-11,Bengaluru,Truck,34.6,65,No,4.0
ORD2480,2025-03-03,Delhi,Bike,7.2,110,No,3.8
ORD2481,2025-03-09,Mumbai,Scooter,49.5,29,No,4.3
ORD2482,2025-03-07,Pune,Bike,28.2,55,No,4.9
ORD2483,2025-03-23,Pune,Bike,6.4,37,No,4.1
ORD2484,2025-03-22,Bengaluru,Truck,29.5,33,No,4.7
ORD2485,2025-03-03,Mumbai,Bike,27.1,102,Yes,4.5
ORD2486,2025-03-22,Delhi,Scooter,26.4,101,Yes,4.3
ORD2487,2025-03-01,Delhi,Bike,40.7,63,Yes,4.8
ORD2488,2025-03-11,Mumbai,Scooter,54.5,22,Yes,4.6
ORD2489,2025-03-13,Delhi,Truck,41.3,65,No,3.3
ORD2490,2025-03-04,Hyderabad,Truck,15.2,93,No,3.5
ORD2491,2025-03-10,Delhi,Van,11.9,15,No,4.0
ORD2492,2025-03-26,Hyderabad,Truck,13.6,41,No,3.9
ORD2493,2025-03-08,Chennai,Scooter,31.9,22,Yes,3.5
ORD2494,2025-03-28,Mumbai,Scooter,26.4,11,No,3.6
ORD2495,2025-03-28,Bengaluru,Van,10.2,91,No,4.2
ORD2496,2025-03-17,Chennai,Bike,29.0,68,Yes,4.7
ORD2497,2025-03-11,Pune,Scooter,2.2,25,No,5.0
ORD2498,2025-03-05,Mumbai,Van,38.2,104,No,4.7
ORD2499,2025-03-18,Bengaluru,Truck,27.8,43,No,3.2
ORD2500,2025-03-04,Hyderabad,Van,59.1,46,Yes,4.6
ORD2501,2025-03-06,Bengaluru,Scooter,11.3,20,Yes,4.9
ORD2502,2025-03-24,Hyderabad,Van,27.6,33,No,3.9
ORD2503,2025-03-30,Delhi,Truck,3.1,94,No,3.3
ORD2504,2025-03-07,Delhi,Van,11.9,92,No,3.2
ORD2505,2025-03-28,Hyderabad,Bike,58.0,99,No,4.1
ORD2506,2025-03-12,Chennai,Van,59.0,64,Yes,4.1
ORD2507,2025-03-03,Bengaluru,Bike,3.0,35,No,4.3
ORD2508,2025-03-30,Hyderabad,Scooter,48.9,47,Yes,4.1
ORD2509,2025-03-29,Chennai,Bike,27.2,70,No,4.2
ORD2510,2025-03-08,Bengaluru,Truck,48.7,25,No,3.8
ORD2511,2025-03-20,Chennai,Truck,29.9,86,No,3.8
ORD2512,2025-03-21,Hyderabad,Van,55.9,37,No,4.8
ORD2513,2025-03-10,Bengaluru,Van,11.4,111,No,3.0
ORD2514,2025-03-24,Bengaluru,Scooter,16.2,78,No,4.4
ORD2515,2025-03-01,Chennai,Scooter,18.0,116,Yes,3.2
ORD2516,2025-03-17,Pune,Truck,54.9,27,No,4.8
ORD2517,2025-03-18,Delhi,Scooter,21.1,115,Yes,3.3
ORD2518,2025-03-09,Bengaluru,Truck,57.3,51,Yes,3.7
ORD2519,2025-03-20,Pune,Scooter,38.6,89,No,3.2
ORD2520,2025-03-22,Chennai,Van,52.2,54,Yes,3.9
ORD2521,2025-03-27,Delhi,Bike,51.2,104,Yes,4.2
ORD2522,2025-03-16,Pune,Scooter,10.3,60,No,3.3
ORD2523,2025-03-17,Mumbai,Scooter,15.8,104,Yes,3.2
ORD2524,2025-03-18,Chennai,Van,57.0,54,Yes,3.9
ORD2525,2025-03-11,Bengaluru,Truck,8.5,22,Yes,4.9
ORD2526,2025-03-18,Mumbai,Truck,44.8,89,No,4.0
ORD2527,2025-03-04,Hyderabad,Truck,54.0,91,Yes,4.4
ORD2528,2025-03-08,Mumbai,Scooter,32.6,99,Yes,3.4
ORD2529,2025-03-10,Mumbai,Van,23.2,103,Yes,3.1
ORD2530,2025-03-30,Mumbai,Bike,24.8,75,Yes,3.3
ORD2531,2025-03-04,Delhi,Van,16.4,115,Yes,4.7
ORD2532,2025-03-08,Pune,Truck,57.9,40,No,3.1
ORD2533,2025-03-17,Pune,Bike,27.0,66,Yes,4.3
ORD2534,2025-03-03,Delhi,Truck,3.8,115,No,4.2
ORD2535,2025-03-05,Delhi,Scooter,10.0,64,No,3.2
ORD2536,2025-03-30,Mumbai,Scooter,9.9,83,No,3.4
ORD2537,2025-03-27,Bengaluru,Van,15.3,25,No,3.6
ORD2538,2025-03-05,Pune,Truck,11.9,54,Yes,4.8
ORD2539,2025-03-07,Bengaluru,Van,23.6,82,No,3.9
ORD2540,2025-03-01,Mumbai,Van,16.0,49,Yes,3.2
ORD2541,2025-03-18,Mumbai,Van,46.1,71,No,3.8
ORD2542,2025-03-24,Bengaluru,Van,54.0,23,No,3.6
ORD2543,2025-03-23,Chennai,Bike,14.0,15,No,3.4
ORD2544,2025-03-22,Hyderabad,Scooter,40.2,109,No,4.9
ORD2545,2025-03-06,Mumbai,Bike,36.2,44,Yes,4.3
ORD2546,2025-03-24,Pune,Van,37.6,51,Yes,3.9
ORD2547,2025-03-28,Mumbai,Bike,4.1,105,Yes,5.0
ORD2548,2025-03-20,Delhi,Bike,14.7,71,No,3.0
ORD2549,2025-03-15,Delhi,Scooter,19.0,119,Yes,4.1
ORD2550,2025-03-28,Mumbai,Truck,7.1,47,Yes,3.3
ORD2551,2025-03-23,Chennai,Scooter,57.7,95,Yes,4.0
ORD2552,2025-03-09,Chennai,Scooter,45.9,82,No,3.6
ORD2553,2025-03-25,Pune,Bike,11.0,31,Yes,4.2
ORD2554,2025-03-30,Pune,Scooter,8.7,20,No,4.8
ORD2555,2025-03-29,Delhi,Bike,48.5,111,No,4.9
ORD2556,2025-03-03,Hyderabad,Van,32.5,63,No,4.2
ORD2557,2025-03-27,Mumbai,Truck,6.6,77,No,4.2
ORD2558,2025-03-18,Chennai,Truck,17.9,96,No,4.9
ORD2559,2025-03-29,Chennai,Scooter,9.3,29,Yes,4.4
ORD2560,2025-03-16,Pune,Bike,32.5,25,Yes,4.4
ORD2561,2025-03-17,Mumbai,Scooter,32.7,34,Yes,3.8
ORD2562,2025-03-09,Pune,Scooter,59.4,88,Yes,3.8
ORD2563,2025-03-28,Hyderabad,Scooter,6.2,106,No,3.5
ORD2564,2025-03-24,Delhi,Scooter,57.1,49,No,4.8
ORD2565,2025-03-13,Mumbai,Scooter,36.7,39,Yes,3.5
ORD2566,2025-03-08,Hyderabad,Scooter,10.6,62,Yes,3.7
ORD2567,2025-03-13,Bengaluru,Bike,29.9,89,Yes,4.0
ORD2568,2025-03-01,Bengaluru,Scooter,9.9,99,No,4.1
ORD2569,2025-03-21,Hyderabad,Bike,51.8,14,Yes,4.8
ORD2570,2025-03-12,Pune,Van,42.1,63,Yes,3.6
ORD2571,2025-03-12,Delhi,Scooter,55.1,68,Yes,4.0
ORD2572,2025-03-30,Mumbai,Bike,56.7,83,Yes,4.5
ORD2573,2025-03-09,Chennai,Bike,9.9,115,No,3.8
ORD2574,2025-03-01,Mumbai,Bike,46.5,95,No,4.0
ORD2575,2025-03-21,Delhi,Scooter,18.1,110,Yes,4.1
ORD2576,2025-03-14,Bengaluru,Scooter,59.4,18,No,3.3
ORD2577,2025-03-29,Pune,Truck,14.3,115,Yes,4.2
ORD2578,2025-03-14,Mumbai,Bike,23.1,49,Yes,4.1
ORD2579,2025-03-06,Pune,Bike,19.0,48,Yes,4.3
ORD2580,2025-03-16,Hyderabad,Van,42.5,53,No,4.6
ORD2581,2025-03-30,Mumbai,Truck,20.2,112,No,4.0
ORD2582,2025-03-08,Pune,Scooter,15.1,98,Yes,3.0
ORD2583,2025-03-19,Mumbai,Truck,10.1,98,Yes,3.3
ORD2584,2025-03-05,Bengaluru,Truck,9.6,20,No,3.6
ORD2585,2025-03-15,Bengaluru,Scooter,57.8,62,No,4.4
ORD2586,2025-03-13,Chennai,Scooter,54.5,70,No,4.9
ORD2587,2025-03-26,Bengaluru,Truck,40.9,29,No,4.2
ORD2588,2025-03-24,Bengaluru,Van,52.9,115,No,4.5
ORD2589,2025-03-06,Mumbai,Scooter,59.2,23,Yes,4.9
ORD2590,2025-03-17,Bengaluru,Bike,22.9,85,No,3.9
ORD2591,2025-03-05,Mumbai,Van,47.2,30,No,3.1
ORD2592,2025-03-10,Mumbai,Scooter,36.6,98,Yes,4.7
ORD2593,2025-03-05,Hyderabad,Truck,8.6,26,Yes,4.6
ORD2594,2025-03-17,Mumbai,Bike,20.4,114,No,4.7
ORD2595,2025-03-19,Chennai,Bike,3.3,47,Yes,4.3
ORD2596,2025-03-06,Mumbai,Bike,58.2,75,Yes,4.2
ORD2597,2025-03-22,Mumbai,Bike,23.0,101,No,3.1
ORD2598,2025-03-15,Delhi,Bike,41.6,93,Yes,3.8
ORD2599,2025-03-04,Chennai,Van,57.8,22,No,3.5
ORD2600,2025-03-17,Delhi,Van,59.1,77,No,4.3
ORD2601,2025-03-01,Hyderabad,Bike,28.4,67,No,4.2
ORD2602,2025-03-18,Mumbai,Van,4.5,59,Yes,3.7
ORD2603,2025-03-26,Chennai,Bike,57.8,96,Yes,4.9
ORD2604,2025-03-10,Chennai,Scooter,4.6,87,No,4.7
ORD2605,2025-03-19,Hyderabad,Bike,47.7,39,Yes,4.0
ORD2606,2025-03-02,Bengaluru,Truck,2.6,47,No,4.9
ORD2607,2025-03-17,Chennai,Bike,48.9,59,Yes,3.3
ORD2608,2025-03-18,Bengaluru,Bike,21.3,102,No,3.9
ORD2609,2025-03-13,Hyderabad,Van,31.0,68,No,4.6
ORD2610,2025-03-07,Pune,Scooter,4.1,119,No,3.3
ORD2611,2025-03-29,Pune,Bike,6.4,37,Yes,4.3
ORD2612,2025-03-20,Bengaluru,Bike,16.3,13,Yes,4.8
ORD2613,2025-03-05,Pune,Van,31.7,41,Yes,4.1
ORD2614,2025-03-04,Hyderabad,Truck,52.3,112,No,3.2
ORD2615,2025-03-07,Mumbai,Truck,4.2,82,No,3.9
ORD2616,2025-03-05,Mumbai,Truck,54.1,79,Yes,4.0
ORD2617,2025-03-19,Mumbai,Truck,11.9,89,No,4.2
ORD2618,2025-03-20,Delhi,Scooter,20.3,101,Yes,3.0
ORD2619,2025-03-07,Chennai,Truck,42.0,112,No,3.2
ORD2620,2025-03-13,Hyderabad,Scooter,55.8,119,No,3.2
ORD2621,2025-03-04,Bengaluru,Bike,15.6,106,No,3.0
ORD2622,2025-03-15,Hyderabad,Van,25.3,107,No,3.9
ORD2623,2025-03-30,Delhi,Van,18.2,34,Yes,4.6
ORD2624,2025-03-20,Bengaluru,Truck,40.5,106,No,3.2
ORD2625,2025-03-29,Delhi,Van,48.3,64,No,4.5
ORD2626,2025-03-25,Bengaluru,Van,35.0,92,Yes,3.4
ORD2627,2025-03-18,Chennai,Truck,16.0,114,Yes,3.5
ORD2628,2025-03-04,Mumbai,Scooter,12.0,30,No,4.4
ORD2629,2025-03-30,Mumbai,Scooter,8.8,62,Yes,4.7
ORD2630,2025-03-28,Chennai,Bike,49.3,34,No,3.1
ORD2631,2025-03-04,Pune,Scooter,6.0,12,No,3.4
ORD2632,2025-03-02,Chennai,Scooter,55.1,44,Yes,3.3
ORD2633,2025-03-22,Pune,Truck,21.3,97,No,4.4
ORD2634,2025-03-20,Mumbai,Scooter,37.8,25,Yes,3.8
ORD2635,2025-03-23,Hyderabad,Van,44.5,36,Yes,4.4
ORD2636,2025-03-28,Bengaluru,Bike,40.0,27,Yes,4.6
ORD2637,2025-03-05,Hyderabad,Scooter,17.7,105,No,3.7
ORD2638,2025-03-25,Hyderabad,Scooter,47.8,94,No,4.0
ORD2639,2025-03-22,Chennai,Scooter,18.2,98,No,4.1
ORD2640,2025-03-08,Mumbai,Van,16.0,114,No,4.8
ORD2641,2025-03-11,Bengaluru,Truck,22.4,35,Yes,3.4
ORD2642,2025-03-11,Pune,Scooter,38.6,53,No,4.0
ORD2643,2025-03-30,Mumbai,Truck,37.8,34,No,4.8
ORD2644,2025-03-18,Pune,Truck,56.0,100,Yes,3.6
ORD2645,2025-03-30,Mumbai,Van,13.7,85,No,4.1
ORD2646,2025-03-30,Mumbai,Van,47.6,101,Yes,4.4
ORD2647,2025-03-27,Chennai,Van,8.2,38,No,3.4
ORD2648,2025-03-25,Mumbai,Van,36.2,26,Yes,3.2
ORD2649,2025-03-19,Mumbai,Bike,57.8,48,No,3.7
ORD2650,2025-03-17,Pune,Truck,59.9,69,No,4.2
ORD2651,2025-03-01,Pune,Van,9.6,45,No,4.9
ORD2652,2025-03-05,Bengaluru,Van,4.9,54,No,4.5
ORD2653,2025-03-03,Chennai,Bike,29.4,105,Yes,3.5
ORD2654,2025-03-28,Hyderabad,Scooter,23.8,49,No,3.1
ORD2655,2025-03-14,Delhi,Truck,36.2,67,No,4.8
ORD2656,2025-03-02,Pune,Truck,59.8,82,No,4.0
ORD2657,2025-03-28,Mumbai,Bike,12.2,84,Yes,4.3
ORD2658,2025-03-03,Mumbai,Truck,11.4,47,No,3.5
ORD2659,2025-03-03,Bengaluru,Bike,36.7,72,Yes,3.4
ORD2660,2025-03-20,Hyderabad,Scooter,40.3,85,Yes,4.7
ORD2661,2025-03-21,Delhi,Scooter,22.5,31,No,3.2
ORD2662,2025-03-27,Bengaluru,Truck,38.5,64,Yes,3.2
ORD2663,2025-03-13,Delhi,Bike,51.9,12,Yes,4.0
ORD2664,2025-03-08,Bengaluru,Scooter,42.6,115,No,3.8
ORD2665,2025-03-22,Bengaluru,Truck,2.6,48,Yes,3.0
ORD2666,2025-03-14,Pune,Truck,23.8,13,No,3.9
ORD2667,2025-03-18,Chennai,Van,2.2,95,Yes,3.3
ORD2668,2025-03-27,Bengaluru,Truck,9.7,45,No,3.6
ORD2669,2025-03-20,Pune,Truck,36.0,109,Yes,5.0
ORD2670,2025-03-13,Hyderabad,Scooter,33.7,78,Yes,4.5
ORD2671,2025-03-18,Chennai,Scooter,7.1,64,No,3.8
ORD2672,2025-03-01,Delhi,Van,4.1,61,No,4.7
ORD2673,2025-03-02,Pune,Truck,30.4,23,Yes,3.4
ORD2674,2025-03-05,Chennai,Scooter,13.1,78,No,4.9
ORD2675,2025-03-11,Pune,Bike,53.6,65,No,3.0
ORD2676,2025-03-11,Delhi,Van,8.9,82,No,4.7
ORD2677,2025-03-01,Delhi,Bike,9.9,92,Yes,4.6
ORD2678,2025-03-29,Delhi,Truck,6.2,105,No,3.6
ORD2679,2025-03-27,Bengaluru,Van,23.8,88,No,3.7
ORD2680,2025-03-03,Pune,Scooter,57.1,106,No,4.1
ORD2681,2025-03-29,Hyderabad,Truck,30.6,47,Yes,4.3
ORD2682,2025-03-02,Chennai,Truck,19.5,79,No,3.8
ORD2683,2025-03-14,Delhi,Truck,20.0,115,No,4.3
ORD2684,2025-03-20,Hyderabad,Bike,47.5,60,Yes,4.5
ORD2685,2025-03-16,Delhi,Bike,2.1,61,No,4.3
ORD2686,2025-03-18,Delhi,Van,22.2,30,Yes,4.7
ORD2687,2025-03-05,Mumbai,Scooter,26.6,42,Yes,3.2
ORD2688,2025-03-08,Delhi,Bike,44.7,84,Yes,4.3
ORD2689,2025-03-22,Mumbai,Bike,48.9,62,No,4.2
ORD2690,2025-03-07,Mumbai,Van,37.3,57,No,3.1
ORD2691,2025-03-10,Pune,Van,32.7,78,Yes,3.4
ORD2692,2025-03-16,Delhi,Truck,56.2,79,No,4.6
ORD2693,2025-03-19,Hyderabad,Scooter,26.3,38,Yes,4.8
ORD2694,2025-03-30,Pune,Truck,59.1,116,No,3.2
ORD2695,2025-03-22,Hyderabad,Bike,44.1,39,No,4.8
ORD2696,2025-03-29,Bengaluru,Van,5.9,15,No,3.4
ORD2697,2025-03-11,Mumbai,Van,23.2,100,No,3.3
ORD2698,2025-03-19,Hyderabad,Scooter,49.4,88,No,4.7
ORD2699,2025-03-03,Hyderabad,Van,27.5,64,No,4.1
ORD2700,2025-03-30,Bengaluru,Van,59.1,35,Yes,3.6
ORD2701,2025-03-18,Mumbai,Bike,15.4,46,No,4.6
ORD2702,2025-03-04,Delhi,Scooter,57.2,20,No,4.8
ORD2703,2025-03-25,Mumbai,Bike,39.4,76,No,4.9
ORD2704,2025-03-20,Pune,Bike,54.2,57,Yes,3.1
ORD2705,2025-03-17,Pune,Bike,16.0,47,Yes,3.7
ORD2706,2025-03-24,Chennai,Bike,43.2,81,No,3.3
ORD2707,2025-03-13,Hyderabad,Van,39.2,23,Yes,3.9
ORD2708,2025-03-04,Bengaluru,Truck,23.1,105,No,4.7
ORD2709,2025-03-14,Mumbai,Scooter,22.1,115,No,3.5
ORD2710,2025-03-25,Bengaluru,Van,4.7,39,No,4.0
ORD2711,2025-03-03,Chennai,Bike,14.8,15,Yes,4.8
ORD2712,2025-03-21,Delhi,Truck,54.6,87,Yes,4.2
ORD2713,2025-03-04,Delhi,Bike,22.6,101,No,3.6
ORD2714,2025-03-18,Hyderabad,Bike,38.9,48,No,3.9
ORD2715,2025-03-13,Mumbai,Bike,25.3,26,No,4.7
ORD2716,2025-03-07,Chennai,Van,37.5,40,No,4.3
ORD2717,2025-03-11,Mumbai,Van,54.9,34,No,4.1
ORD2718,2025-03-11,Mumbai,Scooter,37.0,66,No,3.5
ORD2719,2025-03-06,Bengaluru,Bike,48.2,91,Yes,4.9
ORD2720,2025-03-11,Hyderabad,Van,5.3,61,Yes,4.9
ORD2721,2025-03-09,Hyderabad,Scooter,19.9,107,Yes,4.2
ORD2722,2025-03-16,Mumbai,Truck,59.0,90,Yes,4.6
ORD2723,2025-03-28,Mumbai,Scooter,36.8,19,Yes,3.5
ORD2724,2025-03-05,Chennai,Scooter,19.1,68,No,4.3
ORD2725,2025-03-20,Pune,Truck,47.2,64,Yes,3.3
ORD2726,2025-03-23,Mumbai,Scooter,43.9,75,No,4.8
ORD2727,2025-03-06,Hyderabad,Truck,56.6,56,No,4.5
ORD2728,2025-03-04,Bengaluru,Van,57.5,117,No,3.3
ORD2729,2025-03-08,Chennai,Scooter,45.9,40,No,3.2
ORD2730,2025-03-25,Bengaluru,Bike,4.1,103,No,3.2
ORD2731,2025-03-25,Mumbai,Bike,3.3,28,No,4.2
ORD2732,2025-03-16,Chennai,Van,51.0,93,No,4.4
ORD2733,2025-03-16,Pune,Bike,48.9,62,Yes,3.3
ORD2734,2025-03-11,Bengaluru,Truck,59.9,59,No,3.5
ORD2735,2025-03-20,Chennai,Truck,33.7,88,Yes,4.8
ORD2736,2025-03-14,Delhi,Van,9.2,84,Yes,3.1
ORD2737,2025-03-08,Delhi,Truck,4.3,87,No,3.4
ORD2738,2025-03-25,Pune,Bike,33.5,77,No,3.0
ORD2739,2025-03-06,Hyderabad,Bike,7.2,105,No,3.0
ORD2740,2025-03-08,Chennai,Truck,55.7,80,Yes,3.5
ORD2741,2025-03-19,Pune,Van,13.4,65,Yes,4.1
ORD2742,2025-03-08,Chennai,Scooter,44.8,89,Yes,4.2
ORD2743,2025-03-29,Hyderabad,Truck,45.1,90,No,3.3
ORD2744,2025-03-25,Delhi,Bike,12.2,44,No,3.5
ORD2745,2025-03-01,Chennai,Van,41.2,89,Yes,4.5
ORD2746,2025-03-13,Pune,Scooter,15.8,77,Yes,3.9
ORD2747,2025-03-08,Pune,Van,27.1,64,Yes,4.4
ORD2748,2025-03-21,Pune,Truck,39.5,117,Yes,4.7
ORD2749,2025-03-09,Hyderabad,Van,51.8,28,No,4.3
ORD2750,2025-03-16,Hyderabad,Scooter,5.9,40,Yes,3.4
ORD2751,2025-03-21,Chennai,Van,3.1,53,Yes,4.0
ORD2752,2025-03-05,Delhi,Scooter,21.8,53,No,4.2
ORD2753,2025-03-11,Pune,Truck,44.1,29,No,3.0
ORD2754,2025-03-17,Pune,Scooter,15.5,59,No,4.0
ORD2755,2025-03-21,Bengaluru,Truck,30.7,79,No,3.4
ORD2756,2025-03-27,Delhi,Truck,5.9,80,No,5.0
ORD2757,2025-03-09,Pune,Van,48.2,85,Yes,4.1
ORD2758,2025-03-17,Chennai,Bike,40.8,13,Yes,4.0
ORD2759,2025-03-15,Chennai,Bike,54.1,27,Yes,3.7
ORD2760,2025-03-01,Chennai,Bike,54.3,29,Yes,3.8
ORD2761,2025-03-21,Delhi,Bike,44.6,80,Yes,3.4
ORD2762,2025-03-24,Bengaluru,Scooter,31.1,35,Yes,4.9
ORD2763,2025-03-16,Bengaluru,Truck,59.8,98,Yes,4.8
ORD2764,2025-03-13,Hyderabad,Bike,57.2,76,Yes,3.6
ORD2765,2025-03-20,Hyderabad,Van,26.9,32,Yes,5.0
ORD2766,2025-03-24,Mumbai,Scooter,7.3,91,Yes,3.4
ORD2767,2025-03-24,Mumbai,Scooter,31.5,32,Yes,3.3
ORD2768,2025-03-03,Mumbai,Truck,36.4,24,Yes,3.2
ORD2769,2025-03-28,Mumbai,Scooter,59.8,110,Yes,4.3
ORD2770,2025-03-14,Bengaluru,Van,48.9,28,No,4.0
ORD2771,2025-03-03,Chennai,Scooter,11.3,92,Yes,3.7
ORD2772,2025-03-18,Bengaluru,Scooter,56.7,95,Yes,3.6
ORD2773,2025-03-24,Bengaluru,Van,20.2,28,No,4.1
ORD2774,2025-03-28,Hyderabad,Bike,55.7,89,No,4.2
ORD2775,2025-03-14,Bengaluru,Van,36.0,32,Yes,3.2
ORD2776,2025-03-17,Pune,Van,37.1,24,No,4.3
ORD2777,2025-03-24,Mumbai,Bike,52.2,80,Yes,4.3
ORD2778,2025-03-06,Pune,Scooter,48.2,30,Yes,4.8
ORD2779,2025-03-26,Pune,Bike,46.2,86,No,4.6
ORD2780,2025-03-08,Hyderabad,Van,45.4,48,No,4.7
ORD2781,2025-03-02,Mumbai,Scooter,34.3,32,No,3.5
ORD2782,2025-03-18,Hyderabad,Scooter,2.1,52,Yes,4.3
ORD2783,2025-03-03,Hyderabad,Van,38.0,77,Yes,4.6
ORD2784,2025-03-29,Pune,Scooter,47.7,65,No,3.2
ORD2785,2025-03-21,Delhi,Scooter,8.4,35,Yes,4.0
ORD2786,2025-03-02,Hyderabad,Truck,52.0,44,Yes,4.1
ORD2787,2025-03-05,Delhi,Bike,2.3,40,No,4.1
ORD2788,2025-03-22,Chennai,Bike,20.9,76,Yes,5.0
ORD2789,2025-03-09,Mumbai,Scooter,31.5,117,No,4.8
ORD2790,2025-03-29,Bengaluru,Scooter,46.2,27,No,4.0
ORD2791,2025-03-19,Chennai,Truck,18.7,39,No,3.3
ORD2792,2025-03-02,Bengaluru,Bike,10.9,34,No,4.8
ORD2793,2025-03-23,Mumbai,Scooter,3.8,117,No,3.7
ORD2794,2025-03-04,Bengaluru,Truck,34.5,94,No,4.6
ORD2795,2025-03-17,Hyderabad,Van,6.3,70,No,4.9
ORD2796,2025-03-04,Chennai,Truck,32.2,29,Yes,3.5
ORD2797,2025-03-26,Pune,Truck,55.4,60,No,4.9
ORD2798,2025-03-06,Delhi,Truck,17.7,56,Yes,3.2
ORD2799,2025-03-02,Bengaluru,Scooter,35.4,87,Yes,3.7
ORD2800,2025-03-04,Chennai,Van,2.3,57,No,4.4
ORD2801,2025-03-08,Delhi,Van,49.7,62,No,4.7
ORD2802,2025-03-02,Mumbai,Scooter,53.8,25,Yes,3.4
ORD2803,2025-03-02,Mumbai,Truck,47.8,71,No,4.7
ORD2804,2025-03-08,Chennai,Truck,55.2,117,No,4.6
ORD2805,2025-03-26,Delhi,Truck,27.4,14,Yes,3.7
ORD2806,2025-03-05,Pune,Scooter,20.8,92,No,3.2
ORD2807,2025-03-14,Chennai,Van,3.0,45,No,4.5
ORD2808,2025-03-13,Chennai,Bike,12.6,41,Yes,4.0
ORD2809,2025-03-19,Delhi,Van,36.6,42,Yes,4.8
ORD2810,2025-03-28,Hyderabad,Scooter,48.9,15,No,4.9
ORD2811,2025-03-01,Bengaluru,Scooter,44.1,103,No,4.3
ORD2812,2025-03-12,Pune,Scooter,17.6,103,Yes,4.2
ORD2813,2025-03-20,Pune,Truck,15.8,88,No,3.1
ORD2814,2025-03-03,Bengaluru,Van,13.1,46,No,3.1
ORD2815,2025-03-14,Bengaluru,Scooter,30.4,11,No,3.5
ORD2816,2025-03-05,Chennai,Van,55.6,27,Yes,4.9
ORD2817,2025-03-17,Bengaluru,Bike,15.4,82,Yes,4.1
ORD2818,2025-03-17,Chennai,Scooter,17.4,34,No,3.7
ORD2819,2025-03-11,Chennai,Scooter,3.0,70,Yes,3.6
ORD2820,2025-03-26,Delhi,Bike,21.0,31,No,3.7
ORD2821,2025-03-12,Mumbai,Scooter,57.9,34,Yes,3.6
ORD2822,2025-03-04,Delhi,Scooter,21.3,62,No,3.9
ORD2823,2025-03-09,Hyderabad,Van,5.0,12,No,4.7
ORD2824,2025-03-20,Bengaluru,Scooter,27.0,84,Yes,4.5
ORD2825,2025-03-15,Delhi,Van,51.5,92,No,4.7
ORD2826,2025-03-01,Delhi,Scooter,5.7,60,Yes,3.7
ORD2827,2025-03-21,Delhi,Scooter,31.6,105,No,4.9
ORD2828,2025-03-21,Hyderabad,Scooter,54.8,60,Yes,3.2
ORD2829,2025-03-01,Hyderabad,Van,16.5,77,No,4.1
ORD2830,2025-03-03,Bengaluru,Bike,21.0,52,No,4.6
ORD2831,2025-03-12,Pune,Van,33.0,69,No,3.4
ORD2832,2025-03-06,Mumbai,Bike,23.3,82,No,4.2
ORD2833,2025-03-22,Pune,Truck,10.5,112,No,4.1
ORD2834,2025-03-25,Bengaluru,Van,23.2,55,Yes,3.2
ORD2835,2025-03-03,Pune,Truck,18.2,106,Yes,3.7
ORD2836,2025-03-30,Pune,Bike,35.8,89,Yes,5.0
ORD2837,2025-03-30,Mumbai,Bike,16.6,90,No,3.7
ORD2838,2025-03-08,Mumbai,Bike,34.9,17,No,4.6
ORD2839,2025-03-13,Hyderabad,Van,3.0,105,Yes,3.4
ORD2840,2025-03-12,Hyderabad,Scooter,41.1,40,No,4.9
ORD2841,2025-03-20,Pune,Scooter,14.0,111,No,3.7
ORD2842,2025-03-29,Delhi,Van,23.8,11,No,3.2
ORD2843,2025-03-23,Bengaluru,Van,27.4,30,No,3.5
ORD2844,2025-03-02,Mumbai,Bike,49.0,99,Yes,3.8
ORD2845,2025-03-17,Mumbai,Van,53.6,61,Yes,3.7
ORD2846,2025-03-19,Mumbai,Scooter,50.9,118,Yes,4.9
ORD2847,2025-03-19,Pune,Van,19.1,85,No,4.5
ORD2848,2025-03-15,Delhi,Van,49.2,35,No,3.7
ORD2849,2025-03-22,Hyderabad,Bike,39.7,52,No,3.1
ORD2850,2025-03-16,Hyderabad,Truck,51.7,61,Yes,3.6
ORD2851,2025-03-16,Delhi,Van,12.2,48,No,4.4
ORD2852,2025-03-06,Bengaluru,Scooter,59.3,16,No,3.6
ORD2853,2025-03-02,Bengaluru,Bike,9.8,32,Yes,4.0
ORD2854,2025-03-11,Delhi,Truck,39.5,110,Yes,4.5
ORD2855,2025-03-03,Hyderabad,Scooter,2.8,43,Yes,4.2
ORD2856,2025-03-28,Bengaluru,Scooter,54.9,117,No,4.8
ORD2857,2025-03-09,Mumbai,Bike,15.8,20,Yes,4.9
ORD2858,2025-03-24,Mumbai,Bike,50.0,59,No,3.2
ORD2859,2025-03-20,Hyderabad,Truck,48.7,45,No,3.3
ORD2860,2025-03-16,Delhi,Scooter,24.7,68,Yes,4.9
ORD2861,2025-03-08,Delhi,Bike,35.9,69,No,3.8
ORD2862,2025-03-13,Bengaluru,Van,22.8,41,No,3.8
ORD2863,2025-03-30,Hyderabad,Scooter,48.9,18,Yes,4.6
ORD2864,2025-03-04,Hyderabad,Van,20.5,14,Yes,4.7
ORD2865,2025-03-02,Pune,Bike,40.2,19,Yes,3.3
ORD2866,2025-03-17,Bengaluru,Truck,36.2,10,Yes,3.0
ORD2867,2025-03-18,Hyderabad,Truck,43.6,96,No,3.2
ORD2868,2025-03-17,Hyderabad,Bike,5.1,114,Yes,4.7
ORD2869,2025-03-25,Pune,Van,48.5,64,No,4.3
ORD2870,2025-03-25,Bengaluru,Bike,14.7,99,No,4.2
ORD2871,2025-03-27,Hyderabad,Bike,38.8,52,No,3.1
ORD2872,2025-03-06,Pune,Van,17.8,48,Yes,4.7
ORD2873,2025-03-20,Pune,Bike,2.9,20,No,3.6
ORD2874,2025-03-27,Bengaluru,Bike,44.9,113,Yes,4.2
ORD2875,2025-03-30,Pune,Van,6.0,103,Yes,4.7
ORD2876,2025-03-11,Pune,Bike,35.7,55,Yes,3.5
ORD2877,2025-03-20,Pune,Van,31.7,28,Yes,3.4
ORD2878,2025-03-18,Chennai,Bike,5.7,31,No,3.5
ORD2879,2025-03-14,Delhi,Truck,48.7,63,Yes,4.5
ORD2880,2025-03-01,Delhi,Truck,47.3,20,No,4.1
ORD2881,2025-03-23,Hyderabad,Bike,25.4,47,No,3.0
ORD2882,2025-03-02,Mumbai,Scooter,28.7,56,No,3.2
ORD2883,2025-03-07,Mumbai,Bike,6.3,61,Yes,5.0
ORD2884,2025-03-10,Delhi,Truck,27.0,15,No,3.6
ORD2885,2025-03-06,Mumbai,Van,28.2,13,No,4.4
ORD2886,2025-03-13,Bengaluru,Van,43.2,63,Yes,3.5
ORD2887,2025-03-30,Bengaluru,Scooter,56.2,100,Yes,4.8
ORD2888,2025-03-11,Pune,Bike,50.6,78,Yes,3.5
ORD2889,2025-03-24,Pune,Bike,21.9,88,No,4.5
ORD2890,2025-03-17,Chennai,Bike,46.8,40,Yes,5.0
ORD2891,2025-03-28,Mumbai,Truck,51.2,76,Yes,3.1
ORD2892,2025-03-18,Delhi,Truck,6.2,73,No,3.6
ORD2893,2025-03-05,Chennai,Truck,18.4,119,No,4.9
ORD2894,2025-03-29,Hyderabad,Van,40.6,99,No,4.2
ORD2895,2025-03-26,Bengaluru,Bike,55.8,96,No,3.8
ORD2896,2025-03-15,Delhi,Scooter,46.0,69,No,4.6
ORD2897,2025-03-14,Pune,Truck,15.1,15,No,4.5
ORD2898,2025-03-30,Delhi,Scooter,21.9,51,No,3.1
ORD2899,2025-03-22,Mumbai,Scooter,23.4,91,Yes,4.0
ORD2900,2025-03-18,Delhi,Scooter,29.7,24,Yes,3.5
ORD2901,2025-03-30,Hyderabad,Van,26.7,100,Yes,4.7
ORD2902,2025-03-07,Mumbai,Truck,22.4,57,No,4.1
ORD2903,2025-03-29,Mumbai,Van,35.5,39,No,3.1
ORD2904,2025-03-11,Chennai,Van,59.4,87,No,3.6
ORD2905,2025-03-06,Mumbai,Scooter,40.3,103,Yes,3.3
ORD2906,2025-03-05,Chennai,Van,24.2,37,Yes,3.3
ORD2907,2025-03-05,Hyderabad,Scooter,43.1,31,Yes,3.4
ORD2908,2025-03-21,Delhi,Truck,35.9,117,No,3.7
ORD2909,2025-03-24,Pune,Truck,54.8,48,No,4.4
ORD2910,2025-03-19,Hyderabad,Truck,51.6,74,Yes,3.7
ORD2911,2025-03-19,Mumbai,Van,14.1,61,No,3.5
ORD2912,2025-03-23,Delhi,Van,28.9,52,No,3.8
ORD2913,2025-03-22,Pune,Bike,25.4,65,No,4.7
ORD2914,2025-03-11,Delhi,Truck,28.7,87,No,3.4
ORD2915,2025-03-12,Bengaluru,Bike,4.6,93,Yes,4.4
ORD2916,2025-03-28,Pune,Scooter,25.8,28,Yes,3.9
ORD2917,2025-03-28,Hyderabad,Bike,7.7,108,Yes,3.7
ORD2918,2025-03-15,Chennai,Van,47.5,102,No,4.6
ORD2919,2025-03-20,Hyderabad,Bike,55.4,66,No,4.6
ORD2920,2025-03-17,Hyderabad,Bike,44.3,42,No,3.3
ORD2921,2025-03-25,Delhi,Bike,39.8,115,Yes,4.6
ORD2922,2025-03-30,Hyderabad,Truck,48.7,41,Yes,4.1
ORD2923,2025-03-25,Hyderabad,Truck,30.6,73,No,3.9
ORD2924,2025-03-02,Pune,Van,22.7,13,Yes,3.1
ORD2925,2025-03-09,Hyderabad,Bike,8.0,22,Yes,4.7
ORD2926,2025-03-08,Bengaluru,Van,47.9,64,Yes,4.6
ORD2927,2025-03-06,Delhi,Bike,49.4,19,No,4.6
ORD2928,2025-03-16,Chennai,Van,25.6,65,No,3.7
ORD2929,2025-03-24,Mumbai,Scooter,19.3,40,Yes,4.0
ORD2930,2025-03-10,Delhi,Scooter,20.7,54,Yes,4.2
ORD2931,2025-03-21,Pune,Truck,9.2,24,No,4.4
ORD2932,2025-03-01,Bengaluru,Van,20.0,110,No,3.2
ORD2933,2025-03-24,Chennai,Scooter,59.8,115,Yes,3.4
ORD2934,2025-03-15,Mumbai,Bike,8.6,11,Yes,5.0
ORD2935,2025-03-03,Delhi,Scooter,52.8,115,No,4.5
ORD2936,2025-03-30,Mumbai,Truck,2.1,78,Yes,4.0
ORD2937,2025-03-20,Pune,Truck,44.5,38,No,4.2
ORD2938,2025-03-26,Bengaluru,Scooter,26.6,25,Yes,3.4
ORD2939,2025-03-22,Hyderabad,Van,13.0,84,Yes,3.8
ORD2940,2025-03-05,Mumbai,Bike,14.1,31,No,4.7
ORD2941,2025-03-01,Delhi,Scooter,46.5,36,Yes,3.9
ORD2942,2025-03-28,Bengaluru,Truck,18.6,107,Yes,3.1
ORD2943,2025-03-27,Bengaluru,Scooter,45.5,108,No,3.2
ORD2944,2025-03-21,Pune,Truck,48.5,85,Yes,3.9
ORD2945,2025-03-06,Pune,Truck,12.3,109,No,3.7
ORD2946,2025-03-27,Bengaluru,Bike,39.4,57,No,4.6
ORD2947,2025-03-25,Hyderabad,Van,59.4,91,Yes,4.5
ORD2948,2025-03-18,Pune,Truck,5.5,80,No,3.5
ORD2949,2025-03-05,Hyderabad,Truck,31.6,26,No,4.1
ORD2950,2025-03-25,Pune,Van,53.5,61,Yes,3.7
ORD2951,2025-03-01,Delhi,Scooter,39.2,10,No,3.1
ORD2952,2025-03-18,Bengaluru,Bike,18.1,18,Yes,3.7
ORD2953,2025-03-18,Chennai,Truck,16.5,26,No,4.8
ORD2954,2025-03-09,Bengaluru,Scooter,18.9,18,No,3.1
ORD2955,2025-03-10,Delhi,Truck,4.4,86,Yes,4.5
ORD2956,2025-03-05,Pune,Truck,7.1,51,No,3.0
ORD2957,2025-03-10,Bengaluru,Bike,57.2,44,No,3.3
ORD2958,2025-03-13,Bengaluru,Van,32.4,115,Yes,4.7
ORD2959,2025-03-17,Chennai,Van,6.7,63,Yes,4.0
ORD2960,2025-03-04,Delhi,Scooter,32.8,94,No,3.4
ORD2961,2025-03-01,Bengaluru,Scooter,19.8,117,Yes,4.8
ORD2962,2025-03-15,Hyderabad,Truck,48.1,32,No,3.0
ORD2963,2025-03-30,Mumbai,Van,2.8,47,No,4.5
ORD2964,2025-03-24,Chennai,Bike,24.1,24,No,5.0
ORD2965,2025-03-01,Pune,Scooter,40.0,48,Yes,3.9
ORD2966,2025-03-25,Chennai,Truck,25.9,42,Yes,3.7
ORD2967,2025-03-29,Delhi,Van,42.1,73,No,3.9
ORD2968,2025-03-12,Hyderabad,Truck,35.1,96,No,4.0
ORD2969,2025-03-02,Hyderabad,Van,34.2,87,Yes,3.7
ORD2970,2025-03-19,Hyderabad,Bike,11.4,49,No,3.5
ORD2971,2025-03-15,Delhi,Truck,22.3,22,Yes,3.6
ORD2972,2025-03-13,Delhi,Scooter,46.4,12,Yes,4.0
ORD2973,2025-03-09,Delhi,Scooter,6.3,57,Yes,4.0
ORD2974,2025-03-06,Pune,Bike,48.9,34,Yes,3.2
ORD2975,2025-03-25,Bengaluru,Truck,16.0,68,Yes,5.0
ORD2976,2025-03-03,Bengaluru,Van,24.8,36,No,4.8
ORD2977,2025-03-18,Chennai,Scooter,29.1,32,Yes,3.5
ORD2978,2025-03-16,Chennai,Van,14.0,12,Yes,4.4
ORD2979,2025-03-04,Mumbai,Truck,55.0,62,Yes,4.3
ORD2980,2025-03-22,Mumbai,Van,41.9,40,Yes,4.2
ORD2981,2025-03-17,Chennai,Scooter,2.1,51,No,3.2
ORD2982,2025-03-19,Mumbai,Scooter,48.6,46,No,3.5
ORD2983,2025-03-30,Bengaluru,Truck,13.2,50,Yes,3.3
ORD2984,2025-03-06,Chennai,Van,25.8,86,Yes,3.3
ORD2985,2025-03-25,Pune,Truck,50.0,83,Yes,4.2
ORD2986,2025-03-23,Delhi,Scooter,55.2,117,No,3.3
ORD2987,2025-03-19,Hyderabad,Bike,55.6,98,No,4.8
ORD2988,2025-03-08,Delhi,Scooter,36.5,33,Yes,4.0
ORD2989,2025-03-24,Mumbai,Scooter,20.7,43,No,4.7
ORD2990,2025-03-18,Delhi,Truck,50.9,38,No,4.4
ORD2991,2025-03-27,Chennai,Scooter,32.6,107,Yes,3.5
ORD2992,2025-03-25,Chennai,Truck,56.1,116,Yes,3.7
ORD2993,2025-03-05,Mumbai,Scooter,34.2,30,Yes,3.2
ORD2994,2025-03-14,Chennai,Truck,14.6,80,No,3.9
ORD2995,2025-03-26,Delhi,Truck,37.7,112,No,3.0
ORD2996,2025-03-27,Hyderabad,Scooter,32.8,58,Yes,4.3
ORD2997,2025-03-29,Mumbai,Truck,45.2,69,No,4.3
ORD2998,2025-03-20,Hyderabad,Van,27.1,15,No,4.5
ORD2999,2025-03-16,Bengaluru,Scooter,57.8,110,No,4.4
ORD3000,2025-03-20,Hyderabad,Scooter,21.1,28,No,4.2
ORD3001,2025-03-15,Chennai,Truck,3.6,47,No,3.2
ORD3002,2025-03-19,Delhi,Van,47.3,104,Yes,3.6
ORD3003,2025-03-26,Hyderabad,Scooter,28.6,38,Yes,3.9
ORD3004,2025-03-01,Hyderabad,Truck,45.0,19,No,3.8
ORD3005,2025-03-28,Delhi,Van,14.2,26,No,4.6
ORD3006,2025-03-05,Mumbai,Truck,21.6,98,No,4.8
ORD3007,2025-03-07,Delhi,Truck,8.5,94,No,4.9
ORD3008,2025-03-21,Pune,Bike,28.3,19,No,4.6
ORD3009,2025-03-13,Pune,Truck,4.1,34,Yes,3.5
ORD3010,2025-03-04,Bengaluru,Van,39.6,67,No,4.9
ORD3011,2025-03-19,Hyderabad,Scooter,35.7,69,Yes,3.8
ORD3012,2025-03-14,Delhi,Van,35.4,93,Yes,4.1
ORD3013,2025-03-20,Hyderabad,Scooter,28.7,23,Yes,3.9
ORD3014,2025-03-18,Mumbai,Scooter,44.5,38,Yes,3.7
ORD3015,2025-03-02,Hyderabad,Bike,23.6,16,No,3.1
ORD3016,2025-03-19,Hyderabad,Scooter,42.8,71,Yes,3.6
ORD3017,2025-03-13,Delhi,Truck,8.3,101,No,3.5
ORD3018,2025-03-16,Mumbai,Scooter,7.6,61,No,4.0
ORD3019,2025-03-28,Bengaluru,Truck,24.0,58,No,4.8
ORD3020,2025-03-08,Delhi,Van,22.4,72,Yes,3.5
ORD3021,2025-03-03,Delhi,Bike,59.7,26,Yes,4.2
ORD3022,2025-03-08,Pune,Scooter,52.6,105,Yes,3.7
ORD3023,2025-03-14,Pune,Van,13.8,44,No,4.4
ORD3024,2025-03-17,Mumbai,Truck,56.5,109,No,4.5
ORD3025,2025-03-02,Chennai,Scooter,41.0,104,No,3.3
ORD3026,2025-03-25,Hyderabad,Bike,36.7,83,No,4.3
ORD3027,2025-03-17,Delhi,Bike,44.3,34,No,4.5
ORD3028,2025-03-14,Mumbai,Van,2.7,93,Yes,4.9
ORD3029,2025-03-28,Pune,Van,42.1,117,No,3.3
ORD3030,2025-03-06,Delhi,Bike,49.9,70,Yes,4.9
ORD3031,2025-03-19,Mumbai,Van,3.3,90,No,4.4
ORD3032,2025-03-25,Mumbai,Van,32.8,60,No,4.0
ORD3033,2025-03-17,Bengaluru,Scooter,52.0,74,No,3.1
ORD3034,2025-03-13,Mumbai,Bike,56.0,18,No,3.6
ORD3035,2025-03-05,Pune,Truck,12.4,72,No,3.2
ORD3036,2025-03-17,Mumbai,Van,13.6,94,Yes,4.5
ORD3037,2025-03-20,Chennai,Scooter,16.0,89,Yes,4.7
ORD3038,2025-03-15,Hyderabad,Scooter,48.4,74,No,5.0
ORD3039,2025-03-09,Bengaluru,Scooter,44.0,14,Yes,4.2
ORD3040,2025-03-15,Hyderabad,Bike,30.0,21,Yes,4.6
ORD3041,2025-03-18,Delhi,Scooter,38.5,69,No,3.3
ORD3042,2025-03-11,Bengaluru,Van,4.3,64,No,3.4
ORD3043,2025-03-28,Bengaluru,Bike,51.6,79,Yes,3.6
ORD3044,2025-03-15,Mumbai,Scooter,46.3,74,No,4.6
ORD3045,2025-03-07,Chennai,Truck,5.2,66,Yes,3.5
ORD3046,2025-03-14,Mumbai,Bike,19.2,77,No,3.2
ORD3047,2025-03-05,Pune,Scooter,21.0,73,No,3.5
ORD3048,2025-03-23,Chennai,Van,52.2,82,Yes,4.3
ORD3049,2025-03-16,Pune,Scooter,42.2,49,Yes,4.6
ORD3050,2025-03-30,Bengaluru,Scooter,51.7,14,No,4.9
ORD3051,2025-03-15,Bengaluru,Truck,10.9,106,No,3.9
ORD3052,2025-03-11,Chennai,Van,37.0,12,Yes,4.3
ORD3053,2025-03-26,Mumbai,Bike,19.8,63,No,4.2
ORD3054,2025-03-12,Mumbai,Bike,18.7,116,No,3.7
ORD3055,2025-03-28,Bengaluru,Van,57.0,90,Yes,3.3
ORD3056,2025-03-23,Mumbai,Bike,30.9,94,No,3.5
ORD3057,2025-03-15,Bengaluru,Truck,3.0,34,Yes,4.6
ORD3058,2025-03-12,Bengaluru,Van,2.7,94,No,4.9
ORD3059,2025-03-21,Pune,Bike,28.2,88,No,4.3
ORD3060,2025-03-24,Delhi,Scooter,51.2,26,Yes,4.8
ORD3061,2025-03-30,Chennai,Truck,7.3,100,Yes,4.6
ORD3062,2025-03-03,Chennai,Truck,44.7,70,No,4.6
ORD3063,2025-03-26,Delhi,Truck,18.0,85,No,4.4
ORD3064,2025-03-30,Delhi,Truck,25.3,51,Yes,3.5
ORD3065,2025-03-25,Hyderabad,Bike,51.4,39,No,3.3
ORD3066,2025-03-01,Bengaluru,Bike,20.5,77,No,4.4
ORD3067,2025-03-25,Pune,Bike,47.7,72,No,3.1
ORD3068,2025-03-15,Hyderabad,Scooter,49.7,31,No,4.2
ORD3069,2025-03-07,Bengaluru,Truck,40.7,32,No,4.8
ORD3070,2025-03-19,Chennai,Scooter,54.4,65,Yes,4.0
ORD3071,2025-03-23,Hyderabad,Scooter,41.2,24,No,4.6
ORD3072,2025-03-15,Bengaluru,Bike,49.0,74,Yes,4.3
ORD3073,2025-03-28,Pune,Van,11.0,45,Yes,3.3
ORD3074,2025-03-26,Chennai,Van,44.3,83,Yes,3.7
ORD3075,2025-03-14,Chennai,Scooter,38.3,73,Yes,3.5
ORD3076,2025-03-13,Delhi,Van,2.4,24,Yes,3.2
ORD3077,2025-03-06,Delhi,Truck,59.6,70,No,3.6
ORD3078,2025-03-20,Hyderabad,Truck,22.3,105,Yes,3.0
ORD3079,2025-03-24,Mumbai,Truck,5.6,92,Yes,3.4
ORD3080,2025-03-29,Mumbai,Bike,11.7,74,No,4.4
ORD3081,2025-03-28,Chennai,Truck,16.6,96,Yes,3.5
ORD3082,2025-03-25,Bengaluru,Bike,22.5,119,No,3.3
ORD3083,2025-03-20,Hyderabad,Truck,43.0,43,Yes,4.6
ORD3084,2025-03-09,Hyderabad,Bike,47.2,64,Yes,3.9
ORD3085,2025-03-09,Hyderabad,Bike,59.7,40,No,3.8
ORD3086,2025-03-26,Bengaluru,Truck,12.1,25,Yes,4.8
ORD3087,2025-03-26,Chennai,Bike,18.6,41,No,5.0
ORD3088,2025-03-16,Bengaluru,Van,53.2,54,Yes,4.4
ORD3089,2025-03-30,Hyderabad,Van,46.8,44,No,4.3
ORD3090,2025-03-29,Bengaluru,Scooter,55.7,19,No,3.3
ORD3091,2025-03-21,Chennai,Scooter,53.0,67,No,3.7
ORD3092,2025-03-11,Mumbai,Scooter,24.4,88,No,3.7
ORD3093,2025-03-11,Hyderabad,Scooter,57.3,34,Yes,4.4
ORD3094,2025-03-21,Mumbai,Truck,49.8,80,Yes,3.2
ORD3095,2025-03-18,Delhi,Scooter,54.6,98,Yes,3.3
ORD3096,2025-03-01,Mumbai,Bike,35.0,115,Yes,4.7
ORD3097,2025-03-08,Pune,Van,43.5,16,No,4.8
ORD3098,2025-03-07,Delhi,Van,53.7,32,No,3.9
ORD3099,2025-03-03,Pune,Truck,33.5,116,No,4.9
ORD3100,2025-03-02,Bengaluru,Scooter,9.9,89,No,4.5
ORD3101,2025-03-17,Delhi,Scooter,47.4,49,No,4.6
ORD3102,2025-03-23,Mumbai,Scooter,32.5,63,No,3.6
ORD3103,2025-03-14,Chennai,Bike,3.0,64,Yes,3.1
ORD3104,2025-03-27,Chennai,Truck,58.5,74,No,3.6
ORD3105,2025-03-18,Mumbai,Bike,9.5,11,Yes,4.6
ORD3106,2025-03-23,Mumbai,Bike,57.2,34,Yes,4.4
ORD3107,2025-03-08,Pune,Truck,53.7,11,No,4.2
ORD3108,2025-03-29,Delhi,Bike,32.5,28,No,3.7
ORD3109,2025-03-02,Mumbai,Truck,3.1,20,No,3.5
ORD3110,2025-03-22,Mumbai,Scooter,7.6,11,No,4.5
ORD3111,2025-03-03,Pune,Bike,20.8,111,Yes,4.5
ORD3112,2025-03-01,Pune,Truck,29.7,33,No,3.2
ORD3113,2025-03-19,Mumbai,Bike,53.8,72,No,3.9
ORD3114,2025-03-07,Pune,Van,24.0,94,Yes,3.9
ORD3115,2025-03-07,Mumbai,Bike,48.2,81,Yes,4.8
ORD3116,2025-03-04,Hyderabad,Scooter,3.6,13,No,4.2
ORD3117,2025-03-22,Hyderabad,Bike,32.1,36,No,3.8
ORD3118,2025-03-05,Pune,Scooter,8.3,24,No,4.3
ORD3119,2025-03-24,Chennai,Van,54.3,13,Yes,4.2
ORD3120,2025-03-20,Delhi,Bike,35.3,51,Yes,4.7
ORD3121,2025-03-27,Chennai,Bike,14.4,50,Yes,3.5
ORD3122,2025-03-19,Chennai,Bike,33.7,102,Yes,3.8
ORD3123,2025-03-07,Delhi,Van,41.0,32,Yes,3.6
ORD3124,2025-03-26,Pune,Van,18.8,82,Yes,4.3
ORD3125,2025-03-15,Delhi,Bike,27.3,10,Yes,4.5
ORD3126,2025-03-16,Chennai,Scooter,5.9,43,Yes,3.1
ORD3127,2025-03-18,Mumbai,Scooter,45.6,91,No,4.7
ORD3128,2025-03-28,Mumbai,Truck,35.1,87,Yes,4.0
ORD3129,2025-03-22,Pune,Truck,59.4,115,No,3.6
ORD3130,2025-03-02,Pune,Van,55.9,31,No,3.9
ORD3131,2025-03-10,Bengaluru,Scooter,42.2,47,No,4.8
ORD3132,2025-03-20,Bengaluru,Van,40.6,84,Yes,4.0
ORD3133,2025-03-18,Bengaluru,Van,29.2,67,No,3.3
ORD3134,2025-03-12,Pune,Van,16.2,94,Yes,4.3
ORD3135,2025-03-01,Chennai,Truck,29.8,65,Yes,3.1
ORD3136,2025-03-24,Delhi,Van,9.8,28,Yes,4.1
ORD3137,2025-03-04,Hyderabad,Truck,52.2,66,Yes,3.3
ORD3138,2025-03-26,Delhi,Bike,46.7,21,No,3.8
ORD3139,2025-03-30,Hyderabad,Bike,45.0,73,Yes,4.9
ORD3140,2025-03-23,Pune,Van,35.1,67,No,4.1
ORD3141,2025-03-05,Delhi,Truck,18.2,68,No,3.4
ORD3142,2025-03-21,Pune,Bike,54.7,81,Yes,3.9
ORD3143,2025-03-20,Delhi,Van,58.4,110,No,4.4
ORD3144,2025-03-16,Hyderabad,Bike,9.9,81,Yes,4.9
ORD3145,2025-03-06,Mumbai,Van,18.5,55,No,4.1
ORD3146,2025-03-21,Bengaluru,Van,41.9,32,Yes,4.8
ORD3147,2025-03-30,Chennai,Truck,42.9,89,No,3.4
ORD3148,2025-03-05,Chennai,Truck,29.6,45,Yes,4.8
ORD3149,2025-03-10,Pune,Scooter,21.9,81,Yes,4.6
ORD3150,2025-03-17,Mumbai,Truck,45.3,31,Yes,4.9
ORD3151,2025-03-17,Mumbai,Truck,29.0,76,No,4.3
ORD3152,2025-03-26,Chennai,Bike,38.3,17,Yes,3.2
ORD3153,2025-03-06,Hyderabad,Scooter,40.5,118,No,4.2
ORD3154,2025-03-01,Chennai,Bike,34.3,56,Yes,3.1
ORD3155,2025-03-23,Pune,Van,25.1,34,Yes,4.4
ORD3156,2025-03-04,Delhi,Truck,30.4,31,No,3.0
ORD3157,2025-03-09,Hyderabad,Truck,20.4,91,Yes,3.1
ORD3158,2025-03-29,Mumbai,Van,35.9,32,No,4.8
ORD3159,2025-03-10,Chennai,Scooter,14.7,32,Yes,4.8
ORD3160,2025-03-11,Mumbai,Van,57.7,46,Yes,4.6
ORD3161,2025-03-07,Pune,Bike,24.5,10,No,3.3
ORD3162,2025-03-29,Hyderabad,Scooter,8.0,82,Yes,3.9
ORD3163,2025-03-13,Delhi,Bike,43.0,100,No,3.1
ORD3164,2025-03-12,Pune,Bike,3.7,83,Yes,4.7
ORD3165,2025-03-03,Pune,Van,6.9,95,No,3.6
ORD3166,2025-03-28,Delhi,Truck,31.1,46,Yes,4.2
ORD3167,2025-03-18,Mumbai,Truck,31.2,18,Yes,4.8
ORD3168,2025-03-08,Hyderabad,Bike,17.7,76,Yes,5.0
ORD3169,2025-03-08,Delhi,Bike,58.4,49,No,4.1
ORD3170,2025-03-07,Pune,Bike,7.2,65,Yes,4.9
ORD3171,2025-03-24,Delhi,Truck,39.8,101,No,3.7
ORD3172,2025-03-27,Delhi,Truck,37.4,78,No,4.4
ORD3173,2025-03-06,Hyderabad,Van,57.9,67,Yes,4.2
ORD3174,2025-03-10,Delhi,Scooter,43.2,79,Yes,4.4
ORD3175,2025-03-25,Hyderabad,Bike,20.6,118,Yes,3.4
ORD3176,2025-03-13,Mumbai,Van,2.4,105,Yes,4.7
ORD3177,2025-03-09,Hyderabad,Scooter,24.5,88,No,4.5
ORD3178,2025-03-02,Mumbai,Bike,56.4,62,No,4.0
ORD3179,2025-03-28,Mumbai,Truck,40.8,34,Yes,3.9
ORD3180,2025-03-15,Delhi,Truck,19.7,89,Yes,4.5
ORD3181,2025-03-14,Mumbai,Truck,3.6,62,Yes,4.8
ORD3182,2025-03-16,Mumbai,Truck,2.9,13,Yes,3.6
ORD3183,2025-03-05,Bengaluru,Bike,46.1,117,Yes,4.1
ORD3184,2025-03-23,Pune,Truck,44.3,30,No,4.3
ORD3185,2025-03-21,Pune,Truck,13.4,108,No,5.0
ORD3186,2025-03-03,Bengaluru,Bike,14.2,17,No,4.2
ORD3187,2025-03-08,Bengaluru,Truck,10.6,108,No,3.8
ORD3188,2025-03-14,Chennai,Truck,56.2,31,No,4.8
ORD3189,2025-03-09,Hyderabad,Scooter,45.4,14,Yes,3.7
ORD3190,2025-03-06,Hyderabad,Scooter,45.2,96,No,3.4
ORD3191,2025-03-08,Bengaluru,Van,54.3,19,No,4.0
ORD3192,2025-03-16,Delhi,Bike,58.9,95,No,3.2
ORD3193,2025-03-16,Bengaluru,Bike,40.0,54,Yes,3.5
ORD3194,2025-03-10,Hyderabad,Bike,34.8,72,Yes,3.2
ORD3195,2025-03-26,Bengaluru,Scooter,33.0,94,No,3.8
ORD3196,2025-03-23,Pune,Van,11.5,13,No,3.5
ORD3197,2025-03-26,Delhi,Van,56.0,19,Yes,4.8
ORD3198,2025-03-26,Hyderabad,Truck,15.7,99,Yes,3.3
ORD3199,2025-03-20,Mumbai,Scooter,39.5,58,No,4.2
ORD3200,2025-03-30,Delhi,Truck,47.2,72,No,3.1
ORD3201,2025-03-10,Pune,Bike,35.1,116,Yes,3.4
ORD3202,2025-03-12,Chennai,Scooter,41.0,19,No,4.5
ORD3203,2025-03-30,Bengaluru,Truck,11.0,23,No,3.5
ORD3204,2025-03-04,Hyderabad,Van,8.1,24,Yes,3.3
ORD3205,2025-03-27,Delhi,Van,6.2,80,No,3.3
ORD3206,2025-03-08,Chennai,Bike,53.9,45,No,3.9
ORD3207,2025-03-19,Hyderabad,Bike,22.5,99,Yes,3.8
ORD3208,2025-03-09,Hyderabad,Scooter,6.0,92,No,4.3
ORD3209,2025-03-02,Bengaluru,Van,32.3,118,No,4.1
ORD3210,2025-03-04,Delhi,Scooter,36.6,19,No,3.2
ORD3211,2025-03-19,Mumbai,Van,50.6,101,Yes,3.1
ORD3212,2025-03-18,Hyderabad,Truck,13.0,65,Yes,4.0
ORD3213,2025-03-15,Delhi,Truck,3.9,14,No,4.8
ORD3214,2025-03-24,Chennai,Scooter,57.0,11,Yes,3.6
ORD3215,2025-03-11,Mumbai,Scooter,40.8,109,No,4.2
ORD3216,2025-03-11,Hyderabad,Van,2.4,17,No,4.7
ORD3217,2025-03-25,Bengaluru,Scooter,52.6,74,Yes,4.9
ORD3218,2025-03-12,Bengaluru,Bike,3.8,65,Yes,3.1
ORD3219,2025-03-28,Pune,Van,48.2,81,Yes,3.4
ORD3220,2025-03-14,Mumbai,Van,38.0,119,No,3.3
ORD3221,2025-03-15,Hyderabad,Van,22.1,103,Yes,5.0
ORD3222,2025-03-24,Hyderabad,Van,11.8,78,Yes,4.3
ORD3223,2025-03-06,Chennai,Bike,5.7,16,Yes,3.6
ORD3224,2025-03-24,Chennai,Truck,36.4,90,No,4.0
ORD3225,2025-03-11,Bengaluru,Bike,4.8,101,No,3.7
ORD3226,2025-03-08,Bengaluru,Truck,56.8,77,No,3.2
ORD3227,2025-03-18,Hyderabad,Scooter,19.4,53,No,4.5
ORD3228,2025-03-06,Delhi,Truck,47.1,75,Yes,3.5
ORD3229,2025-03-07,Pune,Bike,18.8,57,No,4.0
ORD3230,2025-03-12,Chennai,Scooter,13.9,108,No,4.2
ORD3231,2025-03-22,Mumbai,Scooter,55.2,27,Yes,4.6
ORD3232,2025-03-25,Mumbai,Scooter,50.8,47,No,4.3
ORD3233,2025-03-12,Mumbai,Bike,35.8,119,Yes,4.0
ORD3234,2025-03-25,Bengaluru,Truck,39.4,68,Yes,3.3
ORD3235,2025-03-18,Delhi,Scooter,43.1,47,Yes,3.8
ORD3236,2025-03-22,Mumbai,Bike,53.9,58,No,3.2
ORD3237,2025-03-19,Bengaluru,Van,29.6,48,Yes,3.2
ORD3238,2025-03-26,Chennai,Scooter,30.3,119,No,4.0
ORD3239,2025-03-30,Chennai,Truck,25.6,55,Yes,4.0
ORD3240,2025-03-06,Delhi,Van,16.6,46,Yes,4.1
ORD3241,2025-03-18,Pune,Truck,28.3,97,Yes,3.9
ORD3242,2025-03-09,Bengaluru,Bike,16.0,36,Yes,3.3
ORD3243,2025-03-18,Pune,Bike,54.2,43,No,4.5
ORD3244,2025-03-11,Hyderabad,Scooter,5.3,52,Yes,4.5
ORD3245,2025-03-08,Chennai,Truck,2.9,105,No,4.0
ORD3246,2025-03-12,Bengaluru,Truck,29.5,91,Yes,3.7
ORD3247,2025-03-25,Delhi,Van,36.3,31,Yes,4.1
ORD3248,2025-03-22,Chennai,Van,58.1,118,No,3.8
ORD3249,2025-03-15,Bengaluru,Scooter,27.8,41,Yes,4.4
ORD3250,2025-03-01,Pune,Scooter,28.9,21,No,4.1
ORD3251,2025-03-02,Hyderabad,Bike,48.0,76,Yes,3.9
ORD3252,2025-03-26,Hyderabad,Van,43.4,52,Yes,3.5
ORD3253,2025-03-22,Delhi,Scooter,47.3,107,Yes,4.6
ORD3254,2025-03-02,Chennai,Van,15.9,32,Yes,5.0
ORD3255,2025-03-05,Delhi,Van,33.5,21,No,3.3
ORD3256,2025-03-27,Hyderabad,Scooter,33.3,114,Yes,3.5
ORD3257,2025-03-26,Delhi,Truck,35.0,55,No,4.8
ORD3258,2025-03-13,Chennai,Truck,48.2,58,No,3.3
ORD3259,2025-03-09,Chennai,Scooter,24.9,104,No,4.3
ORD3260,2025-03-19,Bengaluru,Bike,15.4,29,No,4.7
ORD3261,2025-03-13,Bengaluru,Van,30.3,48,Yes,4.6
ORD3262,2025-03-25,Pune,Truck,12.3,112,Yes,3.8
ORD3263,2025-03-20,Mumbai,Bike,2.4,78,Yes,3.9
ORD3264,2025-03-04,Bengaluru,Truck,2.1,23,No,4.2
ORD3265,2025-03-11,Pune,Bike,25.6,55,Yes,4.9
ORD3266,2025-03-08,Mumbai,Scooter,26.8,100,No,3.9
ORD3267,2025-03-21,Bengaluru,Bike,14.5,48,Yes,3.8
ORD3268,2025-03-29,Chennai,Bike,36.6,104,No,4.4
ORD3269,2025-03-15,Chennai,Van,28.0,24,Yes,3.8
ORD3270,2025-03-09,Delhi,Bike,27.0,70,Yes,4.1
ORD3271,2025-03-15,Chennai,Scooter,59.4,109,No,4.7
ORD3272,2025-03-04,Chennai,Truck,58.7,105,No,4.7
ORD3273,2025-03-04,Mumbai,Van,45.1,64,Yes,4.2
ORD3274,2025-03-18,Delhi,Bike,14.3,84,Yes,3.2
ORD3275,2025-03-24,Chennai,Bike,51.2,109,Yes,4.4
ORD3276,2025-03-30,Chennai,Bike,37.5,116,Yes,3.7
ORD3277,2025-03-22,Hyderabad,Bike,47.7,88,No,4.7
ORD3278,2025-03-22,Chennai,Truck,35.8,29,Yes,3.1
ORD3279,2025-03-13,Hyderabad,Truck,27.1,51,No,4.3
ORD3280,2025-03-14,Bengaluru,Truck,26.2,37,No,3.8
ORD3281,2025-03-08,Bengaluru,Bike,57.9,116,No,4.1
ORD3282,2025-03-27,Chennai,Van,55.2,15,Yes,4.7
ORD3283,2025-03-16,Delhi,Scooter,59.9,65,No,3.7
ORD3284,2025-03-15,Chennai,Bike,42.0,98,No,3.1
ORD3285,2025-03-08,Bengaluru,Van,42.5,82,Yes,3.1
ORD3286,2025-03-20,Hyderabad,Van,56.4,29,No,3.7
ORD3287,2025-03-11,Hyderabad,Scooter,16.2,47,Yes,3.5
ORD3288,2025-03-14,Pune,Van,26.5,87,No,3.3
ORD3289,2025-03-19,Bengaluru,Bike,10.1,104,Yes,3.6
ORD3290,2025-03-02,Chennai,Scooter,2.0,10,No,5.0
ORD3291,2025-03-12,Bengaluru,Scooter,12.1,21,No,4.7
ORD3292,2025-03-19,Bengaluru,Scooter,34.5,44,Yes,4.2
ORD3293,2025-03-15,Hyderabad,Scooter,56.0,22,Yes,4.4
ORD3294,2025-03-28,Hyderabad,Bike,4.8,61,No,3.2
ORD3295,2025-03-26,Bengaluru,Van,52.1,37,Yes,4.3
ORD3296,2025-03-06,Hyderabad,Truck,8.5,49,No,4.7
ORD3297,2025-03-25,Chennai,Truck,15.4,42,No,3.9
ORD3298,2025-03-25,Chennai,Truck,19.4,37,Yes,3.4
ORD3299,2025-03-09,Mumbai,Bike,41.5,16,Yes,4.9
ORD3300,2025-03-19,Bengaluru,Truck,28.2,64,No,4.0
ORD3301,2025-03-03,Delhi,Van,26.1,102,No,4.6
ORD3302,2025-03-27,Pune,Scooter,48.7,27,No,4.7
ORD3303,2025-03-12,Chennai,Bike,52.2,78,Yes,4.9
ORD3304,2025-03-13,Pune,Truck,54.0,34,No,3.6
ORD3305,2025-03-12,Hyderabad,Truck,48.9,101,No,3.8
ORD3306,2025-03-09,Bengaluru,Van,58.4,28,No,3.5
ORD3307,2025-03-05,Delhi,Truck,9.4,92,Yes,3.4
ORD3308,2025-03-18,Delhi,Bike,59.9,104,Yes,3.4
ORD3309,2025-03-13,Delhi,Van,53.4,15,No,3.1
ORD3310,2025-03-18,Delhi,Truck,41.7,40,No,3.5
ORD3311,2025-03-11,Chennai,Bike,44.6,114,Yes,3.6
ORD3312,2025-03-17,Mumbai,Van,17.4,85,No,4.3
ORD3313,2025-03-11,Hyderabad,Van,34.3,67,No,3.5
ORD3314,2025-03-12,Chennai,Bike,13.3,111,No,4.2
ORD3315,2025-03-30,Mumbai,Scooter,45.4,72,No,3.1
ORD3316,2025-03-03,Chennai,Bike,51.3,70,Yes,3.3
ORD3317,2025-03-11,Hyderabad,Scooter,9.8,65,No,4.3
ORD3318,2025-03-13,Chennai,Van,9.9,104,No,3.9
ORD3319,2025-03-18,Hyderabad,Van,33.1,11,Yes,4.2
ORD3320,2025-03-08,Bengaluru,Bike,40.3,32,Yes,4.3
ORD3321,2025-03-17,Chennai,Van,50.0,15,No,4.4
ORD3322,2025-03-11,Bengaluru,Scooter,37.7,110,No,3.2
ORD3323,2025-03-03,Chennai,Van,46.3,92,Yes,3.0
ORD3324,2025-03-26,Bengaluru,Van,17.3,12,No,4.4
ORD3325,2025-03-16,Pune,Bike,23.1,58,Yes,4.0
ORD3326,2025-03-12,Bengaluru,Bike,49.5,56,No,4.5
ORD3327,2025-03-15,Bengaluru,Scooter,40.7,53,No,4.6
ORD3328,2025-03-20,Delhi,Truck,13.1,71,No,4.6
ORD3329,2025-03-21,Mumbai,Bike,55.9,19,No,3.3
ORD3330,2025-03-10,Mumbai,Van,59.6,44,Yes,4.4
ORD3331,2025-03-27,Pune,Bike,34.3,83,Yes,4.1
ORD3332,2025-03-28,Bengaluru,Truck,47.3,21,No,4.1
ORD3333,2025-03-04,Pune,Truck,57.2,49,No,4.7
ORD3334,2025-03-17,Delhi,Bike,44.8,49,No,3.1
ORD3335,2025-03-01,Delhi,Truck,37.7,107,Yes,3.2
ORD3336,2025-03-14,Hyderabad,Bike,15.7,32,Yes,3.6
ORD3337,2025-03-07,Delhi,Truck,50.1,114,No,5.0
ORD3338,2025-03-05,Bengaluru,Scooter,16.6,62,Yes,3.1
ORD3339,2025-03-04,Hyderabad,Scooter,32.3,115,No,3.6
ORD3340,2025-03-20,Mumbai,Scooter,32.9,75,No,3.6
ORD3341,2025-03-18,Mumbai,Van,35.4,41,No,4.1
ORD3342,2025-03-17,Chennai,Scooter,47.8,29,Yes,4.0
ORD3343,2025-03-08,Bengaluru,Bike,19.7,66,No,3.5
ORD3344,2025-03-25,Pune,Scooter,53.9,36,No,3.2
ORD3345,2025-03-12,Chennai,Van,48.0,72,No,4.7
ORD3346,2025-03-23,Mumbai,Scooter,17.7,30,No,4.9
ORD3347,2025-03-29,Delhi,Van,49.3,111,Yes,4.5
ORD3348,2025-03-28,Hyderabad,Truck,15.3,46,Yes,3.3
ORD3349,2025-03-03,Pune,Bike,46.9,75,No,4.4
ORD3350,2025-03-09,Chennai,Scooter,15.1,119,No,3.5
ORD3351,2025-03-09,Bengaluru,Van,12.8,28,Yes,4.0
ORD3352,2025-03-26,Mumbai,Van,26.2,81,No,4.2
ORD3353,2025-03-07,Mumbai,Bike,59.0,109,No,4.4
ORD3354,2025-03-21,Pune,Bike,17.9,75,Yes,4.4
ORD3355,2025-03-02,Hyderabad,Scooter,22.9,68,Yes,3.7
ORD3356,2025-03-25,Mumbai,Van,4.0,54,No,4.1
ORD3357,2025-03-22,Pune,Van,34.4,103,Yes,4.9
ORD3358,2025-03-05,Chennai,Bike,44.7,86,Yes,4.7
ORD3359,2025-03-20,Pune,Van,2.7,72,No,4.0
ORD3360,2025-03-12,Mumbai,Truck,16.1,65,No,3.7
ORD3361,2025-03-06,Mumbai,Truck,16.1,31,Yes,4.5
ORD3362,2025-03-08,Hyderabad,Van,12.1,44,No,4.2
ORD3363,2025-03-23,Delhi,Truck,5.7,47,No,4.6
ORD3364,2025-03-29,Pune,Bike,35.6,76,Yes,4.6
ORD3365,2025-03-11,Bengaluru,Scooter,11.2,42,Yes,4.4
ORD3366,2025-03-28,Pune,Scooter,39.7,78,Yes,3.7
ORD3367,2025-03-23,Bengaluru,Bike,28.0,104,No,4.5
ORD3368,2025-03-10,Chennai,Truck,58.9,63,Yes,4.2
ORD3369,2025-03-20,Pune,Bike,54.6,61,No,3.9
ORD3370,2025-03-20,Bengaluru,Bike,33.5,29,Yes,4.1
ORD3371,2025-03-19,Hyderabad,Scooter,4.2,75,No,4.2
ORD3372,2025-03-24,Hyderabad,Bike,53.1,117,Yes,3.4
ORD3373,2025-03-20,Mumbai,Bike,34.6,35,No,4.3
ORD3374,2025-03-26,Pune,Van,13.9,58,Yes,3.8
ORD3375,2025-03-26,Mumbai,Van,11.0,102,No,4.1
ORD3376,2025-03-06,Chennai,Bike,33.4,20,Yes,3.6
ORD3377,2025-03-26,Pune,Truck,34.5,22,Yes,3.2
ORD3378,2025-03-14,Delhi,Truck,10.8,87,Yes,3.4
ORD3379,2025-03-16,Mumbai,Van,28.1,72,Yes,3.9
ORD3380,2025-03-25,Hyderabad,Scooter,18.1,80,Yes,3.6
ORD3381,2025-03-20,Mumbai,Van,3.3,108,No,4.9
ORD3382,2025-03-28,Chennai,Bike,42.8,72,Yes,4.5
ORD3383,2025-03-13,Chennai,Bike,53.2,50,No,4.9
ORD3384,2025-03-27,Mumbai,Truck,44.6,23,No,5.0
ORD3385,2025-03-25,Delhi,Truck,32.3,92,Yes,3.3
ORD3386,2025-03-22,Bengaluru,Bike,24.4,86,Yes,4.7
ORD3387,2025-03-12,Pune,Truck,40.3,38,Yes,4.5
ORD3388,2025-03-26,Hyderabad,Truck,9.9,25,No,4.7
ORD3389,2025-03-01,Delhi,Scooter,30.4,21,Yes,4.6
ORD3390,2025-03-15,Chennai,Truck,56.5,75,No,4.9
ORD3391,2025-03-08,Hyderabad,Van,17.4,116,No,3.5
ORD3392,2025-03-01,Pune,Bike,2.3,22,Yes,4.8
ORD3393,2025-03-30,Hyderabad,Van,13.3,19,Yes,4.8
ORD3394,2025-03-02,Bengaluru,Bike,28.0,41,No,3.9
ORD3395,2025-03-23,Chennai,Truck,31.8,29,Yes,4.3
ORD3396,2025-03-16,Bengaluru,Truck,43.8,51,Yes,3.8
ORD3397,2025-03-29,Bengaluru,Truck,24.0,96,Yes,4.0
ORD3398,2025-03-14,Delhi,Bike,28.0,41,Yes,4.2
ORD3399,2025-03-23,Pune,Van,37.4,100,Yes,3.7
ORD3400,2025-03-12,Chennai,Truck,37.4,111,Yes,4.5
ORD3401,2025-03-27,Chennai,Scooter,52.6,41,Yes,4.7
ORD3402,2025-03-16,Delhi,Scooter,54.4,119,Yes,4.9
ORD3403,2025-03-05,Chennai,Bike,46.3,51,No,3.8
ORD3404,2025-03-11,Delhi,Van,17.3,41,Yes,4.1
ORD3405,2025-03-22,Chennai,Truck,8.5,93,No,4.4
ORD3406,2025-03-08,Pune,Scooter,18.9,29,Yes,4.5
ORD3407,2025-03-11,Mumbai,Scooter,34.1,118,No,4.8
ORD3408,2025-03-12,Chennai,Van,51.9,114,No,4.7
ORD3409,2025-03-23,Mumbai,Truck,14.1,98,Yes,3.8
ORD3410,2025-03-01,Pune,Van,2.5,56,No,4.6
ORD3411,2025-03-18,Bengaluru,Scooter,39.7,54,No,5.0
ORD3412,2025-03-27,Bengaluru,Van,32.6,54,No,3.9
ORD3413,2025-03-13,Bengaluru,Bike,29.8,23,Yes,4.6
ORD3414,2025-03-28,Hyderabad,Scooter,14.3,52,Yes,3.4
ORD3415,2025-03-12,Bengaluru,Bike,12.3,41,Yes,3.9
ORD3416,2025-03-23,Mumbai,Van,31.3,112,No,3.4
ORD3417,2025-03-30,Pune,Van,3.0,16,Yes,3.4
ORD3418,2025-03-16,Delhi,Van,25.1,118,No,3.7
ORD3419,2025-03-23,Delhi,Truck,19.4,82,Yes,4.7
ORD3420,2025-03-21,Hyderabad,Van,33.0,87,No,5.0
ORD3421,2025-03-03,Chennai,Scooter,51.9,59,Yes,3.6
ORD3422,2025-03-03,Bengaluru,Truck,6.6,113,No,4.7
ORD3423,2025-03-11,Chennai,Bike,48.2,54,Yes,3.6
ORD3424,2025-03-05,Delhi,Scooter,27.4,68,Yes,3.8
ORD3425,2025-03-27,Mumbai,Scooter,55.8,77,No,4.3
ORD3426,2025-03-05,Hyderabad,Bike,33.4,52,No,3.5
ORD3427,2025-03-20,Hyderabad,Bike,41.3,84,Yes,4.4
ORD3428,2025-03-13,Hyderabad,Truck,42.3,80,Yes,3.7
ORD3429,2025-03-18,Bengaluru,Truck,35.6,30,Yes,4.5
ORD3430,2025-03-17,Hyderabad,Van,45.5,18,Yes,3.2
ORD3431,2025-03-16,Mumbai,Bike,45.7,38,Yes,4.3
ORD3432,2025-03-07,Mumbai,Truck,39.1,63,No,3.5
ORD3433,2025-03-07,Hyderabad,Scooter,20.8,90,Yes,4.9
ORD3434,2025-03-17,Delhi,Van,3.8,37,No,4.3
ORD3435,2025-03-10,Pune,Bike,43.7,68,No,3.9
ORD3436,2025-03-29,Pune,Van,35.3,45,Yes,4.9
ORD3437,2025-03-14,Delhi,Van,4.0,119,No,4.0
ORD3438,2025-03-25,Hyderabad,Truck,58.8,34,No,3.5
ORD3439,2025-03-10,Bengaluru,Truck,16.4,11,No,4.4
ORD3440,2025-03-22,Delhi,Truck,57.0,11,Yes,4.6
ORD3441,2025-03-03,Hyderabad,Bike,52.1,62,Yes,4.8
ORD3442,2025-03-10,Mumbai,Bike,24.6,72,Yes,3.5
ORD3443,2025-03-15,Chennai,Scooter,41.4,35,No,4.6
ORD3444,2025-03-25,Delhi,Van,32.2,36,Yes,3.6
ORD3445,2025-03-05,Bengaluru,Scooter,25.1,75,No,4.8
ORD3446,2025-03-29,Pune,Van,10.0,85,No,4.7
ORD3447,2025-03-21,Chennai,Scooter,8.8,106,No,4.4
ORD3448,2025-03-01,Chennai,Truck,44.7,86,Yes,3.1
ORD3449,2025-03-11,Bengaluru,Bike,7.2,68,No,4.3
ORD3450,2025-03-29,Bengaluru,Van,36.5,102,No,4.3
ORD3451,2025-03-14,Hyderabad,Bike,31.0,75,No,4.0
ORD3452,2025-03-12,Mumbai,Truck,15.0,80,Yes,3.4
ORD3453,2025-03-03,Bengaluru,Bike,41.2,85,No,3.7
ORD3454,2025-03-06,Bengaluru,Scooter,47.2,81,Yes,4.9
ORD3455,2025-03-08,Chennai,Truck,34.6,79,No,4.8
ORD3456,2025-03-24,Delhi,Van,20.3,22,Yes,4.6
ORD3457,2025-03-18,Pune,Van,22.6,42,No,4.1
ORD3458,2025-03-04,Delhi,Truck,41.8,100,Yes,3.4
ORD3459,2025-03-16,Pune,Scooter,21.1,74,No,3.1
ORD3460,2025-03-03,Bengaluru,Truck,40.7,95,No,4.6
ORD3461,2025-03-17,Mumbai,Bike,21.5,98,No,3.7
ORD3462,2025-03-20,Bengaluru,Truck,47.6,87,Yes,3.1
ORD3463,2025-03-19,Mumbai,Van,3.8,48,Yes,3.7
ORD3464,2025-03-19,Chennai,Scooter,15.0,34,Yes,4.9
ORD3465,2025-03-30,Hyderabad,Van,8.7,56,No,4.0
ORD3466,2025-03-11,Chennai,Scooter,50.7,111,No,3.8
ORD3467,2025-03-19,Hyderabad,Van,23.2,83,Yes,3.5
ORD3468,2025-03-29,Pune,Truck,35.7,41,No,3.3
ORD3469,2025-03-04,Chennai,Truck,41.0,59,Yes,4.6
ORD3470,2025-03-22,Bengaluru,Truck,2.0,14,Yes,4.4
ORD3471,2025-03-27,Pune,Bike,33.0,101,Yes,3.9
ORD3472,2025-03-18,Bengaluru,Van,41.4,71,Yes,5.0
ORD3473,2025-03-08,Mumbai,Truck,43.6,38,Yes,4.6
ORD3474,2025-03-11,Bengaluru,Truck,48.0,90,No,4.4
ORD3475,2025-03-15,Pune,Bike,13.4,62,No,4.8
ORD3476,2025-03-06,Delhi,Bike,22.6,33,No,3.6
ORD3477,2025-03-29,Bengaluru,Scooter,17.5,93,No,3.9
ORD3478,2025-03-12,Delhi,Scooter,47.1,82,Yes,4.7
ORD3479,2025-03-20,Pune,Truck,44.4,30,Yes,3.7
ORD3480,2025-03-11,Chennai,Van,8.6,61,Yes,3.5
ORD3481,2025-03-11,Chennai,Scooter,44.9,55,No,4.2
ORD3482,2025-03-10,Hyderabad,Bike,55.8,116,Yes,4.0
ORD3483,2025-03-28,Pune,Van,53.3,34,No,4.8
ORD3484,2025-03-04,Hyderabad,Bike,4.0,70,No,3.1
ORD3485,2025-03-12,Bengaluru,Van,55.6,32,Yes,3.3
ORD3486,2025-03-01,Bengaluru,Bike,54.1,29,No,3.7
ORD3487,2025-03-07,Pune,Scooter,58.0,37,Yes,4.8
ORD3488,2025-03-20,Hyderabad,Truck,34.4,12,Yes,5.0
ORD3489,2025-03-23,Bengaluru,Truck,12.8,60,No,3.8
ORD3490,2025-03-28,Delhi,Van,9.0,94,Yes,4.1
ORD3491,2025-03-26,Chennai,Van,30.5,87,No,3.2
ORD3492,2025-03-22,Mumbai,Scooter,33.6,45,No,3.4
ORD3493,2025-03-02,Mumbai,Truck,8.5,48,Yes,3.7
ORD3494,2025-03-30,Chennai,Scooter,2.8,90,No,4.8
ORD3495,2025-03-13,Mumbai,Bike,11.9,55,No,4.6
ORD3496,2025-03-10,Mumbai,Van,26.9,42,No,3.2
ORD3497,2025-03-20,Delhi,Truck,25.3,76,No,4.2
ORD3498,2025-03-12,Chennai,Bike,10.1,28,No,3.3
ORD3499,2025-03-04,Pune,Van,18.4,99,Yes,4.4
ORD3500,2025-03-10,Hyderabad,Scooter,38.3,53,No,3.4
ORD3501,2025-03-27,Chennai,Van,20.3,13,Yes,3.2
ORD3502,2025-03-24,Bengaluru,Van,5.6,29,Yes,3.1
ORD3503,2025-03-30,Bengaluru,Truck,29.4,58,No,4.3
ORD3504,2025-03-09,Chennai,Bike,24.3,66,Yes,3.1
ORD3505,2025-03-21,Mumbai,Truck,47.1,27,Yes,3.8
ORD3506,2025-03-24,Delhi,Truck,2.2,30,No,3.4
ORD3507,2025-03-27,Bengaluru,Bike,25.1,95,Yes,4.0
ORD3508,2025-03-09,Hyderabad,Scooter,57.8,50,Yes,3.2
ORD3509,2025-03-10,Delhi,Truck,17.5,115,No,4.1
ORD3510,2025-03-14,Hyderabad,Van,44.6,58,Yes,3.2
ORD3511,2025-03-29,Mumbai,Truck,59.8,80,Yes,4.2
ORD3512,2025-03-16,Hyderabad,Scooter,58.6,26,Yes,3.4
ORD3513,2025-03-16,Hyderabad,Truck,38.2,75,No,3.7
ORD3514,2025-03-05,Bengaluru,Scooter,45.1,86,No,3.1
ORD3515,2025-03-02,Mumbai,Scooter,58.9,56,Yes,4.9
ORD3516,2025-03-06,Hyderabad,Van,57.6,63,No,3.2
ORD3517,2025-03-11,Delhi,Scooter,32.8,26,No,3.2
ORD3518,2025-03-01,Chennai,Truck,15.9,31,Yes,4.8
ORD3519,2025-03-20,Pune,Bike,39.5,87,Yes,3.8
ORD3520,2025-03-07,Chennai,Van,52.8,12,No,5.0
ORD3521,2025-03-30,Bengaluru,Van,51.4,77,No,3.6
ORD3522,2025-03-04,Hyderabad,Truck,45.1,27,No,4.3
ORD3523,2025-03-30,Delhi,Bike,4.5,83,Yes,3.1
ORD3524,2025-03-17,Delhi,Bike,27.4,65,Yes,4.9
ORD3525,2025-03-04,Pune,Van,11.8,46,Yes,3.9
ORD3526,2025-03-27,Hyderabad,Bike,26.2,23,Yes,3.2
ORD3527,2025-03-30,Pune,Truck,23.2,27,Yes,4.5
ORD3528,2025-03-07,Hyderabad,Van,49.9,71,Yes,4.5
ORD3529,2025-03-10,Mumbai,Bike,33.0,62,No,4.1
ORD3530,2025-03-06,Chennai,Scooter,54.5,43,No,4.1
ORD3531,2025-03-12,Hyderabad,Scooter,12.0,76,Yes,4.8
ORD3532,2025-03-18,Hyderabad,Bike,53.3,31,Yes,3.7
ORD3533,2025-03-24,Delhi,Bike,23.9,59,No,3.2
ORD3534,2025-03-30,Pune,Truck,53.4,112,No,3.8
ORD3535,2025-03-12,Pune,Truck,29.9,60,No,3.2
ORD3536,2025-03-04,Bengaluru,Bike,50.7,28,Yes,4.9
ORD3537,2025-03-21,Pune,Scooter,24.5,100,Yes,4.1
ORD3538,2025-03-28,Chennai,Bike,13.5,86,Yes,4.9
ORD3539,2025-03-24,Chennai,Truck,45.9,74,No,4.7
ORD3540,2025-03-29,Chennai,Truck,48.0,73,Yes,4.4
ORD3541,2025-03-15,Mumbai,Scooter,16.1,25,Yes,3.8
ORD3542,2025-03-15,Chennai,Van,28.5,16,No,3.9
ORD3543,2025-03-17,Delhi,Bike,21.8,17,No,3.5
ORD3544,2025-03-04,Hyderabad,Bike,35.6,61,No,4.2
ORD3545,2025-03-22,Delhi,Bike,47.7,110,Yes,4.6
ORD3546,2025-03-07,Mumbai,Bike,20.4,57,No,4.4
ORD3547,2025-03-12,Mumbai,Van,23.9,27,Yes,3.6
ORD3548,2025-03-28,Delhi,Van,47.8,16,No,4.3
ORD3549,2025-03-07,Bengaluru,Van,2.9,27,No,4.3
ORD3550,2025-03-24,Bengaluru,Scooter,39.1,78,Yes,4.3
ORD3551,2025-03-21,Pune,Van,43.1,25,No,3.5
ORD3552,2025-03-28,Pune,Van,10.9,90,Yes,4.2
ORD3553,2025-03-24,Mumbai,Bike,26.4,52,No,3.4
ORD3554,2025-03-03,Pune,Bike,47.5,88,Yes,3.8
ORD3555,2025-03-01,Bengaluru,Van,20.9,79,No,4.1
ORD3556,2025-03-02,Pune,Van,4.8,86,No,4.3
ORD3557,2025-03-23,Pune,Truck,8.8,93,No,4.1
ORD3558,2025-03-22,Pune,Bike,17.8,111,No,3.5
ORD3559,2025-03-26,Delhi,Truck,51.3,88,Yes,4.6
ORD3560,2025-03-05,Mumbai,Van,3.3,96,Yes,3.0
ORD3561,2025-03-14,Chennai,Van,13.2,116,No,3.0
ORD3562,2025-03-09,Bengaluru,Van,25.3,79,No,3.4
ORD3563,2025-03-08,Pune,Bike,18.8,75,No,3.3
ORD3564,2025-03-25,Pune,Van,29.2,77,Yes,4.9
ORD3565,2025-03-23,Bengaluru,Bike,60.0,72,No,3.6
ORD3566,2025-03-18,Pune,Van,32.6,87,Yes,3.3
ORD3567,2025-03-21,Delhi,Truck,15.4,68,No,3.9
ORD3568,2025-03-27,Pune,Scooter,55.6,35,Yes,4.6
ORD3569,2025-03-09,Delhi,Bike,20.2,16,No,3.3
ORD3570,2025-03-06,Delhi,Scooter,44.3,24,No,4.2
ORD3571,2025-03-02,Bengaluru,Van,40.9,23,No,3.6
ORD3572,2025-03-23,Bengaluru,Scooter,36.4,87,No,4.8
ORD3573,2025-03-27,Mumbai,Truck,41.6,103,Yes,3.4
ORD3574,2025-03-19,Bengaluru,Scooter,2.4,10,Yes,3.7
ORD3575,2025-03-11,Mumbai,Scooter,32.4,73,Yes,3.6
ORD3576,2025-03-30,Delhi,Scooter,13.9,115,No,4.2
ORD3577,2025-03-12,Pune,Van,19.6,101,Yes,4.2
ORD3578,2025-03-08,Chennai,Bike,9.5,104,Yes,3.9
ORD3579,2025-03-27,Bengaluru,Van,13.7,39,Yes,4.8
ORD3580,2025-03-11,Delhi,Scooter,20.5,31,Yes,4.3
ORD3581,2025-03-22,Chennai,Van,12.6,30,Yes,4.8
ORD3582,2025-03-08,Pune,Truck,37.1,37,No,3.3
ORD3583,2025-03-26,Delhi,Bike,8.7,47,No,3.5
ORD3584,2025-03-13,Pune,Van,32.9,30,No,4.8
ORD3585,2025-03-23,Chennai,Truck,30.3,59,No,4.0
ORD3586,2025-03-23,Bengaluru,Van,38.9,99,No,4.9
ORD3587,2025-03-20,Delhi,Scooter,20.8,45,No,3.8
ORD3588,2025-03-26,Bengaluru,Truck,48.9,62,No,3.9
ORD3589,2025-03-14,Mumbai,Bike,4.2,118,No,3.9
ORD3590,2025-03-26,Delhi,Scooter,54.9,108,No,4.8
ORD3591,2025-03-11,Chennai,Bike,53.8,10,No,3.6
ORD3592,2025-03-04,Delhi,Van,26.4,90,Yes,3.3
ORD3593,2025-03-21,Hyderabad,Bike,27.4,35,No,4.2
ORD3594,2025-03-21,Hyderabad,Scooter,14.3,35,No,4.7
ORD3595,2025-03-18,Mumbai,Van,41.9,107,No,4.7
ORD3596,2025-03-20,Delhi,Scooter,50.8,56,No,4.0
ORD3597,2025-03-26,Delhi,Scooter,13.2,88,No,3.3
ORD3598,2025-03-06,Pune,Truck,58.3,60,No,5.0
ORD3599,2025-03-02,Chennai,Van,3.6,117,Yes,5.0
ORD3600,2025-03-29,Pune,Van,19.7,73,Yes,3.6
ORD3601,2025-03-13,Chennai,Van,41.6,78,Yes,3.1
ORD3602,2025-03-26,Chennai,Truck,57.0,17,Yes,3.2
ORD3603,2025-03-08,Delhi,Van,21.3,20,Yes,4.0
ORD3604,2025-03-29,Delhi,Bike,55.7,45,Yes,3.2
ORD3605,2025-03-06,Hyderabad,Scooter,50.7,60,Yes,4.6
ORD3606,2025-03-21,Bengaluru,Scooter,55.1,70,Yes,4.9
ORD3607,2025-03-27,Chennai,Truck,13.9,83,Yes,4.5
ORD3608,2025-03-03,Bengaluru,Truck,45.6,11,Yes,3.1
ORD3609,2025-03-17,Pune,Van,6.0,80,No,3.7
ORD3610,2025-03-14,Pune,Bike,25.6,23,Yes,4.6
ORD3611,2025-03-09,Bengaluru,Bike,36.7,81,No,4.1
ORD3612,2025-03-08,Mumbai,Truck,7.2,55,No,3.4
ORD3613,2025-03-02,Delhi,Van,56.7,59,No,3.9
ORD3614,2025-03-02,Pune,Truck,3.4,36,No,4.7
ORD3615,2025-03-02,Delhi,Truck,5.1,94,No,4.7
ORD3616,2025-03-10,Hyderabad,Van,10.0,13,Yes,4.4
ORD3617,2025-03-24,Delhi,Van,45.1,78,No,4.4
ORD3618,2025-03-05,Mumbai,Scooter,25.2,112,No,4.6
ORD3619,2025-03-25,Pune,Truck,34.1,96,Yes,4.0
ORD3620,2025-03-07,Delhi,Scooter,36.3,44,Yes,4.7
ORD3621,2025-03-02,Chennai,Scooter,42.6,82,Yes,4.9
ORD3622,2025-03-19,Chennai,Bike,49.7,116,Yes,3.6
ORD3623,2025-03-29,Hyderabad,Van,14.8,13,Yes,3.7
ORD3624,2025-03-25,Pune,Bike,36.6,74,No,4.0
ORD3625,2025-03-30,Chennai,Scooter,29.7,96,No,3.9
ORD3626,2025-03-21,Mumbai,Scooter,20.2,11,Yes,3.1
ORD3627,2025-03-28,Delhi,Van,37.9,49,Yes,3.8
ORD3628,2025-03-24,Bengaluru,Bike,30.2,93,Yes,4.3
ORD3629,2025-03-26,Delhi,Van,36.1,59,Yes,4.0
ORD3630,2025-03-11,Mumbai,Van,28.8,62,No,3.1
ORD3631,2025-03-30,Delhi,Scooter,31.4,79,No,4.2
ORD3632,2025-03-16,Delhi,Bike,9.0,52,Yes,4.6
ORD3633,2025-03-25,Chennai,Scooter,51.1,74,No,4.9
ORD3634,2025-03-29,Mumbai,Van,5.5,53,Yes,4.4
ORD3635,2025-03-25,Chennai,Scooter,36.7,52,Yes,4.7
ORD3636,2025-03-04,Hyderabad,Van,25.0,22,No,4.4
ORD3637,2025-03-19,Pune,Van,13.5,96,No,4.8
ORD3638,2025-03-22,Pune,Bike,27.7,116,No,3.1
ORD3639,2025-03-07,Hyderabad,Bike,27.0,56,No,4.2
ORD3640,2025-03-21,Mumbai,Bike,34.7,56,No,4.3
ORD3641,2025-03-22,Mumbai,Scooter,15.0,84,Yes,3.2
ORD3642,2025-03-24,Hyderabad,Truck,43.1,47,Yes,3.1
ORD3643,2025-03-28,Pune,Scooter,50.8,74,No,3.3
ORD3644,2025-03-27,Pune,Scooter,42.5,44,No,3.8
ORD3645,2025-03-26,Bengaluru,Bike,51.7,18,No,4.1
ORD3646,2025-03-01,Pune,Scooter,30.9,90,Yes,3.5
ORD3647,2025-03-15,Pune,Van,2.2,72,Yes,3.6
ORD3648,2025-03-04,Hyderabad,Van,36.4,88,Yes,3.5
ORD3649,2025-03-22,Delhi,Truck,59.2,32,Yes,4.9
ORD3650,2025-03-06,Hyderabad,Van,20.5,111,Yes,4.0
ORD3651,2025-03-08,Pune,Van,59.8,95,No,3.7
ORD3652,2025-03-25,Hyderabad,Bike,11.2,61,No,3.6
ORD3653,2025-03-17,Chennai,Scooter,5.0,52,Yes,3.7
ORD3654,2025-03-12,Mumbai,Bike,21.3,16,Yes,4.9
ORD3655,2025-03-12,Chennai,Truck,23.8,44,No,3.7
ORD3656,2025-03-13,Chennai,Scooter,26.3,17,Yes,3.6
ORD3657,2025-03-03,Chennai,Bike,33.0,32,No,4.5
ORD3658,2025-03-23,Delhi,Bike,23.0,82,Yes,3.5
ORD3659,2025-03-06,Mumbai,Van,50.1,19,No,4.0
ORD3660,2025-03-18,Hyderabad,Scooter,16.4,17,Yes,3.3
ORD3661,2025-03-27,Delhi,Bike,36.3,65,No,4.4
ORD3662,2025-03-30,Chennai,Truck,40.7,104,Yes,3.0
ORD3663,2025-03-15,Delhi,Truck,23.7,114,No,4.3
ORD3664,2025-03-06,Delhi,Van,14.0,28,No,3.6
ORD3665,2025-03-15,Pune,Bike,48.4,22,No,4.8
ORD3666,2025-03-18,Chennai,Scooter,22.5,73,Yes,4.8
ORD3667,2025-03-10,Chennai,Bike,17.0,114,Yes,5.0
ORD3668,2025-03-15,Delhi,Bike,46.2,38,Yes,4.8
ORD3669,2025-03-13,Delhi,Van,26.9,115,Yes,4.5
ORD3670,2025-03-03,Mumbai,Truck,46.5,49,Yes,4.2
ORD3671,2025-03-04,Mumbai,Scooter,44.9,73,No,3.6
ORD3672,2025-03-01,Chennai,Bike,3.0,20,Yes,3.5
ORD3673,2025-03-30,Chennai,Scooter,44.1,76,No,4.2
ORD3674,2025-03-13,Delhi,Bike,14.0,109,No,3.3
ORD3675,2025-03-13,Pune,Van,39.6,76,Yes,4.9
ORD3676,2025-03-13,Bengaluru,Scooter,20.5,102,No,4.9
ORD3677,2025-03-20,Mumbai,Van,32.6,112,No,4.5
ORD3678,2025-03-30,Bengaluru,Scooter,33.6,27,Yes,3.8
ORD3679,2025-03-01,Delhi,Scooter,50.9,36,No,3.8
ORD3680,2025-03-18,Hyderabad,Scooter,27.5,62,No,3.4
ORD3681,2025-03-30,Hyderabad,Van,2.5,52,Yes,4.2
ORD3682,2025-03-28,Hyderabad,Scooter,45.1,36,No,3.4
ORD3683,2025-03-03,Hyderabad,Scooter,36.1,61,Yes,3.8
ORD3684,2025-03-19,Delhi,Van,47.3,84,No,4.0
ORD3685,2025-03-20,Mumbai,Truck,24.0,38,No,3.5
ORD3686,2025-03-05,Mumbai,Van,51.5,103,No,4.5
ORD3687,2025-03-28,Bengaluru,Scooter,58.2,112,Yes,3.6
ORD3688,2025-03-22,Chennai,Truck,10.4,67,Yes,3.1
ORD3689,2025-03-25,Hyderabad,Bike,56.6,102,No,4.7
ORD3690,2025-03-06,Mumbai,Bike,28.4,80,No,4.3
ORD3691,2025-03-18,Delhi,Scooter,46.1,88,No,4.3
ORD3692,2025-03-07,Chennai,Scooter,2.8,118,No,4.8
ORD3693,2025-03-16,Bengaluru,Truck,45.9,82,No,3.5
ORD3694,2025-03-02,Bengaluru,Van,20.1,40,No,3.6
ORD3695,2025-03-16,Mumbai,Van,43.3,17,Yes,3.6
ORD3696,2025-03-10,Delhi,Bike,11.1,94,Yes,4.4
ORD3697,2025-03-23,Delhi,Bike,48.7,100,No,4.5
ORD3698,2025-03-14,Pune,Truck,14.8,103,No,4.1
ORD3699,2025-03-18,Mumbai,Van,29.4,84,No,3.9
ORD3700,2025-03-13,Mumbai,Van,4.1,48,No,4.7
ORD3701,2025-03-22,Mumbai,Van,41.5,33,No,4.4
ORD3702,2025-03-23,Mumbai,Bike,7.5,98,Yes,4.8
ORD3703,2025-03-14,Delhi,Bike,42.6,59,No,3.6
ORD3704,2025-03-19,Delhi,Scooter,26.0,102,Yes,3.5
ORD3705,2025-03-16,Mumbai,Scooter,28.6,11,No,3.4
ORD3706,2025-03-03,Delhi,Bike,13.2,23,No,4.3
ORD3707,2025-03-12,Bengaluru,Scooter,41.0,76,No,4.0
ORD3708,2025-03-10,Pune,Scooter,6.4,51,Yes,4.3
ORD3709,2025-03-19,Delhi,Van,57.5,58,No,3.2
ORD3710,2025-03-09,Delhi,Van,35.8,54,Yes,4.1
ORD3711,2025-03-23,Pune,Truck,11.4,88,Yes,3.8
ORD3712,2025-03-20,Chennai,Bike,38.8,115,No,4.8
ORD3713,2025-03-16,Delhi,Bike,30.1,29,No,3.6
ORD3714,2025-03-05,Mumbai,Scooter,45.0,110,No,4.9
ORD3715,2025-03-11,Pune,Van,37.6,105,No,4.4
ORD3716,2025-03-18,Mumbai,Van,5.2,37,Yes,4.5
ORD3717,2025-03-07,Mumbai,Bike,53.3,104,No,4.4
ORD3718,2025-03-23,Hyderabad,Bike,57.7,11,No,3.4
ORD3719,2025-03-13,Delhi,Truck,43.4,91,No,3.6
ORD3720,2025-03-09,Pune,Bike,2.2,31,Yes,4.8
ORD3721,2025-03-09,Chennai,Bike,24.4,83,No,4.7
ORD3722,2025-03-09,Mumbai,Scooter,43.3,25,Yes,4.9
ORD3723,2025-03-13,Mumbai,Van,56.5,102,No,3.7
ORD3724,2025-03-06,Pune,Van,42.3,29,No,3.8
ORD3725,2025-03-19,Hyderabad,Truck,22.9,70,Yes,4.9
ORD3726,2025-03-03,Bengaluru,Bike,18.6,31,Yes,4.7
ORD3727,2025-03-06,Hyderabad,Van,4.8,96,No,4.7
ORD3728,2025-03-30,Mumbai,Scooter,39.5,110,No,3.5
ORD3729,2025-03-26,Pune,Bike,23.7,26,No,4.2
ORD3730,2025-03-06,Mumbai,Bike,39.3,60,Yes,4.1
ORD3731,2025-03-05,Delhi,Van,57.2,117,No,4.3
ORD3732,2025-03-11,Bengaluru,Scooter,22.0,111,No,4.9
ORD3733,2025-03-30,Mumbai,Bike,22.1,99,Yes,3.5
ORD3734,2025-03-28,Chennai,Bike,10.4,103,No,3.6
ORD3735,2025-03-18,Pune,Scooter,5.6,89,Yes,4.9
ORD3736,2025-03-27,Mumbai,Van,21.6,35,Yes,4.1
ORD3737,2025-03-12,Pune,Bike,51.3,52,Yes,4.4
ORD3738,2025-03-18,Hyderabad,Van,55.3,70,Yes,4.3
ORD3739,2025-03-09,Pune,Scooter,24.3,107,Yes,3.1
ORD3740,2025-03-25,Hyderabad,Scooter,49.4,74,No,3.1
ORD3741,2025-03-04,Pune,Scooter,58.8,97,No,3.2
ORD3742,2025-03-17,Delhi,Van,49.1,68,No,3.7
ORD3743,2025-03-12,Mumbai,Truck,59.3,77,Yes,4.8
ORD3744,2025-03-26,Mumbai,Bike,3.6,97,No,4.1
ORD3745,2025-03-19,Delhi,Truck,7.1,40,Yes,3.4
ORD3746,2025-03-16,Pune,Bike,41.3,104,Yes,4.6
ORD3747,2025-03-26,Pune,Truck,28.3,70,Yes,3.3
ORD3748,2025-03-04,Mumbai,Van,29.1,102,Yes,3.8
ORD3749,2025-03-23,Bengaluru,Scooter,31.1,77,Yes,4.2
ORD3750,2025-03-05,Delhi,Truck,59.2,51,Yes,3.8
ORD3751,2025-03-29,Delhi,Scooter,31.1,20,No,4.7
ORD3752,2025-03-08,Pune,Van,57.1,56,Yes,4.2
ORD3753,2025-03-22,Bengaluru,Scooter,5.4,47,Yes,4.4
ORD3754,2025-03-30,Chennai,Truck,53.6,13,No,4.1
ORD3755,2025-03-22,Mumbai,Scooter,23.1,112,No,3.1
ORD3756,2025-03-04,Mumbai,Bike,46.8,48,Yes,4.2
ORD3757,2025-03-25,Chennai,Truck,22.1,30,Yes,3.6
ORD3758,2025-03-12,Pune,Truck,36.7,74,Yes,3.2
ORD3759,2025-03-24,Hyderabad,Van,7.7,107,Yes,4.8
ORD3760,2025-03-16,Delhi,Scooter,8.9,119,Yes,4.9
ORD3761,2025-03-14,Delhi,Bike,10.4,68,Yes,4.5
ORD3762,2025-03-27,Pune,Scooter,40.5,56,No,3.9
ORD3763,2025-03-16,Hyderabad,Truck,37.6,18,No,4.1
ORD3764,2025-03-02,Bengaluru,Van,8.9,21,Yes,4.8
ORD3765,2025-03-12,Hyderabad,Van,36.1,115,Yes,3.8
ORD3766,2025-03-24,Bengaluru,Truck,23.6,91,Yes,4.7
ORD3767,2025-03-06,Delhi,Scooter,37.1,83,Yes,4.3
ORD3768,2025-03-27,Mumbai,Bike,44.7,47,No,3.3
ORD3769,2025-03-05,Pune,Truck,50.7,20,No,4.3
ORD3770,2025-03-28,Bengaluru,Bike,19.7,43,Yes,4.3
ORD3771,2025-03-01,Pune,Van,30.0,78,No,3.5
ORD3772,2025-03-06,Delhi,Van,25.5,116,Yes,4.4
ORD3773,2025-03-12,Delhi,Scooter,59.2,25,No,3.3
ORD3774,2025-03-30,Bengaluru,Truck,34.8,100,Yes,3.2
ORD3775,2025-03-29,Chennai,Van,7.2,108,Yes,3.9
ORD3776,2025-03-14,Bengaluru,Bike,46.7,19,No,4.6
ORD3777,2025-03-30,Delhi,Van,42.2,92,No,4.2
ORD3778,2025-03-27,Mumbai,Scooter,17.0,29,Yes,4.2
ORD3779,2025-03-28,Hyderabad,Bike,14.4,10,Yes,4.0
ORD3780,2025-03-08,Chennai,Bike,45.5,42,Yes,3.5
ORD3781,2025-03-28,Delhi,Van,54.9,90,No,4.2
ORD3782,2025-03-30,Mumbai,Scooter,40.8,43,No,4.9
ORD3783,2025-03-09,Chennai,Van,48.8,112,Yes,3.8
ORD3784,2025-03-12,Mumbai,Scooter,40.9,34,No,3.6
ORD3785,2025-03-02,Pune,Bike,56.7,67,No,3.7
ORD3786,2025-03-15,Delhi,Scooter,12.1,36,No,3.4
ORD3787,2025-03-07,Mumbai,Truck,17.8,108,No,3.4
ORD3788,2025-03-12,Pune,Bike,15.0,22,No,3.0
ORD3789,2025-03-11,Delhi,Van,59.4,12,No,4.4
ORD3790,2025-03-23,Mumbai,Van,53.1,47,No,3.1
ORD3791,2025-03-26,Mumbai,Scooter,44.8,22,Yes,3.3
ORD3792,2025-03-01,Chennai,Bike,25.9,44,No,3.8
ORD3793,2025-03-19,Hyderabad,Truck,19.7,99,No,3.5
ORD3794,2025-03-09,Pune,Truck,39.5,29,No,3.9
ORD3795,2025-03-07,Chennai,Bike,58.0,62,No,4.3
ORD3796,2025-03-23,Bengaluru,Scooter,46.7,23,Yes,4.3
ORD3797,2025-03-28,Bengaluru,Van,24.4,11,Yes,3.9
ORD3798,2025-03-12,Delhi,Bike,37.6,78,No,3.9
ORD3799,2025-03-04,Mumbai,Truck,4.2,94,Yes,3.8
ORD3800,2025-03-21,Chennai,Van,46.3,36,No,4.0
ORD3801,2025-03-05,Mumbai,Bike,10.2,99,Yes,3.0
ORD3802,2025-03-05,Pune,Van,18.5,33,No,4.1
ORD3803,2025-03-18,Hyderabad,Scooter,37.9,111,No,5.0
ORD3804,2025-03-21,Pune,Bike,26.2,48,Yes,3.0
ORD3805,2025-03-30,Mumbai,Bike,43.6,73,Yes,4.5
ORD3806,2025-03-30,Delhi,Truck,15.7,62,No,3.6
ORD3807,2025-03-28,Chennai,Truck,7.7,22,No,3.2
ORD3808,2025-03-16,Bengaluru,Van,28.4,96,Yes,3.4
ORD3809,2025-03-20,Hyderabad,Van,15.0,40,Yes,5.0
ORD3810,2025-03-09,Mumbai,Van,12.6,85,No,4.6
ORD3811,2025-03-27,Pune,Bike,54.0,53,Yes,4.3
ORD3812,2025-03-27,Hyderabad,Truck,40.0,70,No,3.7
ORD3813,2025-03-10,Hyderabad,Scooter,47.3,69,Yes,4.5
ORD3814,2025-03-19,Hyderabad,Scooter,57.0,98,No,3.1
ORD3815,2025-03-18,Pune,Truck,2.1,39,No,4.6
ORD3816,2025-03-08,Hyderabad,Van,14.1,73,Yes,3.8
ORD3817,2025-03-25,Chennai,Bike,55.4,72,Yes,3.0
ORD3818,2025-03-20,Hyderabad,Bike,25.2,89,No,4.2
ORD3819,2025-03-04,Hyderabad,Van,56.6,118,No,3.6
ORD3820,2025-03-10,Chennai,Van,41.7,105,Yes,4.2
ORD3821,2025-03-29,Delhi,Scooter,40.8,103,No,3.4
ORD3822,2025-03-16,Bengaluru,Bike,24.6,13,Yes,3.0
ORD3823,2025-03-17,Bengaluru,Truck,25.7,39,Yes,4.5
ORD3824,2025-03-24,Hyderabad,Scooter,40.9,107,No,4.8
ORD3825,2025-03-08,Hyderabad,Truck,46.7,77,No,4.5
ORD3826,2025-03-22,Bengaluru,Truck,10.1,38,No,4.0
ORD3827,2025-03-04,Mumbai,Scooter,53.2,115,Yes,4.8
ORD3828,2025-03-28,Mumbai,Bike,43.9,91,Yes,3.2
ORD3829,2025-03-08,Hyderabad,Van,52.3,93,Yes,4.1
ORD3830,2025-03-09,Bengaluru,Van,25.3,45,Yes,4.1
ORD3831,2025-03-06,Mumbai,Scooter,10.0,37,Yes,3.3
ORD3832,2025-03-06,Mumbai,Bike,22.9,95,No,4.2
ORD3833,2025-03-02,Bengaluru,Scooter,9.4,57,No,4.6
ORD3834,2025-03-24,Mumbai,Bike,31.2,82,Yes,3.2
ORD3835,2025-03-29,Pune,Bike,5.2,12,Yes,3.6
ORD3836,2025-03-15,Bengaluru,Van,46.8,64,Yes,5.0
ORD3837,2025-03-07,Chennai,Van,22.9,79,Yes,4.2
ORD3838,2025-03-18,Hyderabad,Van,14.3,99,No,3.5
ORD3839,2025-03-09,Bengaluru,Van,45.0,45,No,4.4
ORD3840,2025-03-27,Delhi,Truck,3.5,19,Yes,3.6
ORD3841,2025-03-02,Pune,Truck,5.7,33,No,5.0
ORD3842,2025-03-03,Bengaluru,Truck,34.1,89,Yes,4.1
ORD3843,2025-03-17,Chennai,Truck,5.6,99,No,3.7
ORD3844,2025-03-30,Pune,Van,32.9,95,No,3.5
ORD3845,2025-03-03,Delhi,Scooter,58.1,118,Yes,4.6
ORD3846,2025-03-12,Mumbai,Bike,24.4,65,No,3.3
ORD3847,2025-03-11,Delhi,Scooter,42.8,11,No,3.6
ORD3848,2025-03-21,Delhi,Truck,20.5,101,Yes,4.2
ORD3849,2025-03-05,Pune,Scooter,51.1,60,Yes,3.7
ORD3850,2025-03-15,Mumbai,Bike,59.2,102,No,3.7
ORD3851,2025-03-25,Delhi,Bike,48.2,84,No,4.8
ORD3852,2025-03-21,Mumbai,Bike,37.3,97,No,4.5
ORD3853,2025-03-08,Delhi,Scooter,59.2,76,Yes,3.9
ORD3854,2025-03-30,Mumbai,Van,53.6,92,Yes,4.3
ORD3855,2025-03-06,Bengaluru,Truck,49.3,45,Yes,4.6
ORD3856,2025-03-15,Chennai,Van,44.3,16,Yes,4.5
ORD3857,2025-03-19,Chennai,Bike,5.8,117,No,4.4
ORD3858,2025-03-15,Delhi,Van,55.8,84,Yes,4.4
ORD3859,2025-03-16,Chennai,Scooter,4.8,113,No,4.3
ORD3860,2025-03-20,Chennai,Truck,55.3,112,No,4.5
ORD3861,2025-03-01,Delhi,Truck,30.0,116,Yes,3.6
ORD3862,2025-03-24,Mumbai,Truck,57.9,109,Yes,3.9
ORD3863,2025-03-26,Hyderabad,Bike,5.6,109,Yes,3.5
ORD3864,2025-03-28,Bengaluru,Truck,28.1,40,Yes,4.2
ORD3865,2025-03-07,Chennai,Scooter,52.8,17,Yes,4.5
ORD3866,2025-03-10,Delhi,Truck,22.7,40,No,3.8
ORD3867,2025-03-25,Mumbai,Van,56.7,94,Yes,3.5
ORD3868,2025-03-02,Pune,Truck,3.6,119,No,3.3
ORD3869,2025-03-12,Delhi,Scooter,23.5,30,No,3.9
ORD3870,2025-03-24,Hyderabad,Van,3.8,119,No,4.5
ORD3871,2025-03-29,Chennai,Truck,42.8,43,Yes,4.2
ORD3872,2025-03-07,Pune,Bike,25.2,119,Yes,3.7
ORD3873,2025-03-09,Hyderabad,Bike,6.8,16,No,4.5
ORD3874,2025-03-29,Mumbai,Bike,28.6,32,No,3.5
ORD3875,2025-03-05,Bengaluru,Scooter,36.2,93,Yes,4.9
ORD3876,2025-03-13,Chennai,Truck,48.7,66,No,4.4
ORD3877,2025-03-04,Mumbai,Truck,22.4,43,No,4.6
ORD3878,2025-03-06,Delhi,Bike,49.7,32,No,3.7
ORD3879,2025-03-27,Delhi,Scooter,48.2,70,No,4.2
ORD3880,2025-03-13,Bengaluru,Bike,52.2,87,No,4.0
ORD3881,2025-03-19,Bengaluru,Truck,40.2,62,No,4.9
ORD3882,2025-03-01,Chennai,Bike,17.5,105,No,4.2
ORD3883,2025-03-02,Mumbai,Scooter,59.1,94,Yes,4.7
ORD3884,2025-03-21,Mumbai,Van,57.0,24,Yes,4.1
ORD3885,2025-03-14,Pune,Van,7.4,40,Yes,4.7
ORD3886,2025-03-27,Bengaluru,Truck,32.2,26,Yes,4.0
ORD3887,2025-03-17,Pune,Van,5.9,80,No,3.5
ORD3888,2025-03-12,Hyderabad,Bike,42.5,26,No,3.2
ORD3889,2025-03-22,Pune,Scooter,40.6,43,Yes,4.3
ORD3890,2025-03-15,Bengaluru,Scooter,3.0,112,No,4.3
ORD3891,2025-03-14,Bengaluru,Scooter,50.5,41,No,4.6
ORD3892,2025-03-09,Pune,Van,13.6,64,No,3.1
ORD3893,2025-03-04,Pune,Van,5.4,91,No,3.7
ORD3894,2025-03-10,Delhi,Van,15.9,14,No,4.8
ORD3895,2025-03-18,Bengaluru,Truck,50.1,107,No,4.8
ORD3896,2025-03-06,Hyderabad,Scooter,20.0,113,No,4.9
ORD3897,2025-03-27,Delhi,Van,54.8,65,Yes,4.8
ORD3898,2025-03-28,Delhi,Bike,21.8,89,No,3.6
ORD3899,2025-03-12,Hyderabad,Truck,37.5,57,No,4.4
ORD3900,2025-03-14,Hyderabad,Scooter,44.7,81,Yes,3.5
ORD3901,2025-03-10,Delhi,Van,58.3,71,Yes,4.7
ORD3902,2025-03-14,Delhi,Bike,50.5,51,Yes,3.3
ORD3903,2025-03-14,Delhi,Scooter,50.5,64,No,4.3
ORD3904,2025-03-17,Hyderabad,Van,13.0,62,Yes,4.1
ORD3905,2025-03-25,Mumbai,Bike,6.2,78,No,4.1
ORD3906,2025-03-27,Chennai,Scooter,26.0,53,Yes,4.5
ORD3907,2025-03-18,Chennai,Truck,32.1,72,Yes,4.7
ORD3908,2025-03-23,Pune,Bike,19.5,49,No,3.3
ORD3909,2025-03-26,Pune,Bike,34.0,106,Yes,3.1
ORD3910,2025-03-29,Bengaluru,Bike,35.3,93,Yes,4.7
ORD3911,2025-03-14,Hyderabad,Scooter,24.5,99,No,3.9
ORD3912,2025-03-08,Delhi,Truck,36.8,89,Yes,3.0
ORD3913,2025-03-27,Mumbai,Van,25.5,22,No,4.6
ORD3914,2025-03-18,Bengaluru,Bike,18.5,30,Yes,3.9
ORD3915,2025-03-05,Pune,Bike,17.3,53,Yes,3.4
ORD3916,2025-03-12,Bengaluru,Scooter,16.0,87,Yes,4.9
ORD3917,2025-03-16,Delhi,Scooter,4.8,23,Yes,4.2
ORD3918,2025-03-30,Hyderabad,Bike,13.7,59,No,4.4
ORD3919,2025-03-29,Chennai,Truck,43.9,24,No,3.7
ORD3920,2025-03-26,Mumbai,Truck,58.6,74,No,4.3
ORD3921,2025-03-09,Delhi,Scooter,52.5,47,Yes,3.7
ORD3922,2025-03-27,Mumbai,Scooter,20.9,97,No,4.7
ORD3923,2025-03-28,Hyderabad,Truck,54.4,47,Yes,4.0
ORD3924,2025-03-07,Hyderabad,Scooter,43.4,47,Yes,3.6
ORD3925,2025-03-08,Bengaluru,Van,32.4,14,No,3.2
ORD3926,2025-03-22,Delhi,Bike,24.5,103,No,4.7
ORD3927,2025-03-24,Bengaluru,Scooter,5.3,33,No,4.8
ORD3928,2025-03-25,Bengaluru,Van,48.0,115,Yes,3.2
ORD3929,2025-03-27,Mumbai,Van,57.0,27,No,4.6
ORD3930,2025-03-28,Pune,Bike,34.8,56,No,3.2
ORD3931,2025-03-12,Delhi,Truck,40.9,76,No,4.7
ORD3932,2025-03-06,Delhi,Van,8.5,61,Yes,4.1
ORD3933,2025-03-30,Hyderabad,Scooter,26.0,21,Yes,3.0
ORD3934,2025-03-18,Chennai,Bike,29.5,58,Yes,3.3
ORD3935,2025-03-21,Delhi,Scooter,11.2,73,Yes,4.6
ORD3936,2025-03-30,Bengaluru,Van,41.4,14,No,3.3
ORD3937,2025-03-24,Delhi,Bike,54.7,16,No,3.5
ORD3938,2025-03-25,Chennai,Scooter,31.4,52,No,4.0
ORD3939,2025-03-30,Mumbai,Truck,52.1,48,Yes,3.4
ORD3940,2025-03-24,Pune,Van,38.4,82,Yes,3.6
ORD3941,2025-03-29,Hyderabad,Truck,28.0,78,No,3.7
ORD3942,2025-03-24,Hyderabad,Truck,30.7,54,No,3.0
ORD3943,2025-03-26,Pune,Truck,44.3,57,Yes,3.0
ORD3944,2025-03-10,Delhi,Bike,4.2,105,Yes,4.3
ORD3945,2025-03-01,Mumbai,Bike,21.5,65,No,4.7
ORD3946,2025-03-07,Delhi,Bike,41.2,58,No,3.3
ORD3947,2025-03-20,Hyderabad,Truck,42.0,72,Yes,4.3
ORD3948,2025-03-08,Mumbai,Truck,14.7,99,No,3.2
ORD3949,2025-03-19,Delhi,Bike,13.4,19,No,4.9
ORD3950,2025-03-07,Hyderabad,Bike,50.0,117,No,3.1
ORD3951,2025-03-04,Delhi,Bike,36.5,71,No,3.1
ORD3952,2025-03-29,Pune,Scooter,25.3,72,No,3.7
ORD3953,2025-03-06,Pune,Bike,8.4,59,No,4.5
ORD3954,2025-03-25,Bengaluru,Scooter,30.3,58,Yes,4.1
ORD3955,2025-03-10,Chennai,Van,44.2,110,Yes,4.3
ORD3956,2025-03-06,Bengaluru,Scooter,19.5,24,No,3.5
ORD3957,2025-03-28,Mumbai,Bike,51.0,107,No,3.9
ORD3958,2025-03-17,Bengaluru,Van,11.1,21,Yes,3.8
ORD3959,2025-03-27,Hyderabad,Truck,11.3,27,No,4.6
ORD3960,2025-03-30,Pune,Scooter,6.3,44,Yes,4.4
ORD3961,2025-03-07,Hyderabad,Van,49.3,62,No,4.8
ORD3962,2025-03-26,Pune,Bike,18.5,72,Yes,4.3
ORD3963,2025-03-12,Pune,Truck,44.0,108,Yes,4.8
ORD3964,2025-03-18,Pune,Scooter,29.4,113,No,4.5
ORD3965,2025-03-21,Pune,Bike,46.2,25,Yes,3.1
ORD3966,2025-03-27,Pune,Bike,33.0,79,No,4.5
ORD3967,2025-03-08,Delhi,Bike,5.7,40,Yes,4.5
ORD3968,2025-03-22,Bengaluru,Bike,24.5,98,No,4.5
ORD3969,2025-03-19,Mumbai,Bike,27.3,44,No,3.3
ORD3970,2025-03-11,Chennai,Bike,19.2,73,No,4.3
ORD3971,2025-03-07,Bengaluru,Scooter,31.8,71,Yes,4.3
ORD3972,2025-03-05,Mumbai,Scooter,8.7,78,Yes,3.5
ORD3973,2025-03-28,Bengaluru,Bike,20.8,95,Yes,3.8
ORD3974,2025-03-08,Bengaluru,Truck,56.2,110,Yes,4.4
ORD3975,2025-03-16,Delhi,Truck,59.6,43,Yes,4.7
ORD3976,2025-03-14,Pune,Van,28.9,14,Yes,3.9
ORD3977,2025-03-04,Hyderabad,Scooter,26.7,32,Yes,4.2
ORD3978,2025-03-07,Pune,Bike,29.3,50,No,3.2
ORD3979,2025-03-28,Chennai,Bike,31.6,29,No,3.7
ORD3980,2025-03-12,Chennai,Bike,28.1,42,Yes,3.1
ORD3981,2025-03-08,Bengaluru,Scooter,43.5,51,No,4.1
ORD3982,2025-03-12,Delhi,Scooter,43.6,107,No,3.1
ORD3983,2025-03-17,Bengaluru,Truck,9.2,29,Yes,4.3
ORD3984,2025-03-23,Bengaluru,Van,11.9,41,Yes,4.5
ORD3985,2025-03-05,Mumbai,Bike,33.1,117,Yes,3.5
ORD3986,2025-03-19,Delhi,Van,40.8,36,No,3.9
ORD3987,2025-03-12,Mumbai,Truck,22.8,80,No,3.6
ORD3988,2025-03-20,Bengaluru,Bike,53.8,97,Yes,3.3
ORD3989,2025-03-03,Chennai,Bike,7.5,89,Yes,4.4
ORD3990,2025-03-27,Bengaluru,Bike,40.1,50,No,4.6
ORD3991,2025-03-17,Chennai,Van,11.6,62,No,3.5
ORD3992,2025-03-29,Mumbai,Bike,50.0,79,Yes,4.8
ORD3993,2025-03-10,Bengaluru,Scooter,33.1,73,Yes,3.4
ORD3994,2025-03-06,Bengaluru,Scooter,32.7,23,Yes,4.7
ORD3995,2025-03-09,Mumbai,Bike,37.2,11,Yes,3.2
ORD3996,2025-03-18,Chennai,Scooter,42.9,77,No,4.3
ORD3997,2025-03-17,Pune,Scooter,57.3,114,Yes,3.9
ORD3998,2025-03-13,Mumbai,Van,45.4,15,Yes,3.0
ORD3999,2025-03-29,Bengaluru,Truck,19.3,46,No,4.9
ORD4000,2025-03-26,Delhi,Bike,27.9,19,Yes,3.4
ORD4001,2025-03-28,Bengaluru,Truck,22.9,83,Yes,4.7
ORD4002,2025-03-06,Mumbai,Van,38.3,54,No,4.5
ORD4003,2025-03-28,Bengaluru,Truck,24.7,22,Yes,4.8
ORD4004,2025-03-28,Chennai,Scooter,4.4,47,No,4.9
ORD4005,2025-03-26,Pune,Van,55.6,47,Yes,3.4
ORD4006,2025-03-28,Chennai,Van,25.6,107,No,4.3
ORD4007,2025-03-27,Bengaluru,Bike,56.8,86,No,3.7
ORD4008,2025-03-19,Pune,Truck,43.9,34,No,4.5
ORD4009,2025-03-13,Delhi,Truck,55.3,66,Yes,3.3
ORD4010,2025-03-02,Mumbai,Van,49.7,110,No,3.6
ORD4011,2025-03-28,Mumbai,Scooter,39.5,59,No,3.4
ORD4012,2025-03-11,Delhi,Van,5.9,51,Yes,4.8
ORD4013,2025-03-04,Mumbai,Bike,50.7,35,Yes,3.2
ORD4014,2025-03-30,Hyderabad,Truck,42.2,38,No,3.5
ORD4015,2025-03-17,Pune,Scooter,57.6,95,No,3.2
ORD4016,2025-03-28,Pune,Van,10.2,108,No,3.4
ORD4017,2025-03-29,Pune,Truck,7.1,92,Yes,3.9
ORD4018,2025-03-07,Mumbai,Van,32.1,68,No,3.5
ORD4019,2025-03-01,Delhi,Scooter,22.9,63,Yes,3.6
ORD4020,2025-03-08,Hyderabad,Van,57.7,29,Yes,3.1
ORD4021,2025-03-26,Delhi,Van,42.8,91,Yes,3.8
ORD4022,2025-03-04,Mumbai,Scooter,27.9,63,Yes,4.8
ORD4023,2025-03-28,Mumbai,Scooter,13.1,23,No,4.8
ORD4024,2025-03-25,Hyderabad,Bike,27.7,114,No,3.3
ORD4025,2025-03-21,Chennai,Bike,29.0,27,Yes,4.0
ORD4026,2025-03-05,Delhi,Van,2.5,12,Yes,4.5
ORD4027,2025-03-13,Bengaluru,Scooter,16.9,113,Yes,4.0
ORD4028,2025-03-22,Pune,Truck,16.2,103,Yes,3.4
ORD4029,2025-03-18,Delhi,Scooter,24.1,69,Yes,5.0
ORD4030,2025-03-23,Hyderabad,Van,26.6,117,Yes,4.4
ORD4031,2025-03-09,Delhi,Truck,17.5,88,No,4.9
ORD4032,2025-03-16,Chennai,Van,8.5,29,No,4.4
ORD4033,2025-03-07,Delhi,Van,10.0,47,No,4.2
ORD4034,2025-03-11,Delhi,Bike,41.9,76,Yes,4.3
ORD4035,2025-03-02,Delhi,Bike,57.4,115,No,4.4
ORD4036,2025-03-05,Bengaluru,Bike,22.0,83,No,4.5
ORD4037,2025-03-05,Pune,Scooter,10.3,110,No,3.5
ORD4038,2025-03-28,Chennai,Scooter,17.1,28,No,3.9
ORD4039,2025-03-14,Hyderabad,Van,10.8,106,No,4.7
ORD4040,2025-03-14,Pune,Van,13.3,58,Yes,4.9
ORD4041,2025-03-10,Chennai,Van,40.4,75,Yes,4.4
ORD4042,2025-03-09,Delhi,Truck,24.3,27,No,4.6
ORD4043,2025-03-07,Hyderabad,Bike,16.5,117,No,4.9
ORD4044,2025-03-13,Chennai,Truck,35.7,67,No,4.4
ORD4045,2025-03-03,Chennai,Bike,54.1,115,Yes,4.7
ORD4046,2025-03-04,Bengaluru,Scooter,3.4,116,Yes,3.6
ORD4047,2025-03-09,Bengaluru,Van,36.6,66,Yes,3.3
ORD4048,2025-03-17,Chennai,Scooter,41.0,53,No,4.5
ORD4049,2025-03-06,Pune,Bike,27.1,83,Yes,3.5
ORD4050,2025-03-09,Hyderabad,Bike,55.4,108,Yes,4.2
ORD4051,2025-03-24,Delhi,Truck,11.9,87,Yes,4.5
ORD4052,2025-03-30,Delhi,Van,2.7,116,No,4.3
ORD4053,2025-03-22,Bengaluru,Bike,50.7,91,Yes,4.0
ORD4054,2025-03-23,Delhi,Truck,25.0,57,Yes,3.3
ORD4055,2025-03-06,Hyderabad,Van,50.1,57,No,4.3
ORD4056,2025-03-24,Mumbai,Bike,59.7,56,Yes,3.8
ORD4057,2025-03-28,Bengaluru,Truck,8.7,68,No,3.2
ORD4058,2025-03-27,Delhi,Scooter,50.3,119,Yes,4.8
ORD4059,2025-03-05,Chennai,Van,46.1,63,No,3.5
ORD4060,2025-03-12,Mumbai,Scooter,47.0,22,Yes,3.0
ORD4061,2025-03-28,Hyderabad,Scooter,27.5,71,Yes,4.8
ORD4062,2025-03-03,Hyderabad,Truck,37.3,60,Yes,3.4
ORD4063,2025-03-07,Pune,Truck,16.4,11,Yes,3.2
ORD4064,2025-03-07,Bengaluru,Scooter,3.8,87,No,4.0
ORD4065,2025-03-25,Mumbai,Truck,44.2,38,Yes,3.0
ORD4066,2025-03-13,Pune,Truck,10.1,20,Yes,4.7
ORD4067,2025-03-18,Pune,Truck,19.4,32,Yes,4.2
ORD4068,2025-03-17,Pune,Scooter,5.1,84,No,4.7
ORD4069,2025-03-06,Delhi,Truck,34.8,25,No,4.4
ORD4070,2025-03-01,Bengaluru,Scooter,51.7,76,No,3.8
ORD4071,2025-03-11,Mumbai,Truck,6.2,103,Yes,4.1
ORD4072,2025-03-18,Hyderabad,Bike,24.7,73,No,4.2
ORD4073,2025-03-13,Chennai,Bike,50.3,37,Yes,3.6
ORD4074,2025-03-05,Hyderabad,Bike,46.9,74,No,3.7
ORD4075,2025-03-29,Chennai,Scooter,14.4,90,No,4.5
ORD4076,2025-03-11,Bengaluru,Van,16.6,106,No,4.1
ORD4077,2025-03-30,Pune,Bike,38.6,115,No,4.0
ORD4078,2025-03-02,Mumbai,Scooter,15.9,36,No,3.7
ORD4079,2025-03-10,Bengaluru,Bike,21.9,32,No,3.9
ORD4080,2025-03-17,Bengaluru,Truck,47.3,74,No,4.1
ORD4081,2025-03-14,Delhi,Truck,37.8,64,Yes,4.8
ORD4082,2025-03-20,Hyderabad,Scooter,8.2,107,No,3.7
ORD4083,2025-03-10,Hyderabad,Scooter,24.3,29,Yes,4.7
ORD4084,2025-03-13,Chennai,Truck,13.5,14,Yes,3.1
ORD4085,2025-03-13,Pune,Bike,33.6,26,Yes,4.1
ORD4086,2025-03-20,Mumbai,Van,57.0,106,Yes,3.9
ORD4087,2025-03-12,Bengaluru,Bike,30.9,24,No,4.6
ORD4088,2025-03-17,Chennai,Bike,50.4,86,Yes,5.0
ORD4089,2025-03-25,Delhi,Truck,41.4,31,No,3.1
ORD4090,2025-03-19,Delhi,Bike,28.7,53,No,3.3
ORD4091,2025-03-06,Delhi,Bike,55.0,39,Yes,3.1
ORD4092,2025-03-15,Hyderabad,Bike,58.4,35,Yes,4.1
ORD4093,2025-03-05,Delhi,Truck,56.9,89,No,4.9
ORD4094,2025-03-19,Pune,Van,53.0,39,No,4.3
ORD4095,2025-03-05,Mumbai,Truck,44.9,107,No,4.0
ORD4096,2025-03-19,Bengaluru,Scooter,55.2,89,Yes,3.9
ORD4097,2025-03-16,Delhi,Bike,13.3,42,No,4.3
ORD4098,2025-03-01,Bengaluru,Scooter,52.6,34,No,4.4
ORD4099,2025-03-18,Chennai,Van,31.0,83,Yes,4.8
ORD4100,2025-03-06,Hyderabad,Bike,10.4,102,Yes,4.6
ORD4101,2025-03-12,Pune,Scooter,30.6,30,Yes,4.3
ORD4102,2025-03-13,Delhi,Bike,4.3,36,Yes,3.0
ORD4103,2025-03-06,Mumbai,Van,54.6,78,Yes,3.1
ORD4104,2025-03-09,Delhi,Truck,17.0,23,Yes,4.2
ORD4105,2025-03-15,Pune,Van,17.5,115,No,3.1
ORD4106,2025-03-17,Delhi,Van,27.7,30,Yes,3.4
ORD4107,2025-03-17,Chennai,Scooter,13.0,66,No,3.3
ORD4108,2025-03-11,Mumbai,Van,55.7,58,Yes,4.1
ORD4109,2025-03-06,Delhi,Truck,42.0,114,No,4.0
ORD4110,2025-03-24,Mumbai,Van,41.4,65,Yes,3.2
ORD4111,2025-03-16,Pune,Truck,55.2,28,Yes,4.3
ORD4112,2025-03-04,Hyderabad,Truck,9.7,113,No,4.7
ORD4113,2025-03-07,Mumbai,Bike,17.1,119,Yes,4.0
ORD4114,2025-03-17,Chennai,Van,40.7,78,No,3.9
ORD4115,2025-03-19,Mumbai,Bike,41.9,48,Yes,4.1
ORD4116,2025-03-17,Mumbai,Bike,50.4,52,No,3.9
ORD4117,2025-03-11,Pune,Truck,44.2,97,Yes,3.3
ORD4118,2025-03-16,Hyderabad,Van,4.4,24,No,4.0
ORD4119,2025-03-22,Pune,Van,38.2,32,No,4.8
ORD4120,2025-03-02,Pune,Truck,47.5,71,Yes,4.7
ORD4121,2025-03-24,Hyderabad,Truck,52.4,18,No,3.2
ORD4122,2025-03-11,Bengaluru,Scooter,52.6,14,Yes,4.9
ORD4123,2025-03-13,Mumbai,Bike,13.3,63,Yes,3.3
ORD4124,2025-03-20,Delhi,Van,16.2,97,Yes,3.6
ORD4125,2025-03-03,Hyderabad,Bike,37.0,17,Yes,4.1
ORD4126,2025-03-20,Hyderabad,Bike,29.1,64,Yes,4.6
ORD4127,2025-03-19,Chennai,Scooter,22.9,33,Yes,3.1
ORD4128,2025-03-20,Pune,Scooter,58.0,83,Yes,5.0
ORD4129,2025-03-08,Mumbai,Bike,14.5,84,Yes,3.2
ORD4130,2025-03-08,Mumbai,Bike,51.4,108,Yes,5.0
ORD4131,2025-03-30,Mumbai,Bike,37.1,58,No,3.4
ORD4132,2025-03-02,Chennai,Van,42.3,100,No,3.6
ORD4133,2025-03-13,Delhi,Scooter,46.9,63,No,3.6
ORD4134,2025-03-21,Delhi,Van,29.3,19,No,3.9
ORD4135,2025-03-13,Delhi,Van,58.5,106,No,4.2
ORD4136,2025-03-23,Bengaluru,Van,29.9,44,No,4.2
ORD4137,2025-03-27,Chennai,Truck,18.4,83,No,3.0
ORD4138,2025-03-08,Chennai,Van,54.6,106,No,3.6
ORD4139,2025-03-13,Pune,Van,30.0,114,Yes,4.0
ORD4140,2025-03-17,Bengaluru,Truck,55.9,72,No,3.1
ORD4141,2025-03-17,Pune,Bike,32.8,76,No,4.8
ORD4142,2025-03-07,Mumbai,Van,15.1,42,Yes,3.0
ORD4143,2025-03-05,Pune,Bike,21.9,57,No,3.7
ORD4144,2025-03-14,Delhi,Truck,59.0,47,No,4.4
ORD4145,2025-03-21,Hyderabad,Bike,14.2,72,Yes,3.8
ORD4146,2025-03-27,Delhi,Bike,23.0,77,No,3.2
ORD4147,2025-03-13,Pune,Scooter,18.7,10,No,4.3
ORD4148,2025-03-28,Chennai,Truck,43.5,40,Yes,4.8
ORD4149,2025-03-22,Bengaluru,Bike,15.4,86,Yes,3.3
ORD4150,2025-03-02,Pune,Van,50.2,17,Yes,3.1
ORD4151,2025-03-27,Bengaluru,Bike,57.6,49,Yes,4.5
ORD4152,2025-03-19,Chennai,Scooter,26.2,16,No,3.5
ORD4153,2025-03-07,Pune,Bike,30.6,79,No,4.5
ORD4154,2025-03-25,Pune,Bike,47.6,52,No,4.8
ORD4155,2025-03-03,Chennai,Truck,27.6,59,Yes,4.4
ORD4156,2025-03-27,Bengaluru,Truck,6.0,117,Yes,4.2
ORD4157,2025-03-15,Chennai,Van,33.5,65,No,3.3
ORD4158,2025-03-26,Delhi,Scooter,32.3,13,No,4.7
ORD4159,2025-03-14,Bengaluru,Van,26.3,44,No,4.4
ORD4160,2025-03-28,Pune,Truck,18.8,78,Yes,3.5
ORD4161,2025-03-26,Bengaluru,Bike,16.2,119,Yes,4.8
ORD4162,2025-03-06,Hyderabad,Truck,33.0,56,Yes,5.0
ORD4163,2025-03-14,Delhi,Van,11.1,108,No,3.0
ORD4164,2025-03-22,Pune,Truck,9.5,81,No,3.9
ORD4165,2025-03-12,Delhi,Bike,30.4,54,Yes,3.6
ORD4166,2025-03-25,Mumbai,Scooter,23.3,60,Yes,4.5
ORD4167,2025-03-06,Hyderabad,Truck,47.3,40,Yes,3.3
ORD4168,2025-03-26,Chennai,Scooter,24.7,11,No,4.1
ORD4169,2025-03-18,Bengaluru,Truck,54.7,47,Yes,4.3
ORD4170,2025-03-26,Hyderabad,Bike,11.0,33,No,4.5
ORD4171,2025-03-13,Mumbai,Truck,55.0,64,No,3.5
ORD4172,2025-03-21,Mumbai,Truck,12.2,69,Yes,3.9
ORD4173,2025-03-07,Delhi,Truck,15.4,22,No,3.1
ORD4174,2025-03-16,Bengaluru,Scooter,14.5,13,No,3.9
ORD4175,2025-03-30,Mumbai,Truck,47.5,14,Yes,4.7
ORD4176,2025-03-10,Chennai,Scooter,26.4,14,Yes,4.8
ORD4177,2025-03-11,Delhi,Bike,51.4,109,Yes,3.3
ORD4178,2025-03-09,Hyderabad,Scooter,40.1,29,Yes,4.9
ORD4179,2025-03-27,Pune,Bike,8.3,54,Yes,3.3
ORD4180,2025-03-17,Bengaluru,Scooter,3.5,116,No,4.2
ORD4181,2025-03-06,Delhi,Truck,36.2,68,Yes,4.7
ORD4182,2025-03-07,Hyderabad,Truck,53.9,81,No,4.4
ORD4183,2025-03-17,Pune,Scooter,15.0,75,No,3.5
ORD4184,2025-03-29,Mumbai,Van,27.9,109,No,3.2
ORD4185,2025-03-07,Mumbai,Van,4.6,14,No,3.8
ORD4186,2025-03-17,Pune,Truck,30.0,103,Yes,4.2
ORD4187,2025-03-07,Delhi,Van,48.4,61,Yes,4.9
ORD4188,2025-03-24,Mumbai,Bike,29.8,61,Yes,3.6
ORD4189,2025-03-02,Delhi,Truck,27.2,12,Yes,3.4
ORD4190,2025-03-16,Chennai,Truck,16.2,61,Yes,4.2
ORD4191,2025-03-02,Mumbai,Truck,33.0,79,Yes,4.3
ORD4192,2025-03-30,Bengaluru,Bike,50.7,18,Yes,4.7
ORD4193,2025-03-22,Mumbai,Van,33.8,68,Yes,3.7
ORD4194,2025-03-15,Bengaluru,Van,19.0,104,Yes,3.1
ORD4195,2025-03-01,Pune,Scooter,47.7,47,No,5.0
ORD4196,2025-03-23,Delhi,Scooter,8.4,74,Yes,4.5
ORD4197,2025-03-05,Bengaluru,Van,4.1,49,Yes,3.2
ORD4198,2025-03-27,Mumbai,Truck,13.5,40,No,3.8
ORD4199,2025-03-21,Hyderabad,Truck,32.8,68,No,4.9
ORD4200,2025-03-21,Delhi,Bike,19.2,110,No,5.0
ORD4201,2025-03-08,Bengaluru,Van,41.6,102,Yes,4.5
ORD4202,2025-03-03,Mumbai,Van,50.8,79,Yes,4.4
ORD4203,2025-03-18,Mumbai,Bike,20.4,75,Yes,3.6
ORD4204,2025-03-15,Chennai,Bike,45.6,54,Yes,3.4
ORD4205,2025-03-30,Chennai,Scooter,16.1,14,No,3.4
ORD4206,2025-03-28,Hyderabad,Scooter,49.7,30,No,3.5
ORD4207,2025-03-05,Pune,Bike,55.6,12,No,3.5
ORD4208,2025-03-10,Delhi,Truck,25.2,11,Yes,4.5
ORD4209,2025-03-09,Chennai,Van,7.1,23,Yes,3.3
ORD4210,2025-03-21,Hyderabad,Bike,25.4,47,No,4.5
ORD4211,2025-03-21,Bengaluru,Van,23.6,96,No,3.2
ORD4212,2025-03-24,Delhi,Truck,31.5,53,No,4.7
ORD4213,2025-03-17,Delhi,Truck,30.9,106,Yes,3.3
ORD4214,2025-03-08,Pune,Bike,52.7,37,No,4.4
ORD4215,2025-03-28,Pune,Scooter,37.9,88,Yes,3.3
ORD4216,2025-03-12,Pune,Truck,6.5,20,No,4.2
ORD4217,2025-03-11,Chennai,Scooter,40.0,102,Yes,3.3
ORD4218,2025-03-14,Delhi,Truck,47.6,41,No,4.4
ORD4219,2025-03-25,Pune,Scooter,11.0,94,No,3.7
ORD4220,2025-03-16,Hyderabad,Bike,14.3,67,Yes,4.1
ORD4221,2025-03-26,Delhi,Scooter,54.8,86,No,4.7
ORD4222,2025-03-10,Mumbai,Bike,57.4,84,Yes,4.1
ORD4223,2025-03-28,Hyderabad,Scooter,7.5,33,No,3.7
ORD4224,2025-03-27,Pune,Bike,55.7,15,Yes,3.9
ORD4225,2025-03-06,Hyderabad,Van,60.0,31,Yes,4.7
ORD4226,2025-03-03,Delhi,Van,29.1,58,No,3.5
ORD4227,2025-03-07,Delhi,Bike,50.1,49,No,4.9
ORD4228,2025-03-10,Pune,Truck,13.2,93,Yes,4.6
ORD4229,2025-03-14,Chennai,Bike,29.7,36,No,3.7
ORD4230,2025-03-06,Pune,Bike,8.5,117,No,4.3
ORD4231,2025-03-07,Mumbai,Bike,42.6,37,Yes,4.7
ORD4232,2025-03-27,Chennai,Bike,24.2,101,Yes,4.0
ORD4233,2025-03-22,Delhi,Truck,10.5,65,Yes,3.7
ORD4234,2025-03-04,Mumbai,Bike,14.9,23,No,3.4
ORD4235,2025-03-12,Bengaluru,Van,9.6,17,No,3.7
ORD4236,2025-03-11,Chennai,Van,22.4,84,No,4.1
ORD4237,2025-03-12,Delhi,Van,50.9,34,Yes,3.9
ORD4238,2025-03-30,Hyderabad,Scooter,28.9,89,No,4.8
ORD4239,2025-03-15,Pune,Truck,40.8,52,Yes,4.8
ORD4240,2025-03-20,Hyderabad,Bike,57.4,117,No,4.7
ORD4241,2025-03-27,Delhi,Van,42.4,105,No,3.1
ORD4242,2025-03-12,Bengaluru,Van,16.1,63,No,3.4
ORD4243,2025-03-17,Bengaluru,Truck,6.7,25,No,3.4
ORD4244,2025-03-04,Mumbai,Bike,49.7,83,No,3.2
ORD4245,2025-03-21,Hyderabad,Truck,18.2,45,Yes,4.1
ORD4246,2025-03-18,Bengaluru,Truck,38.4,54,Yes,3.5
ORD4247,2025-03-17,Chennai,Scooter,55.2,45,Yes,4.4
ORD4248,2025-03-11,Pune,Scooter,32.5,67,No,3.2
ORD4249,2025-03-26,Bengaluru,Van,31.9,108,Yes,4.2
ORD4250,2025-03-29,Chennai,Truck,24.2,43,Yes,4.1
ORD4251,2025-03-10,Hyderabad,Van,30.3,27,Yes,4.2
ORD4252,2025-03-04,Chennai,Truck,41.3,88,Yes,5.0
ORD4253,2025-03-26,Delhi,Truck,38.0,32,Yes,3.7
ORD4254,2025-03-27,Pune,Truck,52.4,21,Yes,3.9
ORD4255,2025-03-20,Chennai,Van,59.4,36,No,3.1
ORD4256,2025-03-16,Pune,Bike,26.3,101,Yes,4.3
ORD4257,2025-03-28,Delhi,Van,58.8,109,Yes,3.9
ORD4258,2025-03-05,Bengaluru,Truck,40.6,111,Yes,3.3
ORD4259,2025-03-07,Delhi,Scooter,45.0,63,No,3.4
ORD4260,2025-03-22,Hyderabad,Van,24.9,56,No,4.8
ORD4261,2025-03-08,Pune,Truck,43.3,53,No,4.9
ORD4262,2025-03-18,Hyderabad,Truck,50.3,38,No,4.9
ORD4263,2025-03-22,Chennai,Truck,36.9,111,No,4.9
ORD4264,2025-03-24,Hyderabad,Scooter,8.9,40,Yes,3.2
ORD4265,2025-03-13,Mumbai,Scooter,35.9,57,No,4.0
ORD4266,2025-03-07,Chennai,Truck,15.2,79,Yes,4.8
ORD4267,2025-03-12,Mumbai,Bike,26.2,51,No,4.7
ORD4268,2025-03-12,Pune,Scooter,28.0,116,Yes,3.1
ORD4269,2025-03-23,Hyderabad,Van,42.9,16,Yes,4.7
ORD4270,2025-03-29,Pune,Truck,26.4,46,Yes,4.8
ORD4271,2025-03-15,Bengaluru,Scooter,31.2,85,No,3.5
ORD4272,2025-03-12,Bengaluru,Van,8.8,111,Yes,3.4
ORD4273,2025-03-07,Pune,Van,41.6,59,Yes,4.2
ORD4274,2025-03-14,Pune,Truck,5.6,93,No,3.4
ORD4275,2025-03-14,Hyderabad,Van,20.1,106,Yes,3.7
ORD4276,2025-03-18,Bengaluru,Van,40.6,22,Yes,4.4
ORD4277,2025-03-09,Bengaluru,Scooter,19.5,79,Yes,3.3
ORD4278,2025-03-30,Pune,Scooter,2.4,41,No,4.2
ORD4279,2025-03-05,Hyderabad,Scooter,27.7,36,No,4.7
ORD4280,2025-03-19,Hyderabad,Truck,39.7,75,No,4.7
ORD4281,2025-03-17,Mumbai,Scooter,51.1,55,No,3.1
ORD4282,2025-03-03,Delhi,Scooter,53.6,37,No,4.0
ORD4283,2025-03-28,Mumbai,Scooter,16.2,10,Yes,3.5
ORD4284,2025-03-09,Chennai,Truck,57.3,38,No,3.0
ORD4285,2025-03-12,Pune,Van,23.6,37,No,4.8
ORD4286,2025-03-16,Chennai,Scooter,4.6,62,No,3.8
ORD4287,2025-03-20,Bengaluru,Van,19.9,63,No,4.5
ORD4288,2025-03-24,Pune,Truck,12.2,113,Yes,4.3
ORD4289,2025-03-16,Chennai,Bike,17.7,77,Yes,3.4
ORD4290,2025-03-14,Pune,Truck,34.2,49,No,3.5
ORD4291,2025-03-29,Bengaluru,Van,36.5,19,No,4.6
ORD4292,2025-03-15,Pune,Bike,10.8,116,No,3.8
ORD4293,2025-03-15,Hyderabad,Scooter,24.8,114,No,3.1
ORD4294,2025-03-19,Pune,Bike,38.0,63,Yes,3.1
ORD4295,2025-03-15,Pune,Van,32.4,31,Yes,3.6
ORD4296,2025-03-14,Delhi,Bike,34.4,25,Yes,4.0
ORD4297,2025-03-02,Hyderabad,Truck,55.0,63,No,4.7
ORD4298,2025-03-05,Hyderabad,Truck,43.6,118,No,3.0
ORD4299,2025-03-21,Hyderabad,Van,19.5,103,No,4.1
ORD4300,2025-03-11,Bengaluru,Van,29.9,72,Yes,3.0
ORD4301,2025-03-21,Bengaluru,Truck,7.9,87,No,4.3
ORD4302,2025-03-19,Delhi,Truck,19.3,47,No,3.5
ORD4303,2025-03-05,Hyderabad,Bike,56.4,100,Yes,3.5
ORD4304,2025-03-09,Delhi,Scooter,42.2,18,Yes,4.6
ORD4305,2025-03-24,Pune,Bike,59.5,30,Yes,3.9
ORD4306,2025-03-27,Bengaluru,Truck,26.2,65,Yes,3.6
ORD4307,2025-03-10,Hyderabad,Van,32.5,117,Yes,4.5
ORD4308,2025-03-15,Delhi,Bike,57.9,15,No,3.8
ORD4309,2025-03-14,Pune,Van,38.0,74,No,4.7
ORD4310,2025-03-13,Chennai,Scooter,28.6,66,No,3.1
ORD4311,2025-03-30,Hyderabad,Truck,44.4,82,No,3.5
ORD4312,2025-03-15,Chennai,Bike,38.2,117,Yes,4.8
ORD4313,2025-03-09,Chennai,Van,58.2,44,Yes,3.2
ORD4314,2025-03-14,Mumbai,Van,57.4,116,Yes,3.5
ORD4315,2025-03-10,Hyderabad,Bike,48.2,109,Yes,3.7
ORD4316,2025-03-15,Pune,Scooter,16.7,66,No,4.6
ORD4317,2025-03-29,Delhi,Scooter,36.4,35,Yes,4.2
ORD4318,2025-03-13,Delhi,Van,56.4,106,Yes,4.8
ORD4319,2025-03-06,Delhi,Truck,2.1,61,No,3.1
ORD4320,2025-03-30,Chennai,Bike,8.1,96,No,3.1
ORD4321,2025-03-14,Hyderabad,Truck,29.1,109,No,3.9
ORD4322,2025-03-12,Mumbai,Van,39.5,67,Yes,4.9
ORD4323,2025-03-13,Bengaluru,Van,9.4,119,No,3.0
ORD4324,2025-03-10,Mumbai,Truck,21.4,68,Yes,3.5
ORD4325,2025-03-18,Pune,Van,2.8,80,No,3.5
ORD4326,2025-03-25,Pune,Bike,45.4,43,Yes,4.6
ORD4327,2025-03-28,Delhi,Bike,13.7,90,No,4.3
ORD4328,2025-03-09,Mumbai,Van,50.6,39,Yes,3.3
ORD4329,2025-03-16,Pune,Bike,34.5,24,No,4.5
ORD4330,2025-03-23,Chennai,Van,39.0,97,Yes,3.4
ORD4331,2025-03-01,Delhi,Bike,12.4,82,Yes,4.2
ORD4332,2025-03-13,Pune,Scooter,12.7,16,Yes,3.6
ORD4333,2025-03-17,Mumbai,Van,21.8,73,Yes,4.7
ORD4334,2025-03-19,Pune,Truck,55.8,82,Yes,4.5
ORD4335,2025-03-20,Pune,Scooter,9.1,118,Yes,3.7
ORD4336,2025-03-13,Mumbai,Scooter,32.4,67,No,3.3
ORD4337,2025-03-19,Bengaluru,Bike,16.5,34,Yes,3.3
ORD4338,2025-03-18,Pune,Bike,44.3,81,Yes,3.3
ORD4339,2025-03-12,Pune,Van,20.0,93,Yes,3.7
ORD4340,2025-03-16,Delhi,Truck,59.2,20,Yes,3.2
ORD4341,2025-03-26,Bengaluru,Van,31.7,103,Yes,5.0
ORD4342,2025-03-22,Delhi,Bike,28.6,58,Yes,3.9
ORD4343,2025-03-23,Bengaluru,Truck,48.8,77,No,3.5
ORD4344,2025-03-18,Mumbai,Bike,26.7,31,No,4.9
ORD4345,2025-03-29,Chennai,Scooter,52.0,119,No,4.6
ORD4346,2025-03-27,Bengaluru,Truck,58.9,30,Yes,3.0
ORD4347,2025-03-28,Delhi,Truck,20.6,85,No,3.4
ORD4348,2025-03-13,Hyderabad,Scooter,52.7,33,No,4.9
ORD4349,2025-03-09,Hyderabad,Van,42.8,110,No,3.8
ORD4350,2025-03-28,Bengaluru,Bike,22.0,58,No,3.5
ORD4351,2025-03-29,Mumbai,Van,59.0,14,No,3.0
ORD4352,2025-03-08,Pune,Bike,54.1,98,No,4.0
ORD4353,2025-03-12,Pune,Scooter,22.4,21,Yes,4.7
ORD4354,2025-03-08,Bengaluru,Scooter,56.0,84,Yes,4.2
ORD4355,2025-03-04,Chennai,Truck,44.0,62,Yes,3.3
ORD4356,2025-03-21,Delhi,Bike,34.6,41,Yes,4.1
ORD4357,2025-03-10,Hyderabad,Truck,18.0,56,Yes,4.8
ORD4358,2025-03-23,Delhi,Scooter,19.3,96,Yes,4.3
ORD4359,2025-03-10,Delhi,Van,22.5,96,Yes,4.4
ORD4360,2025-03-23,Bengaluru,Van,55.5,43,Yes,4.2
ORD4361,2025-03-21,Mumbai,Truck,34.7,88,No,3.8
ORD4362,2025-03-12,Delhi,Truck,50.6,21,No,4.5
ORD4363,2025-03-18,Mumbai,Scooter,16.6,103,No,3.9
ORD4364,2025-03-19,Chennai,Bike,48.6,94,Yes,4.6
ORD4365,2025-03-17,Pune,Truck,2.3,78,No,4.9
ORD4366,2025-03-01,Chennai,Truck,33.8,64,No,4.6
ORD4367,2025-03-27,Pune,Van,52.8,114,Yes,4.2
ORD4368,2025-03-08,Pune,Van,16.7,78,Yes,3.3
ORD4369,2025-03-23,Mumbai,Van,28.9,77,No,4.9
ORD4370,2025-03-19,Bengaluru,Scooter,49.9,63,No,4.3
ORD4371,2025-03-27,Bengaluru,Bike,3.6,45,No,3.7
ORD4372,2025-03-12,Bengaluru,Truck,8.8,37,Yes,4.6
ORD4373,2025-03-26,Hyderabad,Scooter,37.7,101,Yes,4.3
ORD4374,2025-03-27,Chennai,Bike,30.9,29,Yes,3.2
ORD4375,2025-03-13,Chennai,Bike,49.5,22,No,4.5
ORD4376,2025-03-14,Pune,Van,35.6,84,Yes,4.4
ORD4377,2025-03-09,Delhi,Bike,5.3,36,Yes,5.0
ORD4378,2025-03-09,Mumbai,Van,59.2,110,Yes,3.5
ORD4379,2025-03-19,Hyderabad,Bike,2.7,113,Yes,4.4
ORD4380,2025-03-18,Pune,Van,29.2,114,Yes,4.4
ORD4381,2025-03-11,Hyderabad,Truck,28.6,80,No,4.4
ORD4382,2025-03-13,Delhi,Van,51.9,31,Yes,3.3
ORD4383,2025-03-03,Mumbai,Scooter,43.9,113,Yes,3.8
ORD4384,2025-03-12,Bengaluru,Scooter,10.2,39,Yes,3.6
ORD4385,2025-03-24,Delhi,Scooter,29.3,48,No,4.0
ORD4386,2025-03-07,Bengaluru,Truck,8.4,62,No,3.5
ORD4387,2025-03-15,Bengaluru,Van,57.4,24,No,4.0
ORD4388,2025-03-15,Pune,Scooter,30.6,85,No,4.9
ORD4389,2025-03-23,Pune,Bike,35.1,77,Yes,4.6
ORD4390,2025-03-19,Bengaluru,Bike,15.1,72,Yes,4.6
ORD4391,2025-03-12,Bengaluru,Van,6.9,10,Yes,4.5
ORD4392,2025-03-02,Pune,Truck,20.1,48,No,4.8
ORD4393,2025-03-15,Chennai,Truck,53.4,105,Yes,4.6
ORD4394,2025-03-06,Pune,Scooter,37.9,52,No,4.5
ORD4395,2025-03-07,Pune,Scooter,21.7,12,No,4.4
ORD4396,2025-03-26,Delhi,Scooter,36.0,46,No,4.5
ORD4397,2025-03-16,Pune,Truck,45.6,11,Yes,3.1
ORD4398,2025-03-13,Hyderabad,Scooter,57.1,88,No,4.4
ORD4399,2025-03-10,Mumbai,Scooter,57.6,83,No,4.3
ORD4400,2025-03-04,Chennai,Scooter,43.1,59,No,4.4
ORD4401,2025-03-10,Delhi,Scooter,51.1,98,Yes,4.5
ORD4402,2025-03-28,Bengaluru,Truck,24.7,71,No,4.8
ORD4403,2025-03-21,Chennai,Bike,50.2,106,No,4.3
ORD4404,2025-03-28,Mumbai,Van,38.1,22,Yes,3.9
ORD4405,2025-03-03,Bengaluru,Van,31.8,29,Yes,3.2
ORD4406,2025-03-02,Delhi,Van,3.8,80,Yes,4.8
ORD4407,2025-03-07,Chennai,Bike,35.3,32,No,3.5
ORD4408,2025-03-15,Bengaluru,Truck,55.1,85,No,3.3
ORD4409,2025-03-17,Chennai,Scooter,47.8,52,No,3.8
ORD4410,2025-03-19,Bengaluru,Van,51.2,91,No,4.9
ORD4411,2025-03-14,Bengaluru,Bike,31.5,80,Yes,4.5
ORD4412,2025-03-23,Bengaluru,Scooter,18.8,114,No,4.4
ORD4413,2025-03-15,Chennai,Truck,55.5,84,No,4.2
ORD4414,2025-03-04,Hyderabad,Scooter,34.3,12,Yes,4.0
ORD4415,2025-03-24,Mumbai,Bike,17.8,90,No,3.6
ORD4416,2025-03-06,Pune,Scooter,56.8,105,Yes,4.3
ORD4417,2025-03-30,Pune,Van,12.8,17,Yes,4.5
ORD4418,2025-03-14,Pune,Van,46.4,87,No,3.0
ORD4419,2025-03-11,Chennai,Truck,15.0,31,No,4.6
ORD4420,2025-03-27,Delhi,Truck,48.9,101,No,4.2
ORD4421,2025-03-19,Pune,Bike,37.3,59,No,3.5
ORD4422,2025-03-23,Mumbai,Van,32.5,87,Yes,4.7
ORD4423,2025-03-07,Mumbai,Scooter,30.0,19,Yes,4.2
ORD4424,2025-03-11,Bengaluru,Van,7.2,69,Yes,3.0
ORD4425,2025-03-12,Pune,Truck,26.3,51,No,4.3
ORD4426,2025-03-02,Delhi,Van,17.4,104,No,4.3
ORD4427,2025-03-10,Chennai,Truck,59.9,83,Yes,4.5
ORD4428,2025-03-27,Bengaluru,Van,42.6,72,No,4.3
ORD4429,2025-03-17,Pune,Scooter,44.3,53,Yes,3.1
ORD4430,2025-03-16,Delhi,Truck,45.0,45,No,4.8
ORD4431,2025-03-18,Delhi,Truck,34.6,20,No,3.1
ORD4432,2025-03-20,Mumbai,Bike,44.1,50,Yes,3.9
ORD4433,2025-03-20,Delhi,Scooter,12.2,83,No,3.6
ORD4434,2025-03-02,Hyderabad,Van,44.9,68,Yes,4.2
ORD4435,2025-03-28,Delhi,Bike,4.8,109,Yes,3.0
ORD4436,2025-03-20,Hyderabad,Van,26.1,110,No,4.6
ORD4437,2025-03-05,Bengaluru,Scooter,34.6,34,Yes,3.3
ORD4438,2025-03-04,Chennai,Van,11.3,54,No,3.9
ORD4439,2025-03-10,Chennai,Bike,15.4,57,No,3.6
ORD4440,2025-03-10,Hyderabad,Van,4.0,80,No,4.1
ORD4441,2025-03-14,Mumbai,Truck,7.4,49,Yes,5.0
ORD4442,2025-03-22,Chennai,Bike,11.7,13,Yes,4.5
ORD4443,2025-03-07,Delhi,Van,7.0,116,Yes,4.7
ORD4444,2025-03-25,Chennai,Van,12.1,13,No,4.8
ORD4445,2025-03-11,Bengaluru,Scooter,37.3,19,Yes,5.0
ORD4446,2025-03-26,Delhi,Bike,2.8,44,No,4.3
ORD4447,2025-03-12,Bengaluru,Van,33.6,113,Yes,4.0
ORD4448,2025-03-06,Pune,Bike,5.7,55,No,3.3
ORD4449,2025-03-06,Chennai,Truck,38.7,55,No,4.4
ORD4450,2025-03-09,Mumbai,Van,20.9,107,No,3.9
ORD4451,2025-03-21,Delhi,Bike,26.1,46,No,3.5
ORD4452,2025-03-16,Pune,Bike,2.2,60,No,4.0
ORD4453,2025-03-15,Bengaluru,Scooter,55.7,26,Yes,4.3
ORD4454,2025-03-22,Hyderabad,Van,46.5,48,Yes,4.7
ORD4455,2025-03-01,Bengaluru,Truck,4.4,53,No,3.8
ORD4456,2025-03-04,Hyderabad,Van,49.5,115,No,3.3
ORD4457,2025-03-02,Hyderabad,Truck,28.6,112,Yes,3.7
ORD4458,2025-03-15,Mumbai,Scooter,17.9,113,Yes,4.0
ORD4459,2025-03-07,Hyderabad,Truck,33.7,42,No,4.8
ORD4460,2025-03-25,Delhi,Bike,58.0,51,Yes,3.2
ORD4461,2025-03-23,Chennai,Truck,27.4,44,No,3.3
ORD4462,2025-03-04,Bengaluru,Scooter,17.8,54,No,4.8
ORD4463,2025-03-05,Pune,Scooter,34.7,117,No,4.1
ORD4464,2025-03-06,Delhi,Scooter,14.6,34,No,3.3
ORD4465,2025-03-09,Hyderabad,Scooter,29.9,56,No,3.8
ORD4466,2025-03-28,Delhi,Bike,22.7,32,No,3.6
ORD4467,2025-03-19,Delhi,Truck,24.8,84,Yes,3.8
ORD4468,2025-03-10,Mumbai,Bike,43.7,26,Yes,4.0
ORD4469,2025-03-04,Hyderabad,Bike,8.2,107,No,4.4
ORD4470,2025-03-03,Delhi,Scooter,33.9,54,No,4.0
ORD4471,2025-03-10,Pune,Truck,16.2,56,Yes,3.3
ORD4472,2025-03-14,Bengaluru,Truck,20.7,99,No,4.3
ORD4473,2025-03-18,Mumbai,Truck,34.2,10,No,3.5
ORD4474,2025-03-18,Delhi,Truck,35.8,106,No,4.6
ORD4475,2025-03-11,Bengaluru,Scooter,27.5,100,Yes,3.6
ORD4476,2025-03-09,Bengaluru,Scooter,55.9,73,No,3.2
ORD4477,2025-03-14,Hyderabad,Bike,9.8,102,Yes,4.9
ORD4478,2025-03-11,Delhi,Bike,10.4,64,Yes,3.3
ORD4479,2025-03-07,Hyderabad,Bike,27.4,31,No,4.0
ORD4480,2025-03-11,Bengaluru,Scooter,22.4,42,No,3.5
ORD4481,2025-03-04,Delhi,Bike,28.0,57,No,4.5
ORD4482,2025-03-28,Pune,Van,40.1,109,Yes,4.2
ORD4483,2025-03-29,Hyderabad,Van,49.2,29,Yes,4.7
ORD4484,2025-03-16,Hyderabad,Truck,7.0,77,No,4.0
ORD4485,2025-03-19,Chennai,Van,56.9,26,Yes,3.1
ORD4486,2025-03-03,Pune,Truck,50.8,108,Yes,3.3
ORD4487,2025-03-05,Pune,Van,18.6,12,No,3.7
ORD4488,2025-03-11,Mumbai,Bike,46.0,59,Yes,4.7
ORD4489,2025-03-08,Bengaluru,Scooter,11.5,52,Yes,3.7
ORD4490,2025-03-19,Bengaluru,Scooter,53.8,88,No,3.7
ORD4491,2025-03-13,Hyderabad,Bike,39.6,109,Yes,3.8
ORD4492,2025-03-21,Bengaluru,Van,50.7,58,No,4.2
ORD4493,2025-03-21,Bengaluru,Van,26.6,13,Yes,3.6
ORD4494,2025-03-26,Delhi,Scooter,50.5,116,Yes,3.2
ORD4495,2025-03-12,Chennai,Scooter,30.7,71,No,3.5
ORD4496,2025-03-13,Delhi,Scooter,45.6,27,Yes,4.1
ORD4497,2025-03-18,Delhi,Bike,2.2,33,Yes,3.2
ORD4498,2025-03-06,Bengaluru,Scooter,14.8,112,No,4.0
ORD4499,2025-03-20,Bengaluru,Scooter,36.4,25,No,3.6
ORD4500,2025-03-08,Bengaluru,Van,38.8,40,No,4.7
ORD4501,2025-03-05,Delhi,Van,8.2,111,No,4.7
ORD4502,2025-03-30,Pune,Scooter,16.0,47,No,3.2
ORD4503,2025-03-11,Pune,Bike,44.5,51,No,4.5
ORD4504,2025-03-19,Delhi,Truck,18.3,82,No,4.3
ORD4505,2025-03-28,Chennai,Van,41.6,117,Yes,3.2
ORD4506,2025-03-01,Hyderabad,Scooter,32.3,93,Yes,4.0
ORD4507,2025-03-12,Pune,Truck,51.1,103,Yes,4.5
ORD4508,2025-03-10,Pune,Van,38.0,87,No,4.3
ORD4509,2025-03-19,Delhi,Bike,34.3,70,No,3.5
ORD4510,2025-03-30,Bengaluru,Scooter,19.2,98,No,3.4
ORD4511,2025-03-14,Delhi,Bike,13.7,63,Yes,4.3
ORD4512,2025-03-19,Mumbai,Van,7.4,39,No,3.2
ORD4513,2025-03-13,Delhi,Scooter,48.2,84,Yes,3.9
ORD4514,2025-03-10,Delhi,Van,23.5,97,Yes,3.9
ORD4515,2025-03-23,Mumbai,Bike,26.7,82,No,3.4
ORD4516,2025-03-09,Chennai,Van,56.0,17,Yes,3.2
ORD4517,2025-03-26,Delhi,Van,13.9,17,No,4.8
ORD4518,2025-03-02,Mumbai,Truck,38.8,90,No,4.1
ORD4519,2025-03-18,Pune,Scooter,23.4,38,No,3.9
ORD4520,2025-03-18,Mumbai,Scooter,2.2,107,No,3.0
ORD4521,2025-03-16,Pune,Van,41.7,27,No,3.7
ORD4522,2025-03-17,Mumbai,Van,5.5,34,Yes,4.1
ORD4523,2025-03-18,Chennai,Bike,40.9,74,No,3.9
ORD4524,2025-03-08,Mumbai,Scooter,28.5,44,Yes,4.4
ORD4525,2025-03-17,Hyderabad,Scooter,38.1,41,No,3.9
ORD4526,2025-03-23,Bengaluru,Truck,38.8,70,No,4.8
ORD4527,2025-03-28,Hyderabad,Scooter,39.0,105,Yes,3.6
ORD4528,2025-03-06,Delhi,Bike,31.5,84,Yes,3.6
ORD4529,2025-03-10,Chennai,Truck,52.8,97,No,3.6
ORD4530,2025-03-15,Pune,Scooter,53.5,54,Yes,3.5
ORD4531,2025-03-13,Pune,Scooter,46.8,33,No,4.7
ORD4532,2025-03-25,Chennai,Scooter,58.0,83,No,4.9
ORD4533,2025-03-30,Chennai,Bike,41.5,87,Yes,3.9
ORD4534,2025-03-22,Delhi,Bike,47.4,15,Yes,4.6
ORD4535,2025-03-23,Mumbai,Truck,18.6,51,No,3.3
ORD4536,2025-03-25,Delhi,Scooter,5.1,24,No,3.8
ORD4537,2025-03-15,Mumbai,Van,28.9,20,No,4.9
ORD4538,2025-03-14,Mumbai,Truck,2.4,62,Yes,4.5
ORD4539,2025-03-02,Hyderabad,Bike,46.1,39,No,3.5
ORD4540,2025-03-05,Mumbai,Van,25.9,101,Yes,4.2
ORD4541,2025-03-06,Delhi,Truck,22.4,46,No,4.6
ORD4542,2025-03-30,Mumbai,Van,5.6,25,No,3.4
ORD4543,2025-03-13,Pune,Scooter,57.7,91,Yes,3.2
ORD4544,2025-03-10,Pune,Bike,31.2,50,Yes,3.2
ORD4545,2025-03-13,Delhi,Bike,37.5,38,No,4.5
ORD4546,2025-03-01,Chennai,Truck,55.0,13,Yes,3.3
ORD4547,2025-03-06,Hyderabad,Bike,51.5,41,Yes,3.5
ORD4548,2025-03-23,Mumbai,Truck,25.9,64,No,3.5
ORD4549,2025-03-10,Chennai,Bike,32.2,112,Yes,4.4
ORD4550,2025-03-02,Chennai,Bike,10.2,45,Yes,3.1
ORD4551,2025-03-18,Delhi,Scooter,57.6,51,Yes,3.0
ORD4552,2025-03-20,Chennai,Truck,54.9,52,No,3.4
ORD4553,2025-03-02,Chennai,Bike,37.0,55,No,3.2
ORD4554,2025-03-11,Mumbai,Truck,19.3,28,Yes,3.2
ORD4555,2025-03-07,Pune,Van,54.5,75,No,4.3
ORD4556,2025-03-27,Bengaluru,Scooter,14.0,119,Yes,4.2
ORD4557,2025-03-17,Mumbai,Van,2.3,109,Yes,4.6
ORD4558,2025-03-08,Bengaluru,Bike,29.4,51,No,4.4
ORD4559,2025-03-28,Chennai,Bike,48.9,17,Yes,4.9
ORD4560,2025-03-07,Bengaluru,Van,2.8,28,Yes,3.5
ORD4561,2025-03-12,Chennai,Van,42.0,110,No,4.2
ORD4562,2025-03-21,Mumbai,Truck,36.3,104,Yes,4.9
ORD4563,2025-03-10,Delhi,Truck,7.5,98,No,4.9
ORD4564,2025-03-19,Bengaluru,Bike,18.6,39,Yes,4.2
ORD4565,2025-03-20,Hyderabad,Van,50.4,46,No,4.5
ORD4566,2025-03-11,Delhi,Scooter,40.0,64,No,4.2
ORD4567,2025-03-07,Bengaluru,Scooter,24.6,54,Yes,4.5
ORD4568,2025-03-07,Pune,Van,10.2,59,Yes,3.7
ORD4569,2025-03-03,Chennai,Truck,31.7,74,Yes,3.6
ORD4570,2025-03-18,Chennai,Bike,39.9,96,No,4.1
ORD4571,2025-03-11,Chennai,Van,5.9,88,No,4.5
ORD4572,2025-03-08,Chennai,Scooter,14.4,96,Yes,3.3
ORD4573,2025-03-09,Pune,Van,18.3,26,Yes,4.3
ORD4574,2025-03-09,Pune,Bike,33.1,36,Yes,4.0
ORD4575,2025-03-28,Chennai,Bike,55.3,48,No,3.4
ORD4576,2025-03-28,Mumbai,Truck,40.9,53,Yes,3.6
ORD4577,2025-03-05,Bengaluru,Bike,2.5,46,Yes,5.0
ORD4578,2025-03-03,Delhi,Van,46.6,85,Yes,4.6
ORD4579,2025-03-28,Bengaluru,Van,4.9,64,Yes,4.7
ORD4580,2025-03-26,Bengaluru,Bike,51.6,114,No,3.9
ORD4581,2025-03-28,Pune,Van,26.6,13,No,3.9
ORD4582,2025-03-25,Mumbai,Bike,54.5,70,No,3.2
ORD4583,2025-03-27,Mumbai,Van,35.8,30,No,4.1
ORD4584,2025-03-17,Pune,Truck,22.7,67,Yes,4.9
ORD4585,2025-03-12,Chennai,Scooter,38.3,21,Yes,3.6
ORD4586,2025-03-04,Chennai,Scooter,7.1,55,Yes,3.4
ORD4587,2025-03-01,Bengaluru,Truck,2.2,75,Yes,4.8
ORD4588,2025-03-06,Mumbai,Scooter,14.1,112,No,3.5
ORD4589,2025-03-24,Delhi,Truck,51.6,100,No,4.7
ORD4590,2025-03-08,Bengaluru,Van,27.1,27,No,3.8
ORD4591,2025-03-13,Mumbai,Bike,50.2,14,No,3.6
ORD4592,2025-03-21,Bengaluru,Scooter,19.0,46,No,4.0
ORD4593,2025-03-12,Mumbai,Bike,42.6,65,Yes,4.2
ORD4594,2025-03-13,Bengaluru,Van,6.4,14,Yes,4.8
ORD4595,2025-03-25,Delhi,Bike,56.7,32,No,3.6
ORD4596,2025-03-19,Mumbai,Truck,50.1,78,No,4.3
ORD4597,2025-03-28,Hyderabad,Truck,10.7,90,Yes,4.0
ORD4598,2025-03-16,Chennai,Van,13.1,82,No,4.5
ORD4599,2025-03-26,Mumbai,Truck,3.0,10,No,3.8
ORD4600,2025-03-22,Bengaluru,Bike,59.0,17,No,4.5
ORD4601,2025-03-13,Chennai,Truck,52.7,25,No,3.5
ORD4602,2025-03-13,Bengaluru,Scooter,16.4,10,No,4.3
ORD4603,2025-03-16,Mumbai,Scooter,37.8,48,No,4.3
ORD4604,2025-03-18,Bengaluru,Bike,51.0,30,No,4.2
ORD4605,2025-03-08,Mumbai,Scooter,48.6,111,No,4.0
ORD4606,2025-03-16,Mumbai,Scooter,15.9,37,No,4.3
ORD4607,2025-03-30,Chennai,Bike,33.0,31,Yes,4.0
ORD4608,2025-03-24,Mumbai,Bike,36.9,88,Yes,3.4
ORD4609,2025-03-02,Delhi,Truck,11.4,66,Yes,3.7
ORD4610,2025-03-06,Hyderabad,Van,9.8,110,No,3.2
ORD4611,2025-03-01,Pune,Van,10.4,22,Yes,4.3
ORD4612,2025-03-24,Delhi,Bike,59.9,17,No,4.2
ORD4613,2025-03-14,Mumbai,Bike,43.3,118,No,3.9
ORD4614,2025-03-09,Hyderabad,Bike,45.5,46,No,4.0
ORD4615,2025-03-21,Bengaluru,Truck,11.4,97,Yes,4.1
ORD4616,2025-03-22,Bengaluru,Bike,2.1,45,No,4.1
ORD4617,2025-03-19,Delhi,Scooter,38.8,95,Yes,3.8
ORD4618,2025-03-17,Pune,Bike,3.4,37,Yes,4.0
ORD4619,2025-03-14,Chennai,Bike,53.4,92,No,4.7
ORD4620,2025-03-09,Pune,Van,34.9,85,No,4.1
ORD4621,2025-03-07,Hyderabad,Van,7.1,92,Yes,4.2
ORD4622,2025-03-28,Pune,Van,19.1,56,No,4.6
ORD4623,2025-03-06,Hyderabad,Bike,6.6,102,No,3.5
ORD4624,2025-03-04,Chennai,Bike,43.9,78,Yes,4.2
ORD4625,2025-03-09,Bengaluru,Van,41.3,39,Yes,4.1
ORD4626,2025-03-27,Pune,Scooter,34.8,38,No,4.0
ORD4627,2025-03-13,Mumbai,Truck,39.1,13,No,3.8
ORD4628,2025-03-26,Pune,Truck,33.0,114,No,5.0
ORD4629,2025-03-14,Bengaluru,Truck,2.9,10,No,3.7
ORD4630,2025-03-17,Mumbai,Bike,45.7,18,No,4.7
ORD4631,2025-03-27,Bengaluru,Scooter,15.1,22,Yes,3.6
ORD4632,2025-03-24,Hyderabad,Truck,57.0,30,No,3.7
ORD4633,2025-03-19,Hyderabad,Truck,11.3,116,No,3.6
ORD4634,2025-03-11,Mumbai,Bike,23.4,92,Yes,4.9
ORD4635,2025-03-09,Bengaluru,Bike,24.8,95,No,4.5
ORD4636,2025-03-24,Mumbai,Scooter,4.9,88,Yes,4.2
ORD4637,2025-03-23,Mumbai,Truck,10.5,43,Yes,3.8
ORD4638,2025-03-17,Pune,Bike,57.6,34,Yes,4.9
ORD4639,2025-03-22,Bengaluru,Scooter,58.9,103,Yes,4.1
ORD4640,2025-03-30,Mumbai,Truck,59.2,19,Yes,4.0
ORD4641,2025-03-19,Mumbai,Bike,17.3,51,Yes,4.6
ORD4642,2025-03-11,Bengaluru,Van,15.1,29,No,3.2
ORD4643,2025-03-16,Delhi,Truck,28.3,97,No,3.3
ORD4644,2025-03-07,Delhi,Truck,44.1,116,Yes,3.1
ORD4645,2025-03-30,Chennai,Scooter,11.8,89,No,4.2
ORD4646,2025-03-25,Delhi,Van,53.7,93,No,4.9
ORD4647,2025-03-05,Pune,Truck,23.8,90,No,3.8
ORD4648,2025-03-16,Bengaluru,Scooter,46.1,75,Yes,3.9
ORD4649,2025-03-01,Mumbai,Bike,4.2,71,Yes,4.8
ORD4650,2025-03-04,Pune,Bike,58.0,97,No,3.8
ORD4651,2025-03-27,Bengaluru,Scooter,34.1,39,Yes,3.8
ORD4652,2025-03-21,Hyderabad,Bike,52.4,57,No,4.8
ORD4653,2025-03-16,Bengaluru,Bike,38.6,13,Yes,3.3
ORD4654,2025-03-16,Delhi,Van,53.5,118,Yes,4.9
ORD4655,2025-03-02,Chennai,Truck,39.3,88,No,3.7
ORD4656,2025-03-25,Mumbai,Bike,41.5,32,No,4.1
ORD4657,2025-03-19,Pune,Scooter,27.7,65,Yes,4.5
ORD4658,2025-03-09,Mumbai,Truck,21.1,63,No,3.5
ORD4659,2025-03-10,Pune,Truck,47.1,101,Yes,4.9
ORD4660,2025-03-09,Delhi,Truck,13.2,60,Yes,4.1
ORD4661,2025-03-08,Pune,Bike,56.6,117,Yes,3.7
ORD4662,2025-03-29,Chennai,Van,57.7,34,No,4.8
ORD4663,2025-03-16,Hyderabad,Truck,57.1,102,No,4.3
ORD4664,2025-03-10,Chennai,Van,20.7,93,Yes,3.3
ORD4665,2025-03-20,Chennai,Truck,6.9,105,Yes,5.0
ORD4666,2025-03-23,Delhi,Truck,8.2,35,No,4.3
ORD4667,2025-03-04,Chennai,Van,42.5,68,Yes,3.5
ORD4668,2025-03-24,Mumbai,Truck,20.5,12,Yes,3.4
ORD4669,2025-03-15,Chennai,Scooter,2.5,39,No,4.2
ORD4670,2025-03-24,Delhi,Scooter,16.7,59,No,4.6
ORD4671,2025-03-03,Chennai,Scooter,52.9,61,Yes,3.6
ORD4672,2025-03-24,Chennai,Bike,26.4,95,Yes,3.6
ORD4673,2025-03-12,Mumbai,Van,10.8,62,No,4.5
ORD4674,2025-03-25,Mumbai,Truck,43.0,30,No,4.0
ORD4675,2025-03-21,Delhi,Bike,52.9,29,Yes,4.7
ORD4676,2025-03-04,Bengaluru,Scooter,54.3,108,Yes,3.6
ORD4677,2025-03-27,Mumbai,Van,19.8,96,No,3.7
ORD4678,2025-03-15,Delhi,Van,24.5,17,Yes,4.7
ORD4679,2025-03-01,Pune,Van,31.8,62,No,3.8
ORD4680,2025-03-03,Chennai,Truck,10.7,99,No,3.5
ORD4681,2025-03-11,Mumbai,Bike,2.9,20,No,3.1
ORD4682,2025-03-29,Hyderabad,Scooter,9.5,62,No,3.9
ORD4683,2025-03-06,Delhi,Scooter,53.2,58,No,3.5
ORD4684,2025-03-05,Hyderabad,Scooter,14.2,113,Yes,4.0
ORD4685,2025-03-19,Mumbai,Bike,2.5,96,Yes,3.3
ORD4686,2025-03-24,Hyderabad,Van,5.6,28,Yes,4.9
ORD4687,2025-03-11,Bengaluru,Bike,3.0,33,No,4.7
ORD4688,2025-03-04,Mumbai,Truck,10.3,92,Yes,4.5
ORD4689,2025-03-08,Chennai,Truck,30.5,96,Yes,4.7
ORD4690,2025-03-04,Delhi,Truck,57.6,110,No,4.9
ORD4691,2025-03-02,Hyderabad,Truck,35.1,62,Yes,3.5
ORD4692,2025-03-30,Bengaluru,Scooter,36.2,113,Yes,3.9
ORD4693,2025-03-21,Hyderabad,Bike,27.6,10,No,4.7
ORD4694,2025-03-06,Mumbai,Scooter,32.3,70,Yes,3.6
ORD4695,2025-03-04,Hyderabad,Scooter,33.2,102,No,4.4
ORD4696,2025-03-15,Pune,Bike,29.8,14,Yes,3.3
ORD4697,2025-03-03,Delhi,Scooter,32.2,52,Yes,3.7
ORD4698,2025-03-28,Hyderabad,Scooter,46.5,92,No,3.8
ORD4699,2025-03-18,Hyderabad,Bike,50.1,80,No,4.0
ORD4700,2025-03-28,Chennai,Scooter,6.5,43,No,4.5
ORD4701,2025-03-15,Bengaluru,Van,7.4,112,No,4.1
ORD4702,2025-03-11,Hyderabad,Scooter,41.1,46,No,3.9
ORD4703,2025-03-28,Chennai,Scooter,26.2,103,Yes,3.7
ORD4704,2025-03-20,Hyderabad,Van,19.1,54,No,3.8
ORD4705,2025-03-05,Hyderabad,Bike,21.8,113,No,3.9
ORD4706,2025-03-05,Bengaluru,Bike,36.9,66,Yes,3.2
ORD4707,2025-03-07,Pune,Van,42.7,10,No,3.8
ORD4708,2025-03-10,Hyderabad,Van,45.7,58,Yes,3.6
ORD4709,2025-03-10,Pune,Van,8.5,119,No,5.0
ORD4710,2025-03-04,Bengaluru,Van,17.8,34,No,4.3
ORD4711,2025-03-08,Hyderabad,Truck,17.3,35,No,3.7
ORD4712,2025-03-13,Bengaluru,Van,21.6,59,Yes,4.9
ORD4713,2025-03-05,Hyderabad,Truck,47.8,31,Yes,4.3
ORD4714,2025-03-28,Bengaluru,Truck,18.8,70,Yes,4.6
ORD4715,2025-03-14,Mumbai,Scooter,4.9,11,No,4.7
ORD4716,2025-03-13,Hyderabad,Truck,27.3,106,No,4.2
ORD4717,2025-03-01,Chennai,Van,48.2,72,Yes,4.2
ORD4718,2025-03-11,Hyderabad,Truck,22.5,70,No,4.3
ORD4719,2025-03-30,Hyderabad,Truck,36.3,18,Yes,5.0
ORD4720,2025-03-15,Chennai,Van,20.3,18,No,4.9
ORD4721,2025-03-01,Hyderabad,Bike,36.2,69,No,3.1
ORD4722,2025-03-01,Mumbai,Truck,35.1,42,Yes,4.2
ORD4723,2025-03-01,Chennai,Van,37.7,105,No,4.1
ORD4724,2025-03-21,Chennai,Scooter,45.2,66,Yes,3.9
ORD4725,2025-03-12,Bengaluru,Scooter,11.8,97,No,3.1
ORD4726,2025-03-30,Bengaluru,Bike,10.1,33,Yes,3.9
ORD4727,2025-03-06,Chennai,Truck,6.4,67,No,4.0
ORD4728,2025-03-06,Chennai,Van,9.0,25,Yes,3.6
ORD4729,2025-03-26,Hyderabad,Bike,25.2,48,Yes,4.7
ORD4730,2025-03-19,Mumbai,Truck,54.1,47,Yes,4.3
ORD4731,2025-03-11,Bengaluru,Scooter,47.2,64,Yes,3.3
ORD4732,2025-03-17,Delhi,Bike,17.6,106,Yes,3.9
ORD4733,2025-03-24,Hyderabad,Scooter,19.6,64,Yes,4.8
ORD4734,2025-03-18,Pune,Bike,43.1,106,Yes,3.7
ORD4735,2025-03-12,Hyderabad,Bike,34.0,51,Yes,4.8
ORD4736,2025-03-10,Pune,Scooter,3.9,39,No,4.9
ORD4737,2025-03-10,Mumbai,Van,54.8,55,No,3.9
ORD4738,2025-03-27,Bengaluru,Scooter,36.4,11,No,4.0
ORD4739,2025-03-13,Delhi,Scooter,16.2,41,No,4.7
ORD4740,2025-03-01,Bengaluru,Truck,45.1,40,No,4.6
ORD4741,2025-03-08,Bengaluru,Bike,53.2,99,Yes,3.1
ORD4742,2025-03-29,Mumbai,Truck,26.8,45,Yes,3.9
ORD4743,2025-03-23,Hyderabad,Bike,54.7,28,Yes,3.3
ORD4744,2025-03-14,Mumbai,Bike,52.9,41,No,3.5
ORD4745,2025-03-24,Bengaluru,Bike,28.1,78,No,4.1
ORD4746,2025-03-27,Delhi,Scooter,18.9,16,Yes,3.2
ORD4747,2025-03-26,Hyderabad,Van,54.9,83,Yes,3.8
ORD4748,2025-03-17,Mumbai,Van,49.0,81,Yes,3.5
ORD4749,2025-03-28,Pune,Truck,2.8,15,Yes,3.3
ORD4750,2025-03-12,Chennai,Truck,40.7,53,No,3.9
ORD4751,2025-03-26,Delhi,Van,40.8,72,No,3.6
ORD4752,2025-03-21,Chennai,Van,42.8,108,No,4.8
ORD4753,2025-03-16,Bengaluru,Truck,8.7,101,Yes,4.7
ORD4754,2025-03-13,Delhi,Scooter,35.6,83,No,3.8
ORD4755,2025-03-25,Pune,Truck,42.4,109,Yes,3.7
ORD4756,2025-03-06,Delhi,Van,59.3,58,No,4.7
ORD4757,2025-03-03,Pune,Bike,57.4,96,No,3.8
ORD4758,2025-03-13,Pune,Scooter,33.6,110,No,3.7
ORD4759,2025-03-28,Hyderabad,Truck,19.9,13,No,4.5
ORD4760,2025-03-12,Bengaluru,Bike,19.1,93,No,4.3
ORD4761,2025-03-16,Pune,Bike,4.6,69,Yes,3.1
ORD4762,2025-03-28,Mumbai,Truck,46.5,30,Yes,3.5
ORD4763,2025-03-22,Delhi,Bike,32.9,26,Yes,4.5
ORD4764,2025-03-05,Mumbai,Bike,17.3,47,No,3.1
ORD4765,2025-03-18,Bengaluru,Van,5.5,55,No,3.1
ORD4766,2025-03-13,Bengaluru,Bike,15.4,13,Yes,3.6
ORD4767,2025-03-13,Chennai,Scooter,32.7,34,No,4.1
ORD4768,2025-03-17,Mumbai,Truck,49.1,118,Yes,4.4
ORD4769,2025-03-03,Mumbai,Scooter,31.5,73,Yes,3.7
ORD4770,2025-03-06,Hyderabad,Truck,47.0,42,No,3.6
ORD4771,2025-03-21,Bengaluru,Bike,58.7,82,No,3.9
ORD4772,2025-03-29,Bengaluru,Truck,13.7,95,Yes,3.3
ORD4773,2025-03-03,Bengaluru,Truck,11.2,34,Yes,3.3
ORD4774,2025-03-24,Pune,Scooter,49.9,78,Yes,3.2
ORD4775,2025-03-20,Bengaluru,Van,58.8,17,Yes,4.7
ORD4776,2025-03-22,Hyderabad,Scooter,37.4,38,No,4.0
ORD4777,2025-03-16,Chennai,Bike,36.4,113,No,3.5
ORD4778,2025-03-27,Bengaluru,Truck,59.3,59,Yes,3.8
ORD4779,2025-03-07,Delhi,Van,44.2,104,No,3.2
ORD4780,2025-03-05,Chennai,Truck,37.1,108,No,4.6
ORD4781,2025-03-10,Hyderabad,Truck,12.7,112,Yes,4.4
ORD4782,2025-03-25,Chennai,Truck,12.1,110,Yes,3.3
ORD4783,2025-03-16,Chennai,Bike,39.8,74,No,4.3
ORD4784,2025-03-01,Hyderabad,Van,43.9,77,No,3.2
ORD4785,2025-03-11,Delhi,Van,8.5,104,Yes,3.9
ORD4786,2025-03-27,Pune,Van,4.1,111,Yes,4.8
ORD4787,2025-03-28,Pune,Bike,47.6,61,Yes,3.5
ORD4788,2025-03-17,Bengaluru,Truck,46.3,60,No,3.4
ORD4789,2025-03-03,Pune,Van,36.2,70,No,3.2
ORD4790,2025-03-23,Pune,Bike,24.8,84,No,4.2
ORD4791,2025-03-30,Delhi,Scooter,18.3,68,No,3.4
ORD4792,2025-03-29,Bengaluru,Truck,48.5,90,Yes,3.7
ORD4793,2025-03-29,Hyderabad,Scooter,22.1,94,No,3.7
ORD4794,2025-03-18,Mumbai,Scooter,11.6,22,Yes,3.2
ORD4795,2025-03-15,Hyderabad,Scooter,18.5,18,No,4.4
ORD4796,2025-03-06,Chennai,Bike,10.6,77,Yes,4.0
ORD4797,2025-03-26,Bengaluru,Scooter,59.5,109,Yes,4.9
ORD4798,2025-03-06,Hyderabad,Van,49.6,51,No,4.1
ORD4799,2025-03-03,Delhi,Scooter,59.3,102,Yes,3.1
ORD4800,2025-03-04,Pune,Truck,31.5,43,No,4.5
ORD4801,2025-03-12,Mumbai,Van,48.7,18,Yes,4.4
ORD4802,2025-03-20,Delhi,Truck,20.7,109,Yes,3.4
ORD4803,2025-03-14,Pune,Scooter,20.7,54,No,3.3
ORD4804,2025-03-04,Delhi,Truck,30.0,26,No,3.2
ORD4805,2025-03-25,Chennai,Scooter,21.2,18,No,4.6
ORD4806,2025-03-06,Bengaluru,Scooter,36.9,23,Yes,4.1
ORD4807,2025-03-30,Bengaluru,Van,8.1,62,No,3.3
ORD4808,2025-03-28,Hyderabad,Truck,16.9,20,No,3.7
ORD4809,2025-03-26,Pune,Truck,38.8,74,No,3.6
ORD4810,2025-03-22,Chennai,Bike,34.4,68,Yes,3.7
ORD4811,2025-03-02,Hyderabad,Bike,6.4,26,Yes,4.7
ORD4812,2025-03-30,Bengaluru,Bike,18.4,49,Yes,3.8
ORD4813,2025-03-09,Chennai,Bike,58.6,86,Yes,3.2
ORD4814,2025-03-27,Bengaluru,Truck,57.3,39,Yes,4.8
ORD4815,2025-03-29,Chennai,Bike,15.2,30,Yes,4.7
ORD4816,2025-03-08,Mumbai,Van,32.8,42,Yes,4.6
ORD4817,2025-03-08,Mumbai,Scooter,38.2,97,No,4.5
ORD4818,2025-03-02,Bengaluru,Truck,54.6,20,No,3.3
ORD4819,2025-03-10,Pune,Bike,53.7,28,No,3.8
ORD4820,2025-03-16,Chennai,Scooter,51.3,21,No,4.1
ORD4821,2025-03-14,Hyderabad,Scooter,58.5,52,No,4.4
ORD4822,2025-03-01,Mumbai,Truck,3.4,21,No,3.7
ORD4823,2025-03-26,Hyderabad,Truck,21.6,81,Yes,5.0
ORD4824,2025-03-05,Mumbai,Van,3.4,80,No,4.6
ORD4825,2025-03-23,Bengaluru,Bike,21.1,33,Yes,3.2
ORD4826,2025-03-01,Hyderabad,Bike,31.6,74,No,4.2
ORD4827,2025-03-12,Pune,Van,16.0,106,Yes,4.9
ORD4828,2025-03-20,Pune,Scooter,8.5,18,Yes,4.4
ORD4829,2025-03-04,Chennai,Truck,11.7,64,Yes,4.7
ORD4830,2025-03-05,Mumbai,Bike,59.9,13,Yes,4.8
ORD4831,2025-03-27,Chennai,Scooter,44.7,16,No,4.3
ORD4832,2025-03-16,Delhi,Scooter,50.2,28,No,3.2
ORD4833,2025-03-18,Hyderabad,Bike,54.9,78,No,4.5
ORD4834,2025-03-29,Mumbai,Scooter,33.2,90,No,4.0
ORD4835,2025-03-11,Pune,Bike,57.6,102,No,3.8
ORD4836,2025-03-17,Chennai,Van,38.3,61,No,4.9
ORD4837,2025-03-21,Bengaluru,Van,51.1,82,No,4.4
ORD4838,2025-03-07,Delhi,Scooter,48.2,100,Yes,3.1
ORD4839,2025-03-25,Delhi,Van,14.2,61,No,4.8
ORD4840,2025-03-03,Chennai,Van,47.7,14,Yes,4.4
ORD4841,2025-03-29,Hyderabad,Bike,53.4,119,No,4.1
ORD4842,2025-03-18,Bengaluru,Bike,16.3,37,No,3.3
ORD4843,2025-03-19,Chennai,Truck,51.3,10,No,4.1
ORD4844,2025-03-02,Chennai,Truck,28.9,38,Yes,3.1
ORD4845,2025-03-01,Chennai,Scooter,58.0,104,No,4.5
ORD4846,2025-03-02,Chennai,Bike,27.0,40,No,3.6
ORD4847,2025-03-07,Chennai,Van,6.6,55,Yes,4.7
ORD4848,2025-03-05,Pune,Scooter,11.0,82,No,4.3
ORD4849,2025-03-05,Chennai,Van,3.3,70,No,5.0
ORD4850,2025-03-28,Bengaluru,Scooter,33.5,27,Yes,4.0
ORD4851,2025-03-16,Bengaluru,Van,56.8,92,No,4.8
ORD4852,2025-03-22,Chennai,Bike,12.5,60,Yes,3.1
ORD4853,2025-03-26,Bengaluru,Bike,52.7,104,Yes,4.7
ORD4854,2025-03-20,Mumbai,Truck,13.9,88,No,4.2
ORD4855,2025-03-07,Mumbai,Van,57.4,57,Yes,4.3
ORD4856,2025-03-11,Delhi,Bike,4.6,32,Yes,3.2
ORD4857,2025-03-17,Mumbai,Van,4.3,25,No,4.4
ORD4858,2025-03-03,Pune,Bike,42.8,97,No,3.1
ORD4859,2025-03-15,Delhi,Van,12.8,37,No,3.4
ORD4860,2025-03-30,Pune,Scooter,41.4,43,Yes,4.5
ORD4861,2025-03-15,Bengaluru,Truck,50.1,72,No,4.3
ORD4862,2025-03-15,Chennai,Scooter,43.7,79,No,4.2
ORD4863,2025-03-01,Pune,Bike,41.2,98,No,4.3
ORD4864,2025-03-08,Chennai,Bike,9.0,70,No,4.6
ORD4865,2025-03-24,Mumbai,Scooter,10.8,89,No,4.9
ORD4866,2025-03-30,Bengaluru,Truck,56.8,69,No,4.8
ORD4867,2025-03-02,Hyderabad,Van,41.1,12,No,3.3
ORD4868,2025-03-05,Chennai,Van,46.1,20,Yes,4.8
ORD4869,2025-03-26,Bengaluru,Scooter,54.4,24,Yes,3.0
ORD4870,2025-03-09,Chennai,Bike,11.4,10,Yes,3.1
ORD4871,2025-03-16,Mumbai,Van,48.9,113,Yes,3.3
ORD4872,2025-03-28,Hyderabad,Bike,3.3,49,No,4.6
ORD4873,2025-03-01,Chennai,Van,50.1,25,No,3.0
ORD4874,2025-03-04,Bengaluru,Truck,47.7,92,No,3.6
ORD4875,2025-03-27,Delhi,Bike,57.3,41,No,4.4
ORD4876,2025-03-16,Pune,Scooter,5.7,83,No,3.7
ORD4877,2025-03-21,Chennai,Bike,7.5,115,No,3.1
ORD4878,2025-03-11,Delhi,Bike,18.9,52,Yes,4.6
ORD4879,2025-03-23,Bengaluru,Truck,58.3,89,No,3.9
ORD4880,2025-03-02,Chennai,Scooter,9.0,113,Yes,3.6
ORD4881,2025-03-30,Hyderabad,Van,35.4,110,Yes,4.4
ORD4882,2025-03-04,Mumbai,Truck,29.1,77,No,4.6
ORD4883,2025-03-04,Mumbai,Bike,11.8,37,Yes,4.0
ORD4884,2025-03-03,Bengaluru,Truck,4.9,58,No,4.0
ORD4885,2025-03-21,Pune,Scooter,11.5,31,No,5.0
ORD4886,2025-03-05,Hyderabad,Van,20.4,46,No,3.5
ORD4887,2025-03-11,Hyderabad,Truck,41.3,30,Yes,5.0
ORD4888,2025-03-15,Mumbai,Bike,47.8,113,Yes,3.4
ORD4889,2025-03-21,Delhi,Truck,37.6,105,No,3.3
ORD4890,2025-03-10,Bengaluru,Van,11.5,21,Yes,4.9
ORD4891,2025-03-06,Hyderabad,Van,41.3,34,Yes,3.3
ORD4892,2025-03-25,Pune,Bike,42.7,91,No,4.4
ORD4893,2025-03-20,Chennai,Truck,55.2,86,No,4.7
ORD4894,2025-03-23,Bengaluru,Truck,16.7,76,Yes,3.9
ORD4895,2025-03-06,Mumbai,Bike,41.5,75,Yes,3.3
ORD4896,2025-03-04,Chennai,Van,59.2,27,Yes,3.1
ORD4897,2025-03-20,Bengaluru,Truck,27.9,86,Yes,3.5
ORD4898,2025-03-24,Bengaluru,Truck,46.1,47,No,3.8
ORD4899,2025-03-17,Delhi,Bike,8.8,62,No,3.9
ORD4900,2025-03-26,Chennai,Truck,41.0,61,No,4.2
ORD4901,2025-03-08,Pune,Van,9.6,56,Yes,3.9
ORD4902,2025-03-11,Mumbai,Truck,45.1,118,No,3.7
ORD4903,2025-03-13,Bengaluru,Bike,30.9,111,No,4.4
ORD4904,2025-03-05,Delhi,Scooter,33.5,53,Yes,4.8
ORD4905,2025-03-17,Mumbai,Scooter,53.1,14,Yes,3.3
ORD4906,2025-03-28,Chennai,Bike,38.4,45,No,3.0
ORD4907,2025-03-13,Mumbai,Scooter,25.9,57,Yes,4.1
ORD4908,2025-03-16,Pune,Bike,27.6,72,No,3.7
ORD4909,2025-03-11,Chennai,Truck,33.5,32,Yes,4.8
ORD4910,2025-03-29,Mumbai,Truck,40.5,105,Yes,3.4
ORD4911,2025-03-12,Chennai,Bike,6.5,10,No,3.6
ORD4912,2025-03-22,Bengaluru,Scooter,42.7,60,Yes,4.5
ORD4913,2025-03-15,Chennai,Scooter,28.4,82,No,3.3
ORD4914,2025-03-11,Mumbai,Scooter,5.8,38,No,4.5
ORD4915,2025-03-20,Hyderabad,Van,25.1,66,Yes,3.6
ORD4916,2025-03-12,Mumbai,Bike,58.8,117,No,4.7
ORD4917,2025-03-07,Pune,Bike,10.2,68,No,4.7
ORD4918,2025-03-08,Mumbai,Scooter,9.6,23,Yes,4.8
ORD4919,2025-03-01,Mumbai,Bike,26.0,60,Yes,4.0
ORD4920,2025-03-20,Hyderabad,Bike,55.3,118,No,4.4
ORD4921,2025-03-03,Mumbai,Scooter,44.9,77,No,4.0
ORD4922,2025-03-01,Mumbai,Scooter,9.1,49,Yes,4.2
ORD4923,2025-03-24,Bengaluru,Truck,43.7,110,Yes,3.8
ORD4924,2025-03-01,Pune,Bike,33.6,67,No,3.9
ORD4925,2025-03-08,Delhi,Scooter,47.2,64,Yes,3.8
ORD4926,2025-03-19,Hyderabad,Truck,53.0,17,Yes,4.7
ORD4927,2025-03-01,Hyderabad,Van,32.5,13,No,3.9
ORD4928,2025-03-03,Mumbai,Van,14.7,64,Yes,4.6
ORD4929,2025-03-07,Hyderabad,Van,5.0,53,No,4.0
ORD4930,2025-03-13,Hyderabad,Bike,58.7,114,No,4.5
ORD4931,2025-03-01,Chennai,Bike,49.4,80,No,4.8
ORD4932,2025-03-29,Pune,Scooter,59.7,74,No,4.6
ORD4933,2025-03-09,Delhi,Scooter,51.5,32,Yes,4.5
ORD4934,2025-03-04,Hyderabad,Scooter,8.6,107,Yes,3.8
ORD4935,2025-03-14,Pune,Scooter,55.0,104,No,4.8
ORD4936,2025-03-27,Pune,Bike,9.7,82,No,3.8
ORD4937,2025-03-04,Delhi,Bike,22.7,88,No,4.5
ORD4938,2025-03-07,Hyderabad,Truck,25.6,90,No,3.3
ORD4939,2025-03-07,Bengaluru,Bike,3.2,88,No,4.6
ORD4940,2025-03-07,Delhi,Scooter,8.6,60,Yes,4.5
ORD4941,2025-03-21,Chennai,Truck,54.9,11,Yes,4.9
ORD4942,2025-03-27,Hyderabad,Truck,54.9,72,No,4.6
ORD4943,2025-03-03,Mumbai,Truck,52.0,13,No,4.2
ORD4944,2025-03-22,Hyderabad,Scooter,10.4,33,No,4.1
ORD4945,2025-03-16,Hyderabad,Van,19.9,36,No,3.1
ORD4946,2025-03-21,Pune,Bike,17.4,59,Yes,3.9
ORD4947,2025-03-27,Hyderabad,Scooter,39.6,33,Yes,4.0
ORD4948,2025-03-15,Delhi,Van,50.6,20,Yes,4.4
ORD4949,2025-03-19,Hyderabad,Scooter,56.2,25,Yes,3.5
ORD4950,2025-03-17,Delhi,Van,21.6,75,Yes,4.3
ORD4951,2025-03-26,Pune,Truck,23.2,94,Yes,3.0
ORD4952,2025-03-12,Chennai,Van,47.8,97,Yes,3.7
ORD4953,2025-03-02,Pune,Bike,29.8,32,Yes,3.6
ORD4954,2025-03-11,Bengaluru,Scooter,52.8,117,Yes,4.0
ORD4955,2025-03-06,Bengaluru,Bike,27.0,24,No,4.2
ORD4956,2025-03-30,Bengaluru,Truck,58.7,27,Yes,4.8
ORD4957,2025-03-16,Hyderabad,Scooter,33.0,56,No,4.9
ORD4958,2025-03-26,Pune,Van,43.2,87,Yes,3.4
ORD4959,2025-03-14,Delhi,Scooter,23.7,58,Yes,4.5
ORD4960,2025-03-22,Bengaluru,Scooter,34.7,71,Yes,3.2
ORD4961,2025-03-25,Chennai,Van,56.5,91,No,3.1
ORD4962,2025-03-05,Bengaluru,Scooter,11.2,59,Yes,4.6
ORD4963,2025-03-29,Hyderabad,Bike,58.7,39,Yes,4.7
ORD4964,2025-03-26,Mumbai,Scooter,34.4,77,Yes,4.4
ORD4965,2025-03-01,Bengaluru,Van,51.2,22,Yes,3.2
ORD4966,2025-03-30,Hyderabad,Truck,34.9,34,No,4.9
ORD4967,2025-03-14,Hyderabad,Scooter,33.7,34,No,3.2
ORD4968,2025-03-13,Mumbai,Bike,55.3,72,No,4.8
ORD4969,2025-03-07,Bengaluru,Truck,23.3,47,No,3.9
ORD4970,2025-03-18,Pune,Truck,23.7,85,Yes,5.0
ORD4971,2025-03-18,Bengaluru,Truck,53.0,111,Yes,3.8
ORD4972,2025-03-04,Chennai,Truck,50.0,20,Yes,5.0
ORD4973,2025-03-01,Pune,Scooter,21.2,80,Yes,4.0
ORD4974,2025-03-20,Hyderabad,Scooter,18.1,54,No,3.1
ORD4975,2025-03-18,Bengaluru,Truck,9.1,12,Yes,4.3
ORD4976,2025-03-04,Bengaluru,Bike,34.5,37,No,4.8
ORD4977,2025-03-14,Delhi,Truck,31.2,67,Yes,3.8
ORD4978,2025-03-12,Mumbai,Truck,32.0,96,Yes,5.0
ORD4979,2025-03-18,Chennai,Bike,49.2,86,No,4.1
ORD4980,2025-03-05,Mumbai,Scooter,46.7,15,No,5.0
ORD4981,2025-03-24,Delhi,Van,35.1,25,No,4.7
ORD4982,2025-03-16,Pune,Bike,8.2,32,No,4.0
ORD4983,2025-03-11,Pune,Truck,25.9,71,No,4.1
ORD4984,2025-03-07,Pune,Truck,34.5,59,No,4.7
ORD4985,2025-03-21,Delhi,Truck,31.3,60,No,3.5
ORD4986,2025-03-22,Delhi,Truck,54.5,42,Yes,4.7
ORD4987,2025-03-07,Pune,Van,50.8,92,Yes,3.5
ORD4988,2025-03-17,Bengaluru,Scooter,8.1,89,Yes,4.9
ORD4989,2025-03-05,Mumbai,Bike,59.0,60,No,3.1
ORD4990,2025-03-30,Mumbai,Scooter,24.1,34,No,4.5
ORD4991,2025-03-26,Hyderabad,Van,53.0,67,Yes,3.1
ORD4992,2025-03-04,Bengaluru,Scooter,25.8,12,Yes,3.7
ORD4993,2025-03-08,Chennai,Scooter,18.9,30,No,4.7
ORD4994,2025-03-01,Chennai,Truck,43.0,27,Yes,3.8
ORD4995,2025-03-01,Hyderabad,Scooter,29.2,111,Yes,4.0
ORD4996,2025-03-09,Delhi,Truck,43.3,70,Yes,4.0
ORD4997,2025-03-04,Bengaluru,Bike,11.4,96,Yes,4.3
ORD4998,2025-03-07,Mumbai,Bike,42.1,103,No,3.9
ORD4999,2025-03-06,Hyderabad,Truck,46.5,17,No,4.7
ORD5000,2025-03-29,Pune,Bike,18.7,34,Yes,4.3
ORD5001,2025-03-08,Mumbai,Van,52.9,26,No,4.6
ORD5002,2025-03-20,Pune,Van,48.5,77,Yes,4.4
ORD5003,2025-03-14,Mumbai,Truck,40.7,71,No,3.5
ORD5004,2025-03-19,Mumbai,Bike,11.1,119,No,4.7
ORD5005,2025-03-25,Pune,Truck,59.3,15,No,4.4
ORD5006,2025-03-18,Delhi,Bike,50.1,42,Yes,4.3
ORD5007,2025-03-04,Pune,Van,31.2,58,No,4.3
ORD5008,2025-03-09,Chennai,Bike,57.9,22,No,4.4
ORD5009,2025-03-16,Delhi,Van,21.0,11,Yes,3.1
ORD5010,2025-03-12,Delhi,Scooter,52.6,79,Yes,4.9
ORD5011,2025-03-30,Chennai,Truck,24.1,53,Yes,3.1
ORD5012,2025-03-04,Chennai,Bike,36.4,28,No,3.1
ORD5013,2025-03-13,Hyderabad,Truck,6.7,83,No,4.1
ORD5014,2025-03-12,Delhi,Truck,15.6,44,No,4.7
ORD5015,2025-03-22,Bengaluru,Scooter,17.9,66,Yes,3.6
ORD5016,2025-03-18,Mumbai,Truck,53.0,116,No,4.2
ORD5017,2025-03-19,Bengaluru,Bike,50.8,114,No,4.4
ORD5018,2025-03-11,Bengaluru,Truck,56.7,95,No,3.6
ORD5019,2025-03-12,Bengaluru,Scooter,36.4,54,No,4.1
ORD5020,2025-03-16,Chennai,Bike,50.5,74,No,3.8
ORD5021,2025-03-28,Hyderabad,Scooter,44.5,66,Yes,4.2
ORD5022,2025-03-07,Pune,Van,42.0,84,No,4.7
ORD5023,2025-03-04,Pune,Bike,8.5,62,No,4.5
ORD5024,2025-03-19,Delhi,Truck,41.3,20,No,5.0
ORD5025,2025-03-30,Chennai,Van,5.2,102,No,3.6
ORD5026,2025-03-22,Hyderabad,Van,32.1,30,No,4.9
ORD5027,2025-03-04,Hyderabad,Truck,2.6,32,No,4.6
ORD5028,2025-03-22,Hyderabad,Van,11.5,63,Yes,3.6
ORD5029,2025-03-29,Hyderabad,Bike,41.8,108,Yes,3.6
ORD5030,2025-03-28,Pune,Bike,16.3,75,Yes,4.0
ORD5031,2025-03-02,Mumbai,Scooter,6.7,16,No,3.9
ORD5032,2025-03-26,Mumbai,Bike,23.1,15,No,3.7
ORD5033,2025-03-11,Chennai,Scooter,49.3,106,Yes,3.3
ORD5034,2025-03-02,Delhi,Truck,56.7,56,Yes,3.2
ORD5035,2025-03-27,Delhi,Truck,14.4,83,Yes,4.6
ORD5036,2025-03-22,Pune,Bike,19.3,51,Yes,3.5
ORD5037,2025-03-26,Chennai,Van,23.4,98,No,3.8
ORD5038,2025-03-11,Delhi,Bike,55.6,43,Yes,4.8
ORD5039,2025-03-25,Chennai,Bike,42.1,46,Yes,3.2
ORD5040,2025-03-10,Delhi,Truck,7.2,56,Yes,4.8
ORD5041,2025-03-14,Pune,Van,57.8,117,Yes,4.9
ORD5042,2025-03-20,Bengaluru,Van,18.4,85,No,4.8
ORD5043,2025-03-03,Mumbai,Van,27.8,118,No,3.5
ORD5044,2025-03-19,Chennai,Bike,59.1,74,No,3.5
ORD5045,2025-03-21,Hyderabad,Bike,26.7,44,No,5.0
ORD5046,2025-03-08,Pune,Van,40.6,70,Yes,3.4
ORD5047,2025-03-09,Delhi,Van,45.3,22,Yes,4.5
ORD5048,2025-03-25,Chennai,Van,52.6,67,Yes,4.7
ORD5049,2025-03-22,Bengaluru,Van,28.1,47,Yes,4.0
ORD5050,2025-03-06,Bengaluru,Scooter,7.5,74,No,4.6
ORD5051,2025-03-15,Mumbai,Van,22.7,94,Yes,3.1
ORD5052,2025-03-20,Pune,Truck,35.3,53,Yes,3.1
ORD5053,2025-03-27,Chennai,Truck,45.0,73,Yes,4.5
ORD5054,2025-03-24,Chennai,Truck,40.8,79,Yes,3.1
ORD5055,2025-03-07,Delhi,Bike,35.6,91,Yes,4.0
ORD5056,2025-03-01,Hyderabad,Truck,21.0,43,No,3.8
ORD5057,2025-03-09,Bengaluru,Van,22.1,43,No,4.1
ORD5058,2025-03-29,Hyderabad,Scooter,47.4,81,Yes,3.9
ORD5059,2025-03-22,Bengaluru,Bike,36.6,84,Yes,4.4
ORD5060,2025-03-28,Delhi,Truck,35.2,81,No,4.5
ORD5061,2025-03-16,Mumbai,Scooter,36.5,117,No,3.3
ORD5062,2025-03-06,Chennai,Scooter,46.0,12,No,4.6
ORD5063,2025-03-04,Bengaluru,Bike,57.1,77,No,4.1
ORD5064,2025-03-15,Bengaluru,Van,19.6,22,No,4.1
ORD5065,2025-03-09,Chennai,Van,59.0,52,No,3.9
ORD5066,2025-03-10,Mumbai,Scooter,26.1,24,No,4.6
ORD5067,2025-03-29,Bengaluru,Truck,59.4,44,Yes,4.2
ORD5068,2025-03-26,Hyderabad,Bike,11.7,109,No,5.0
ORD5069,2025-03-24,Delhi,Truck,53.2,31,Yes,3.8
ORD5070,2025-03-05,Mumbai,Van,19.8,33,No,3.5
ORD5071,2025-03-08,Hyderabad,Van,43.5,18,No,4.7
ORD5072,2025-03-02,Bengaluru,Scooter,50.0,35,No,3.9
ORD5073,2025-03-20,Mumbai,Truck,11.8,22,Yes,4.9
ORD5074,2025-03-30,Chennai,Van,10.3,51,No,3.8
ORD5075,2025-03-14,Pune,Van,14.0,51,Yes,3.5
ORD5076,2025-03-06,Mumbai,Truck,43.4,112,No,3.6
ORD5077,2025-03-27,Pune,Bike,58.7,48,No,3.3
ORD5078,2025-03-28,Bengaluru,Scooter,25.8,57,Yes,3.5
ORD5079,2025-03-09,Delhi,Van,7.7,21,Yes,3.4
ORD5080,2025-03-10,Hyderabad,Van,30.6,16,Yes,4.6
ORD5081,2025-03-22,Chennai,Scooter,8.6,85,No,4.8
ORD5082,2025-03-25,Mumbai,Truck,13.2,25,No,4.1
ORD5083,2025-03-08,Delhi,Bike,24.2,91,No,4.0
ORD5084,2025-03-04,Delhi,Scooter,19.0,28,No,3.5
ORD5085,2025-03-16,Hyderabad,Bike,49.9,15,No,3.6
ORD5086,2025-03-06,Mumbai,Scooter,54.0,25,Yes,3.0
ORD5087,2025-03-10,Mumbai,Truck,53.2,15,No,5.0
ORD5088,2025-03-29,Hyderabad,Bike,55.4,85,No,4.3
ORD5089,2025-03-23,Delhi,Bike,14.1,109,No,4.1
ORD5090,2025-03-27,Mumbai,Truck,22.1,77,No,3.5
ORD5091,2025-03-22,Chennai,Van,42.7,43,Yes,4.9
ORD5092,2025-03-12,Pune,Bike,17.4,51,No,4.9
ORD5093,2025-03-04,Bengaluru,Truck,16.7,90,Yes,3.1
ORD5094,2025-03-19,Mumbai,Bike,17.0,25,Yes,4.2
ORD5095,2025-03-04,Chennai,Van,37.9,54,Yes,3.6
ORD5096,2025-03-15,Delhi,Scooter,28.5,119,No,4.1
ORD5097,2025-03-10,Hyderabad,Scooter,49.2,34,Yes,4.9
ORD5098,2025-03-18,Chennai,Truck,44.8,44,Yes,4.5
ORD5099,2025-03-16,Chennai,Bike,18.6,72,Yes,4.7
ORD5100,2025-03-28,Mumbai,Van,23.0,78,Yes,4.9
ORD5101,2025-03-23,Hyderabad,Bike,41.1,18,Yes,4.1
ORD5102,2025-03-16,Hyderabad,Truck,21.9,58,No,4.8
ORD5103,2025-03-10,Chennai,Bike,40.2,61,No,3.9
ORD5104,2025-03-20,Chennai,Scooter,57.4,46,Yes,3.7
ORD5105,2025-03-08,Delhi,Scooter,30.0,100,No,4.3
ORD5106,2025-03-08,Pune,Scooter,44.9,53,Yes,4.3
ORD5107,2025-03-06,Pune,Bike,32.2,75,No,3.3
ORD5108,2025-03-12,Mumbai,Scooter,41.1,27,Yes,3.6
ORD5109,2025-03-13,Hyderabad,Scooter,48.7,66,Yes,3.6
ORD5110,2025-03-15,Bengaluru,Truck,46.9,20,Yes,4.6
ORD5111,2025-03-15,Chennai,Van,9.6,17,No,4.4
ORD5112,2025-03-03,Pune,Van,2.5,79,Yes,4.9
ORD5113,2025-03-02,Bengaluru,Van,40.3,36,No,4.3
ORD5114,2025-03-11,Pune,Bike,44.2,69,Yes,3.3
ORD5115,2025-03-24,Chennai,Truck,15.5,20,Yes,3.4
ORD5116,2025-03-06,Pune,Bike,57.8,35,Yes,4.1
ORD5117,2025-03-29,Pune,Bike,46.0,48,No,3.4
ORD5118,2025-03-15,Hyderabad,Van,31.7,88,Yes,4.1
ORD5119,2025-03-01,Mumbai,Truck,7.6,56,No,3.6
ORD5120,2025-03-20,Bengaluru,Truck,36.8,99,No,3.9
ORD5121,2025-03-08,Delhi,Bike,9.0,63,No,4.6
ORD5122,2025-03-16,Hyderabad,Truck,41.9,118,Yes,4.6
ORD5123,2025-03-16,Bengaluru,Scooter,26.5,74,No,4.1
ORD5124,2025-03-02,Chennai,Van,37.9,103,Yes,3.9
ORD5125,2025-03-01,Pune,Van,59.6,20,No,3.5
ORD5126,2025-03-09,Mumbai,Truck,20.2,95,No,4.6
ORD5127,2025-03-18,Chennai,Scooter,44.5,45,No,4.7
ORD5128,2025-03-24,Mumbai,Scooter,37.7,63,No,3.7
ORD5129,2025-03-14,Chennai,Truck,51.7,63,No,4.1
ORD5130,2025-03-24,Bengaluru,Van,59.5,70,No,4.2
ORD5131,2025-03-15,Delhi,Bike,54.4,95,Yes,3.5
ORD5132,2025-03-23,Chennai,Scooter,7.0,102,No,3.8
ORD5133,2025-03-01,Bengaluru,Van,37.3,35,No,3.2
ORD5134,2025-03-06,Pune,Bike,19.9,73,No,3.3
ORD5135,2025-03-22,Bengaluru,Van,56.3,14,Yes,4.8
ORD5136,2025-03-23,Chennai,Scooter,23.3,87,No,4.6
ORD5137,2025-03-28,Delhi,Scooter,42.1,89,No,3.7
ORD5138,2025-03-06,Pune,Van,19.5,20,Yes,3.5
ORD5139,2025-03-14,Mumbai,Truck,30.5,33,Yes,3.7
ORD5140,2025-03-04,Bengaluru,Scooter,44.5,111,No,3.8
ORD5141,2025-03-14,Bengaluru,Van,59.0,114,Yes,3.3
ORD5142,2025-03-04,Bengaluru,Truck,56.6,11,Yes,3.4
ORD5143,2025-03-29,Bengaluru,Truck,42.1,68,No,3.2
ORD5144,2025-03-09,Chennai,Van,4.9,77,No,3.7
ORD5145,2025-03-04,Mumbai,Scooter,8.5,38,No,3.7
ORD5146,2025-03-29,Chennai,Bike,55.8,23,Yes,3.8
ORD5147,2025-03-28,Delhi,Van,26.0,87,Yes,3.7
ORD5148,2025-03-28,Pune,Van,37.3,10,Yes,3.1
ORD5149,2025-03-10,Mumbai,Van,51.8,72,No,4.7
ORD5150,2025-03-12,Pune,Bike,52.4,76,Yes,4.1
ORD5151,2025-03-04,Pune,Van,24.4,65,No,4.3
ORD5152,2025-03-12,Hyderabad,Bike,36.0,72,No,4.4
ORD5153,2025-03-12,Delhi,Bike,41.9,103,No,4.4
ORD5154,2025-03-20,Pune,Scooter,27.6,114,No,4.6
ORD5155,2025-03-23,Pune,Truck,34.6,68,No,3.9
ORD5156,2025-03-11,Chennai,Van,33.4,86,No,3.4
ORD5157,2025-03-11,Pune,Bike,47.6,104,Yes,3.3
ORD5158,2025-03-05,Bengaluru,Scooter,48.6,39,No,4.1
ORD5159,2025-03-30,Pune,Scooter,56.1,34,Yes,4.1
ORD5160,2025-03-29,Chennai,Van,56.6,64,Yes,3.1
ORD5161,2025-03-13,Chennai,Van,56.8,87,No,3.3
ORD5162,2025-03-03,Chennai,Truck,2.9,20,No,3.3
ORD5163,2025-03-06,Delhi,Truck,13.7,39,Yes,3.7
ORD5164,2025-03-16,Hyderabad,Bike,31.0,76,No,4.1
ORD5165,2025-03-13,Bengaluru,Van,6.4,81,No,4.8
ORD5166,2025-03-18,Pune,Scooter,59.8,77,No,3.8
ORD5167,2025-03-16,Bengaluru,Scooter,52.3,58,No,3.4
ORD5168,2025-03-25,Chennai,Scooter,4.8,102,Yes,4.2
ORD5169,2025-03-10,Chennai,Scooter,53.5,110,Yes,4.5
ORD5170,2025-03-25,Chennai,Van,20.8,42,Yes,4.2
ORD5171,2025-03-22,Chennai,Scooter,58.1,116,Yes,4.1
ORD5172,2025-03-09,Delhi,Bike,21.3,55,No,3.3
ORD5173,2025-03-04,Delhi,Scooter,15.1,65,No,3.3
ORD5174,2025-03-29,Pune,Scooter,18.7,119,Yes,5.0
ORD5175,2025-03-15,Pune,Truck,36.0,25,Yes,3.1
ORD5176,2025-03-17,Mumbai,Bike,34.4,74,No,3.2
ORD5177,2025-03-07,Mumbai,Scooter,32.9,52,Yes,3.5
ORD5178,2025-03-20,Pune,Bike,5.9,41,No,4.8
ORD5179,2025-03-02,Delhi,Truck,43.3,31,No,4.9
ORD5180,2025-03-16,Chennai,Scooter,20.3,19,Yes,4.8
ORD5181,2025-03-12,Bengaluru,Bike,32.9,62,Yes,3.0
ORD5182,2025-03-08,Delhi,Van,40.3,58,Yes,4.1
ORD5183,2025-03-09,Delhi,Van,50.7,23,Yes,3.6
ORD5184,2025-03-04,Mumbai,Truck,19.9,97,Yes,4.1
ORD5185,2025-03-24,Hyderabad,Truck,29.7,62,No,3.2
ORD5186,2025-03-12,Bengaluru,Bike,39.5,29,No,4.9
ORD5187,2025-03-23,Bengaluru,Truck,37.4,99,Yes,4.9
ORD5188,2025-03-08,Pune,Scooter,50.0,22,No,3.8
ORD5189,2025-03-10,Hyderabad,Truck,18.1,111,No,3.1
ORD5190,2025-03-23,Mumbai,Bike,5.7,33,No,3.0
ORD5191,2025-03-26,Bengaluru,Van,17.7,12,No,3.1
ORD5192,2025-03-14,Mumbai,Bike,55.4,80,Yes,4.6
ORD5193,2025-03-07,Pune,Truck,31.9,97,Yes,4.3
ORD5194,2025-03-08,Mumbai,Truck,9.7,102,No,4.2
ORD5195,2025-03-09,Chennai,Truck,56.4,76,Yes,3.2
ORD5196,2025-03-30,Pune,Scooter,3.1,58,No,3.1
ORD5197,2025-03-06,Hyderabad,Van,25.0,94,Yes,3.3
ORD5198,2025-03-07,Hyderabad,Bike,21.9,66,Yes,3.7
ORD5199,2025-03-04,Chennai,Truck,50.9,107,No,3.2
ORD5200,2025-03-08,Mumbai,Van,21.2,46,No,4.0
ORD5201,2025-03-19,Mumbai,Truck,37.0,44,Yes,4.3
ORD5202,2025-03-12,Bengaluru,Van,28.5,47,Yes,3.9
ORD5203,2025-03-24,Hyderabad,Van,18.0,117,Yes,4.7
ORD5204,2025-03-25,Pune,Van,59.7,36,No,4.6
ORD5205,2025-03-19,Bengaluru,Scooter,26.6,44,Yes,3.8
ORD5206,2025-03-30,Bengaluru,Van,23.4,111,No,3.1
ORD5207,2025-03-20,Pune,Truck,37.8,93,Yes,3.2
ORD5208,2025-03-18,Hyderabad,Scooter,20.3,70,No,4.2
ORD5209,2025-03-25,Bengaluru,Bike,31.3,40,No,3.7
ORD5210,2025-03-12,Hyderabad,Bike,29.2,65,Yes,4.5
ORD5211,2025-03-02,Mumbai,Bike,41.6,27,No,3.0
ORD5212,2025-03-17,Pune,Van,28.7,24,Yes,4.7
ORD5213,2025-03-15,Mumbai,Scooter,17.4,22,No,4.3
ORD5214,2025-03-11,Delhi,Truck,55.4,80,Yes,3.0
ORD5215,2025-03-11,Bengaluru,Van,16.6,47,Yes,4.0
ORD5216,2025-03-17,Bengaluru,Van,44.7,90,No,4.0
ORD5217,2025-03-16,Hyderabad,Bike,7.4,34,Yes,3.1
ORD5218,2025-03-22,Bengaluru,Truck,29.3,74,No,4.6
ORD5219,2025-03-02,Delhi,Scooter,35.1,104,Yes,4.8
ORD5220,2025-03-11,Chennai,Scooter,27.5,117,No,3.1
ORD5221,2025-03-22,Chennai,Scooter,52.2,89,Yes,3.0
ORD5222,2025-03-01,Mumbai,Truck,43.1,26,Yes,3.1
ORD5223,2025-03-20,Delhi,Truck,52.6,101,Yes,3.2
ORD5224,2025-03-25,Mumbai,Bike,46.9,52,Yes,4.2
ORD5225,2025-03-16,Pune,Van,12.1,14,Yes,4.7
ORD5226,2025-03-17,Hyderabad,Van,50.1,47,Yes,4.0
ORD5227,2025-03-09,Chennai,Scooter,24.2,83,No,4.0
ORD5228,2025-03-10,Pune,Truck,6.0,80,No,3.4
ORD5229,2025-03-21,Pune,Bike,9.6,37,No,4.6
ORD5230,2025-03-30,Hyderabad,Truck,59.9,42,No,4.1
ORD5231,2025-03-23,Delhi,Truck,11.7,40,Yes,4.3
ORD5232,2025-03-12,Mumbai,Truck,21.0,42,No,3.7
ORD5233,2025-03-26,Mumbai,Truck,13.4,46,Yes,5.0
ORD5234,2025-03-01,Pune,Scooter,39.1,37,Yes,3.2
ORD5235,2025-03-28,Bengaluru,Scooter,15.7,112,Yes,4.8
ORD5236,2025-03-18,Delhi,Scooter,17.4,80,Yes,3.6
ORD5237,2025-03-08,Delhi,Scooter,58.9,81,No,3.5
ORD5238,2025-03-03,Mumbai,Scooter,20.7,43,No,3.5
ORD5239,2025-03-07,Hyderabad,Truck,52.8,87,Yes,4.8
ORD5240,2025-03-04,Bengaluru,Truck,55.8,62,No,4.0
ORD5241,2025-03-14,Mumbai,Bike,2.9,14,No,3.6
ORD5242,2025-03-21,Pune,Bike,54.6,80,Yes,4.3
ORD5243,2025-03-21,Chennai,Truck,38.9,99,Yes,3.6
ORD5244,2025-03-12,Bengaluru,Van,7.5,115,No,4.6
ORD5245,2025-03-12,Bengaluru,Bike,46.2,98,Yes,3.1
ORD5246,2025-03-06,Pune,Truck,17.7,56,No,4.4
ORD5247,2025-03-17,Mumbai,Van,2.3,73,Yes,3.6
ORD5248,2025-03-17,Chennai,Truck,47.7,60,Yes,3.8
ORD5249,2025-03-14,Bengaluru,Van,38.8,27,No,4.9
ORD5250,2025-03-09,Hyderabad,Van,6.5,85,Yes,4.6
ORD5251,2025-03-28,Mumbai,Van,4.3,35,Yes,4.4
ORD5252,2025-03-07,Hyderabad,Scooter,39.6,25,No,3.6
ORD5253,2025-03-13,Hyderabad,Bike,8.6,93,No,4.1
ORD5254,2025-03-23,Pune,Van,44.4,18,No,3.2
ORD5255,2025-03-11,Mumbai,Truck,56.8,25,Yes,4.2
ORD5256,2025-03-05,Hyderabad,Van,58.7,38,Yes,4.2
ORD5257,2025-03-09,Delhi,Scooter,58.0,37,Yes,4.9
ORD5258,2025-03-10,Chennai,Truck,17.3,110,No,4.5
ORD5259,2025-03-16,Chennai,Bike,12.9,70,Yes,3.9
ORD5260,2025-03-29,Hyderabad,Scooter,4.3,10,No,3.0
ORD5261,2025-03-01,Chennai,Bike,46.8,30,No,4.9
ORD5262,2025-03-08,Bengaluru,Scooter,14.1,77,Yes,3.5
ORD5263,2025-03-06,Bengaluru,Van,30.2,30,Yes,3.9
ORD5264,2025-03-07,Pune,Scooter,40.4,63,No,3.9
ORD5265,2025-03-20,Chennai,Scooter,23.1,98,Yes,3.1
ORD5266,2025-03-30,Delhi,Truck,2.7,11,Yes,4.8
ORD5267,2025-03-27,Delhi,Truck,46.8,72,No,3.2
ORD5268,2025-03-16,Mumbai,Bike,25.3,108,No,3.5
ORD5269,2025-03-26,Pune,Scooter,38.7,54,No,4.6
ORD5270,2025-03-13,Mumbai,Scooter,25.5,105,Yes,3.8
ORD5271,2025-03-01,Bengaluru,Truck,46.5,96,Yes,4.8
ORD5272,2025-03-21,Pune,Bike,34.3,45,No,4.3
ORD5273,2025-03-19,Chennai,Truck,9.3,108,No,3.8
ORD5274,2025-03-18,Hyderabad,Scooter,41.4,72,No,3.1
ORD5275,2025-03-29,Mumbai,Bike,51.7,81,No,3.7
ORD5276,2025-03-27,Chennai,Scooter,6.3,28,No,3.6
ORD5277,2025-03-08,Delhi,Bike,3.3,90,Yes,4.0
ORD5278,2025-03-02,Chennai,Bike,60.0,41,No,4.2
ORD5279,2025-03-13,Delhi,Bike,13.1,32,No,3.0
ORD5280,2025-03-17,Mumbai,Van,11.4,87,Yes,4.3
ORD5281,2025-03-19,Bengaluru,Scooter,9.4,78,No,3.4
ORD5282,2025-03-08,Pune,Truck,8.8,81,No,3.2
ORD5283,2025-03-09,Pune,Bike,26.3,88,No,3.9
ORD5284,2025-03-27,Delhi,Van,53.4,12,No,4.5
ORD5285,2025-03-09,Chennai,Scooter,8.2,99,No,4.8
ORD5286,2025-03-30,Mumbai,Truck,11.4,100,No,3.3
ORD5287,2025-03-17,Hyderabad,Truck,8.6,55,No,3.5
ORD5288,2025-03-15,Mumbai,Bike,47.6,81,Yes,3.9
ORD5289,2025-03-23,Mumbai,Van,38.2,63,No,3.7
ORD5290,2025-03-15,Bengaluru,Scooter,44.5,24,No,5.0
ORD5291,2025-03-22,Bengaluru,Truck,58.1,88,No,3.4
ORD5292,2025-03-21,Delhi,Truck,46.7,62,No,4.3
ORD5293,2025-03-08,Delhi,Truck,24.4,12,Yes,4.5
ORD5294,2025-03-05,Delhi,Bike,54.7,86,No,3.2
ORD5295,2025-03-17,Hyderabad,Bike,8.3,119,No,4.5
ORD5296,2025-03-07,Bengaluru,Scooter,27.8,11,Yes,4.5
ORD5297,2025-03-11,Pune,Scooter,39.3,66,No,4.6
ORD5298,2025-03-21,Chennai,Van,21.6,108,Yes,4.2
ORD5299,2025-03-07,Bengaluru,Bike,32.4,13,No,4.1
ORD5300,2025-03-05,Chennai,Scooter,57.0,87,Yes,4.4
ORD5301,2025-03-17,Hyderabad,Bike,38.1,25,No,3.2
ORD5302,2025-03-03,Hyderabad,Van,39.0,13,No,4.9
ORD5303,2025-03-16,Chennai,Van,15.5,100,No,4.5
ORD5304,2025-03-25,Chennai,Truck,19.4,40,No,4.6
ORD5305,2025-03-28,Delhi,Truck,59.0,107,No,4.8
ORD5306,2025-03-16,Hyderabad,Van,38.7,53,Yes,4.5
ORD5307,2025-03-15,Pune,Van,46.6,47,No,3.4
ORD5308,2025-03-16,Bengaluru,Truck,23.2,13,No,3.1
ORD5309,2025-03-08,Chennai,Bike,52.5,10,Yes,4.4
ORD5310,2025-03-16,Delhi,Truck,31.2,54,Yes,3.2
ORD5311,2025-03-25,Delhi,Bike,40.2,41,No,3.3
ORD5312,2025-03-15,Hyderabad,Scooter,45.4,98,No,3.7
ORD5313,2025-03-11,Delhi,Bike,43.2,96,Yes,3.2
ORD5314,2025-03-23,Delhi,Truck,33.7,42,No,4.1
ORD5315,2025-03-05,Mumbai,Truck,57.9,76,No,3.6
ORD5316,2025-03-21,Chennai,Bike,56.0,50,No,4.1
ORD5317,2025-03-10,Mumbai,Van,53.1,83,Yes,3.0
ORD5318,2025-03-09,Bengaluru,Truck,21.2,47,Yes,4.5
ORD5319,2025-03-21,Mumbai,Scooter,29.6,108,Yes,3.0
ORD5320,2025-03-12,Bengaluru,Truck,13.6,44,No,3.5
ORD5321,2025-03-29,Bengaluru,Bike,4.8,86,Yes,3.2
ORD5322,2025-03-22,Hyderabad,Bike,57.5,43,No,3.6
ORD5323,2025-03-30,Mumbai,Truck,34.5,89,No,3.6
ORD5324,2025-03-04,Hyderabad,Truck,49.5,53,Yes,4.8
ORD5325,2025-03-21,Pune,Truck,45.8,98,Yes,3.1
ORD5326,2025-03-13,Delhi,Bike,56.1,21,Yes,4.6
ORD5327,2025-03-27,Hyderabad,Bike,24.0,113,Yes,3.3
ORD5328,2025-03-29,Mumbai,Scooter,52.5,86,Yes,4.5
ORD5329,2025-03-28,Hyderabad,Truck,38.2,91,Yes,4.5
ORD5330,2025-03-03,Chennai,Bike,4.0,69,No,3.4
ORD5331,2025-03-29,Chennai,Bike,26.1,76,No,4.9
ORD5332,2025-03-03,Pune,Scooter,54.1,11,Yes,4.6
ORD5333,2025-03-30,Chennai,Scooter,25.7,17,Yes,3.3
ORD5334,2025-03-24,Delhi,Scooter,57.1,36,No,3.1
ORD5335,2025-03-14,Mumbai,Truck,42.2,68,Yes,3.1
ORD5336,2025-03-29,Mumbai,Bike,28.9,33,No,3.7
ORD5337,2025-03-26,Chennai,Bike,8.2,12,No,3.6
ORD5338,2025-03-22,Chennai,Truck,44.3,47,Yes,3.5
ORD5339,2025-03-19,Hyderabad,Van,16.7,104,Yes,3.5
ORD5340,2025-03-16,Delhi,Bike,10.9,105,No,3.9
ORD5341,2025-03-28,Delhi,Truck,60.0,63,Yes,4.6
ORD5342,2025-03-02,Hyderabad,Van,32.6,23,No,3.5
ORD5343,2025-03-05,Chennai,Truck,35.8,114,Yes,4.9
ORD5344,2025-03-05,Mumbai,Scooter,32.8,86,No,3.7
ORD5345,2025-03-18,Pune,Bike,41.9,15,Yes,4.1
ORD5346,2025-03-25,Pune,Bike,59.0,65,No,4.7
ORD5347,2025-03-26,Hyderabad,Truck,45.6,102,No,3.4
ORD5348,2025-03-12,Delhi,Scooter,31.0,21,Yes,4.0
ORD5349,2025-03-13,Chennai,Scooter,33.9,112,Yes,4.3
ORD5350,2025-03-03,Bengaluru,Truck,10.3,26,Yes,3.1
ORD5351,2025-03-22,Hyderabad,Bike,55.5,16,No,4.8
ORD5352,2025-03-25,Chennai,Truck,44.9,77,No,3.8
ORD5353,2025-03-19,Pune,Van,42.8,90,Yes,4.8
ORD5354,2025-03-10,Mumbai,Truck,3.2,117,No,3.6
ORD5355,2025-03-05,Bengaluru,Truck,57.6,42,No,3.7
ORD5356,2025-03-12,Bengaluru,Van,53.4,97,No,3.8
ORD5357,2025-03-10,Mumbai,Scooter,54.8,96,No,3.2
ORD5358,2025-03-07,Pune,Van,51.8,75,Yes,3.0
ORD5359,2025-03-18,Mumbai,Van,56.6,38,Yes,3.3
ORD5360,2025-03-27,Mumbai,Truck,19.1,13,Yes,3.7
ORD5361,2025-03-19,Pune,Bike,18.4,72,Yes,3.6
ORD5362,2025-03-16,Hyderabad,Bike,7.6,62,Yes,3.8
ORD5363,2025-03-13,Hyderabad,Truck,19.9,103,Yes,3.5
ORD5364,2025-03-07,Chennai,Bike,44.5,61,Yes,3.0
ORD5365,2025-03-19,Bengaluru,Van,50.6,93,Yes,4.4
ORD5366,2025-03-17,Bengaluru,Scooter,19.7,31,No,4.1
ORD5367,2025-03-29,Pune,Bike,36.4,35,Yes,4.7
ORD5368,2025-03-12,Bengaluru,Truck,52.0,57,No,3.1
ORD5369,2025-03-01,Pune,Bike,55.2,30,Yes,3.5
ORD5370,2025-03-07,Delhi,Bike,30.2,31,Yes,3.9
ORD5371,2025-03-26,Delhi,Van,13.8,88,Yes,3.3
ORD5372,2025-03-07,Mumbai,Scooter,58.6,57,Yes,4.5
ORD5373,2025-03-30,Bengaluru,Van,54.1,86,No,4.8
ORD5374,2025-03-03,Chennai,Scooter,31.1,11,No,3.8
ORD5375,2025-03-20,Chennai,Bike,24.8,110,No,4.3
ORD5376,2025-03-13,Chennai,Van,20.0,64,No,4.8
ORD5377,2025-03-19,Delhi,Scooter,28.7,85,No,3.2
ORD5378,2025-03-01,Delhi,Truck,35.8,37,Yes,4.3
ORD5379,2025-03-10,Hyderabad,Bike,2.7,47,No,3.3
ORD5380,2025-03-23,Bengaluru,Bike,11.8,111,No,3.8
ORD5381,2025-03-18,Bengaluru,Truck,7.7,85,Yes,3.7
ORD5382,2025-03-11,Bengaluru,Bike,32.7,70,Yes,4.2
ORD5383,2025-03-05,Hyderabad,Scooter,54.3,52,No,3.2
ORD5384,2025-03-05,Chennai,Scooter,15.5,72,No,4.3
ORD5385,2025-03-19,Chennai,Van,52.6,56,Yes,3.3
ORD5386,2025-03-06,Hyderabad,Bike,35.7,75,No,4.6
ORD5387,2025-03-15,Hyderabad,Bike,13.7,110,Yes,4.5
ORD5388,2025-03-11,Bengaluru,Bike,27.8,10,Yes,4.0
ORD5389,2025-03-19,Hyderabad,Bike,53.0,77,Yes,4.7
ORD5390,2025-03-30,Pune,Truck,51.8,115,No,3.2
ORD5391,2025-03-20,Pune,Van,49.4,104,Yes,3.2
ORD5392,2025-03-03,Bengaluru,Bike,33.0,109,No,3.5
ORD5393,2025-03-04,Mumbai,Truck,5.6,65,No,4.9
ORD5394,2025-03-09,Bengaluru,Truck,57.0,102,No,4.9
ORD5395,2025-03-27,Mumbai,Scooter,24.8,84,Yes,4.1
ORD5396,2025-03-19,Delhi,Van,7.5,75,Yes,3.9
ORD5397,2025-03-05,Delhi,Bike,55.0,44,No,3.3
ORD5398,2025-03-08,Bengaluru,Van,57.7,71,Yes,3.9
ORD5399,2025-03-11,Delhi,Van,31.2,32,Yes,3.2
ORD5400,2025-03-30,Bengaluru,Bike,37.1,72,No,3.5
ORD5401,2025-03-04,Hyderabad,Scooter,3.2,13,Yes,3.4
ORD5402,2025-03-16,Hyderabad,Scooter,38.8,60,No,4.3
ORD5403,2025-03-15,Delhi,Van,51.8,41,No,3.6
ORD5404,2025-03-14,Delhi,Truck,20.0,62,Yes,3.5
ORD5405,2025-03-04,Bengaluru,Bike,35.8,23,No,4.1
ORD5406,2025-03-27,Pune,Van,50.3,82,No,3.4
ORD5407,2025-03-04,Mumbai,Van,51.3,89,No,4.4
ORD5408,2025-03-07,Mumbai,Van,10.7,43,No,4.0
ORD5409,2025-03-03,Pune,Van,14.0,40,Yes,3.3
ORD5410,2025-03-06,Pune,Truck,30.6,100,No,3.8
ORD5411,2025-03-25,Pune,Scooter,31.9,35,Yes,3.9
ORD5412,2025-03-24,Chennai,Truck,12.6,81,Yes,4.7
ORD5413,2025-03-28,Delhi,Bike,15.7,66,No,4.6
ORD5414,2025-03-04,Delhi,Truck,18.1,11,No,3.4
ORD5415,2025-03-04,Bengaluru,Van,48.4,30,Yes,4.6
ORD5416,2025-03-08,Delhi,Van,35.2,92,No,5.0
ORD5417,2025-03-28,Pune,Truck,24.4,14,Yes,4.6
ORD5418,2025-03-19,Bengaluru,Bike,15.5,50,No,4.1
ORD5419,2025-03-03,Delhi,Truck,53.7,15,Yes,4.2
ORD5420,2025-03-17,Bengaluru,Bike,39.4,67,No,3.5
ORD5421,2025-03-08,Mumbai,Bike,48.2,91,Yes,3.0
ORD5422,2025-03-11,Hyderabad,Bike,4.1,84,Yes,4.4
ORD5423,2025-03-14,Hyderabad,Van,56.6,42,No,3.0
ORD5424,2025-03-28,Pune,Van,2.1,84,No,4.5
ORD5425,2025-03-17,Pune,Van,54.9,102,Yes,4.7
ORD5426,2025-03-26,Delhi,Bike,45.4,77,No,4.9
ORD5427,2025-03-06,Pune,Scooter,13.9,60,No,5.0
ORD5428,2025-03-21,Pune,Van,32.4,110,No,3.8
ORD5429,2025-03-09,Mumbai,Van,12.9,69,Yes,3.2
ORD5430,2025-03-23,Hyderabad,Bike,25.9,58,Yes,4.9
ORD5431,2025-03-21,Hyderabad,Bike,14.3,68,No,3.3
ORD5432,2025-03-12,Bengaluru,Bike,57.4,55,Yes,4.1
ORD5433,2025-03-02,Hyderabad,Bike,52.2,59,No,4.1
ORD5434,2025-03-07,Delhi,Truck,11.7,41,Yes,4.0
ORD5435,2025-03-29,Mumbai,Van,18.3,51,No,3.1
ORD5436,2025-03-06,Bengaluru,Scooter,46.6,113,Yes,4.8
ORD5437,2025-03-09,Pune,Scooter,47.5,88,Yes,3.1
ORD5438,2025-03-11,Chennai,Scooter,38.8,91,Yes,3.3
ORD5439,2025-03-08,Delhi,Bike,42.1,89,No,3.0
ORD5440,2025-03-30,Bengaluru,Bike,25.4,112,Yes,3.0
ORD5441,2025-03-05,Bengaluru,Van,47.4,71,No,3.0
ORD5442,2025-03-19,Pune,Van,58.4,23,Yes,3.4
ORD5443,2025-03-16,Pune,Truck,35.9,90,No,4.6
ORD5444,2025-03-29,Chennai,Van,19.6,54,Yes,3.4
ORD5445,2025-03-28,Mumbai,Truck,43.4,117,No,4.7
ORD5446,2025-03-03,Chennai,Van,19.5,79,No,4.2
ORD5447,2025-03-10,Chennai,Truck,54.8,105,No,3.2
ORD5448,2025-03-30,Delhi,Truck,5.3,66,Yes,3.8
ORD5449,2025-03-01,Delhi,Scooter,15.4,91,Yes,3.0
ORD5450,2025-03-18,Hyderabad,Van,9.3,45,No,3.6
ORD5451,2025-03-29,Bengaluru,Truck,27.2,103,No,4.2
ORD5452,2025-03-21,Delhi,Van,28.9,95,Yes,4.9
ORD5453,2025-03-26,Bengaluru,Bike,36.2,45,No,4.9
ORD5454,2025-03-05,Chennai,Bike,7.6,68,No,4.6
ORD5455,2025-03-20,Pune,Truck,41.1,77,No,3.9
ORD5456,2025-03-01,Delhi,Bike,35.0,33,No,4.2
ORD5457,2025-03-22,Delhi,Truck,7.3,76,Yes,4.0
ORD5458,2025-03-28,Chennai,Truck,3.6,102,Yes,4.3
ORD5459,2025-03-27,Bengaluru,Scooter,29.0,82,No,3.1
ORD5460,2025-03-25,Bengaluru,Truck,14.1,16,No,4.1
ORD5461,2025-03-25,Pune,Van,28.8,14,Yes,4.6
ORD5462,2025-03-29,Pune,Bike,18.6,112,No,4.0
ORD5463,2025-03-14,Mumbai,Truck,11.5,53,No,3.2
ORD5464,2025-03-24,Mumbai,Bike,26.9,68,Yes,4.7
ORD5465,2025-03-19,Mumbai,Bike,23.8,72,No,3.6
ORD5466,2025-03-06,Bengaluru,Truck,10.8,38,No,3.0
ORD5467,2025-03-02,Chennai,Truck,21.6,96,No,3.1
ORD5468,2025-03-22,Pune,Bike,22.3,116,No,4.3
ORD5469,2025-03-03,Pune,Truck,21.9,10,Yes,3.5
ORD5470,2025-03-02,Hyderabad,Bike,48.2,19,Yes,4.3
ORD5471,2025-03-30,Hyderabad,Van,37.3,78,No,4.4
ORD5472,2025-03-14,Hyderabad,Truck,13.2,59,No,3.8
ORD5473,2025-03-03,Pune,Truck,36.0,43,Yes,3.8
ORD5474,2025-03-15,Delhi,Bike,36.3,44,No,4.6
ORD5475,2025-03-11,Hyderabad,Van,2.8,103,No,4.9
ORD5476,2025-03-10,Hyderabad,Truck,28.7,104,No,3.5
ORD5477,2025-03-23,Pune,Van,40.9,19,Yes,3.2
ORD5478,2025-03-28,Chennai,Scooter,49.6,70,Yes,4.9
ORD5479,2025-03-08,Pune,Truck,24.6,48,No,3.4
ORD5480,2025-03-13,Mumbai,Bike,50.7,39,No,4.0
ORD5481,2025-03-30,Chennai,Bike,55.7,42,No,3.9
ORD5482,2025-03-05,Delhi,Truck,10.7,113,No,3.2
ORD5483,2025-03-07,Mumbai,Bike,11.4,61,Yes,4.1
ORD5484,2025-03-29,Bengaluru,Van,46.2,71,Yes,4.8
ORD5485,2025-03-18,Bengaluru,Van,13.5,112,Yes,4.6
ORD5486,2025-03-22,Delhi,Bike,42.0,75,Yes,3.6
ORD5487,2025-03-24,Chennai,Bike,42.6,90,Yes,4.0
ORD5488,2025-03-06,Chennai,Bike,16.4,93,No,3.0
ORD5489,2025-03-21,Bengaluru,Scooter,5.1,113,Yes,3.0
ORD5490,2025-03-14,Chennai,Bike,45.3,39,Yes,4.1
ORD5491,2025-03-14,Bengaluru,Truck,16.2,104,Yes,4.3
ORD5492,2025-03-09,Chennai,Scooter,50.2,99,Yes,4.0
ORD5493,2025-03-19,Delhi,Scooter,4.8,74,No,3.6
ORD5494,2025-03-10,Chennai,Van,37.0,26,Yes,3.0
ORD5495,2025-03-23,Chennai,Bike,50.2,106,No,4.5
ORD5496,2025-03-02,Pune,Scooter,12.9,61,No,4.7
ORD5497,2025-03-09,Chennai,Bike,3.5,12,Yes,3.1
ORD5498,2025-03-27,Hyderabad,Scooter,20.2,95,Yes,4.9
ORD5499,2025-03-08,Hyderabad,Bike,58.4,103,Yes,4.1
ORD5500,2025-03-13,Pune,Bike,37.7,99,Yes,3.8
ORD5501,2025-03-10,Bengaluru,Bike,14.9,46,Yes,4.0
ORD5502,2025-03-18,Delhi,Truck,59.4,71,Yes,4.7
ORD5503,2025-03-18,Delhi,Scooter,30.4,79,No,4.0
ORD5504,2025-03-18,Hyderabad,Truck,13.9,84,Yes,4.7
ORD5505,2025-03-26,Bengaluru,Truck,52.0,37,No,4.4
ORD5506,2025-03-24,Pune,Truck,40.5,118,Yes,3.9
ORD5507,2025-03-26,Pune,Bike,16.1,65,No,4.2
ORD5508,2025-03-09,Delhi,Van,46.7,30,No,3.1
ORD5509,2025-03-26,Pune,Truck,36.3,50,No,4.2
ORD5510,2025-03-20,Delhi,Truck,3.7,59,No,3.1
ORD5511,2025-03-11,Pune,Van,53.0,11,Yes,4.1
ORD5512,2025-03-27,Chennai,Truck,35.4,94,No,3.7
ORD5513,2025-03-14,Hyderabad,Bike,24.5,25,Yes,3.6
ORD5514,2025-03-29,Delhi,Scooter,27.8,112,Yes,3.2
ORD5515,2025-03-22,Hyderabad,Scooter,54.2,20,Yes,5.0
ORD5516,2025-03-02,Chennai,Van,38.2,104,No,3.1
ORD5517,2025-03-14,Hyderabad,Van,48.2,26,Yes,3.4
ORD5518,2025-03-02,Pune,Bike,58.3,74,No,4.7
ORD5519,2025-03-01,Chennai,Bike,57.4,19,Yes,4.8
ORD5520,2025-03-12,Pune,Scooter,30.5,37,Yes,4.0
ORD5521,2025-03-24,Delhi,Truck,21.1,113,No,3.1
ORD5522,2025-03-07,Mumbai,Bike,23.7,29,No,4.0
ORD5523,2025-03-03,Delhi,Truck,14.2,85,Yes,4.6
ORD5524,2025-03-15,Delhi,Bike,49.8,31,Yes,3.8
ORD5525,2025-03-27,Chennai,Scooter,28.6,19,Yes,3.6
ORD5526,2025-03-07,Delhi,Truck,31.0,22,No,4.6
ORD5527,2025-03-05,Hyderabad,Bike,9.2,20,No,4.2
ORD5528,2025-03-18,Delhi,Truck,55.4,87,Yes,4.3
ORD5529,2025-03-17,Hyderabad,Van,13.7,71,Yes,3.3
ORD5530,2025-03-13,Mumbai,Van,23.9,53,No,4.0
ORD5531,2025-03-21,Pune,Scooter,23.1,83,No,3.0
ORD5532,2025-03-16,Hyderabad,Scooter,52.6,18,No,3.0
ORD5533,2025-03-21,Hyderabad,Van,10.9,83,Yes,4.1
ORD5534,2025-03-08,Chennai,Scooter,49.6,95,No,4.0
ORD5535,2025-03-17,Chennai,Bike,32.6,19,Yes,4.0
ORD5536,2025-03-17,Chennai,Truck,18.9,112,No,3.1
ORD5537,2025-03-24,Hyderabad,Scooter,42.9,41,Yes,3.7
ORD5538,2025-03-26,Delhi,Van,12.3,14,No,3.2
ORD5539,2025-03-01,Chennai,Bike,58.6,74,Yes,3.8
ORD5540,2025-03-29,Delhi,Van,2.1,26,No,4.4
ORD5541,2025-03-07,Delhi,Truck,18.9,42,Yes,4.1
ORD5542,2025-03-10,Delhi,Van,18.4,73,Yes,4.8
ORD5543,2025-03-16,Pune,Van,24.8,39,Yes,4.5
ORD5544,2025-03-05,Pune,Truck,10.2,46,Yes,4.8
ORD5545,2025-03-07,Chennai,Bike,52.7,56,Yes,4.4
ORD5546,2025-03-29,Delhi,Bike,24.0,19,Yes,4.3
ORD5547,2025-03-11,Mumbai,Scooter,40.2,107,Yes,4.9
ORD5548,2025-03-24,Hyderabad,Bike,24.0,105,No,3.4
ORD5549,2025-03-16,Chennai,Van,50.6,85,Yes,4.4
ORD5550,2025-03-07,Pune,Scooter,40.1,55,Yes,3.1
ORD5551,2025-03-07,Bengaluru,Scooter,9.9,42,Yes,3.6
ORD5552,2025-03-23,Delhi,Van,7.4,92,Yes,4.9
ORD5553,2025-03-17,Hyderabad,Truck,45.4,98,Yes,4.4
ORD5554,2025-03-08,Bengaluru,Scooter,39.6,34,No,3.4
ORD5555,2025-03-06,Bengaluru,Truck,15.6,58,Yes,3.7
ORD5556,2025-03-19,Hyderabad,Truck,27.0,69,Yes,4.4
ORD5557,2025-03-03,Pune,Scooter,24.4,47,No,4.7
ORD5558,2025-03-14,Mumbai,Bike,17.8,93,Yes,3.3
ORD5559,2025-03-21,Pune,Truck,53.9,48,No,4.0
ORD5560,2025-03-15,Hyderabad,Van,23.8,26,No,5.0
ORD5561,2025-03-30,Delhi,Bike,45.7,71,Yes,3.0
ORD5562,2025-03-01,Delhi,Truck,48.2,28,No,3.2
ORD5563,2025-03-21,Delhi,Truck,54.8,109,Yes,3.9
ORD5564,2025-03-24,Bengaluru,Van,4.9,89,Yes,4.8
ORD5565,2025-03-20,Chennai,Van,38.9,84,Yes,3.2
ORD5566,2025-03-13,Mumbai,Scooter,8.6,107,No,4.9
ORD5567,2025-03-13,Hyderabad,Scooter,15.5,101,Yes,4.1
ORD5568,2025-03-25,Bengaluru,Scooter,46.1,105,Yes,3.5
ORD5569,2025-03-23,Delhi,Scooter,45.4,101,No,4.7
ORD5570,2025-03-23,Hyderabad,Van,40.5,35,No,3.7
ORD5571,2025-03-13,Pune,Scooter,18.2,19,Yes,4.3
ORD5572,2025-03-06,Mumbai,Scooter,17.7,95,No,3.9
ORD5573,2025-03-29,Chennai,Van,59.1,63,No,4.7
ORD5574,2025-03-03,Delhi,Van,48.3,91,Yes,3.3
ORD5575,2025-03-30,Chennai,Scooter,55.1,15,Yes,4.9
ORD5576,2025-03-23,Bengaluru,Van,16.2,111,No,3.5
ORD5577,2025-03-07,Pune,Bike,25.2,67,Yes,3.2
ORD5578,2025-03-22,Chennai,Truck,18.9,79,Yes,4.1
ORD5579,2025-03-29,Delhi,Scooter,58.0,79,Yes,4.6
ORD5580,2025-03-17,Delhi,Scooter,34.7,108,No,3.8
ORD5581,2025-03-03,Mumbai,Van,32.5,58,No,4.1
ORD5582,2025-03-30,Bengaluru,Truck,48.2,22,No,4.3
ORD5583,2025-03-02,Mumbai,Truck,23.8,91,Yes,3.2
ORD5584,2025-03-23,Chennai,Van,47.4,118,Yes,4.5
ORD5585,2025-03-14,Hyderabad,Truck,47.0,96,Yes,4.6
ORD5586,2025-03-15,Delhi,Bike,36.1,68,Yes,4.3
ORD5587,2025-03-18,Mumbai,Van,11.2,31,No,4.4
ORD5588,2025-03-21,Pune,Truck,13.7,108,Yes,3.9
ORD5589,2025-03-03,Delhi,Van,17.2,44,No,3.5
ORD5590,2025-03-12,Pune,Truck,56.3,110,No,4.7
ORD5591,2025-03-14,Hyderabad,Scooter,15.2,70,No,3.5
ORD5592,2025-03-18,Delhi,Scooter,49.5,51,No,3.2
ORD5593,2025-03-22,Chennai,Scooter,5.8,22,No,3.2
ORD5594,2025-03-03,Hyderabad,Truck,22.8,37,No,4.2
ORD5595,2025-03-14,Bengaluru,Van,30.2,69,No,3.1
ORD5596,2025-03-02,Mumbai,Truck,19.0,37,No,3.3
ORD5597,2025-03-06,Delhi,Bike,4.3,15,Yes,3.2
ORD5598,2025-03-16,Chennai,Van,20.3,22,No,3.9
ORD5599,2025-03-19,Mumbai,Van,35.8,78,Yes,3.3
ORD5600,2025-03-07,Delhi,Bike,37.1,73,No,4.8
ORD5601,2025-03-29,Chennai,Bike,29.7,94,Yes,3.2
ORD5602,2025-03-07,Hyderabad,Van,58.5,73,Yes,3.0
ORD5603,2025-03-27,Bengaluru,Van,56.7,12,Yes,4.5
ORD5604,2025-03-19,Delhi,Bike,51.2,34,No,4.2
ORD5605,2025-03-17,Pune,Scooter,26.1,25,Yes,4.6
ORD5606,2025-03-05,Delhi,Truck,55.4,91,No,4.3
ORD5607,2025-03-06,Delhi,Bike,13.2,104,Yes,4.0
ORD5608,2025-03-08,Bengaluru,Van,37.0,23,Yes,4.1
ORD5609,2025-03-04,Delhi,Scooter,47.3,53,No,4.3
ORD5610,2025-03-23,Bengaluru,Truck,23.7,99,No,3.1
ORD5611,2025-03-22,Pune,Van,22.2,69,No,3.2
ORD5612,2025-03-22,Bengaluru,Truck,27.2,102,Yes,3.6
ORD5613,2025-03-26,Hyderabad,Van,41.7,63,Yes,3.7
ORD5614,2025-03-27,Pune,Bike,7.0,25,No,4.6
ORD5615,2025-03-03,Mumbai,Truck,23.2,14,Yes,4.9
ORD5616,2025-03-29,Chennai,Truck,50.4,74,Yes,3.1
ORD5617,2025-03-16,Pune,Bike,59.8,108,No,4.5
ORD5618,2025-03-01,Bengaluru,Bike,39.1,90,No,4.6
ORD5619,2025-03-06,Pune,Scooter,10.2,44,No,3.4
ORD5620,2025-03-02,Mumbai,Truck,16.4,19,Yes,5.0
ORD5621,2025-03-04,Bengaluru,Truck,46.6,79,No,3.3
ORD5622,2025-03-27,Hyderabad,Van,42.3,83,No,4.7
ORD5623,2025-03-01,Hyderabad,Scooter,29.8,16,Yes,3.5
ORD5624,2025-03-08,Hyderabad,Bike,51.0,76,No,4.1
ORD5625,2025-03-18,Pune,Bike,25.1,10,No,3.8
ORD5626,2025-03-10,Hyderabad,Truck,9.0,64,No,4.0
ORD5627,2025-03-04,Mumbai,Scooter,3.9,43,Yes,5.0
ORD5628,2025-03-13,Delhi,Bike,21.3,106,Yes,4.0
ORD5629,2025-03-23,Pune,Bike,44.2,99,No,4.1
ORD5630,2025-03-06,Chennai,Truck,37.9,75,Yes,4.2
ORD5631,2025-03-23,Bengaluru,Scooter,59.5,62,No,4.6
ORD5632,2025-03-10,Delhi,Truck,52.8,113,No,4.9
ORD5633,2025-03-23,Mumbai,Bike,15.8,48,Yes,4.4
ORD5634,2025-03-02,Mumbai,Van,35.1,99,Yes,4.9
ORD5635,2025-03-30,Chennai,Truck,47.7,10,Yes,3.7
ORD5636,2025-03-12,Pune,Van,37.4,65,Yes,3.4
ORD5637,2025-03-06,Chennai,Bike,20.8,34,No,4.8
ORD5638,2025-03-11,Hyderabad,Van,11.4,102,Yes,4.5
ORD5639,2025-03-05,Delhi,Scooter,40.8,73,Yes,4.4
ORD5640,2025-03-08,Mumbai,Truck,34.3,18,No,4.4
ORD5641,2025-03-23,Delhi,Bike,44.4,37,No,4.0
ORD5642,2025-03-20,Pune,Bike,31.3,17,Yes,3.3
ORD5643,2025-03-19,Bengaluru,Scooter,49.9,70,No,4.8
ORD5644,2025-03-20,Hyderabad,Van,27.4,49,No,4.6
ORD5645,2025-03-07,Delhi,Van,14.2,13,Yes,3.9
ORD5646,2025-03-22,Bengaluru,Truck,32.0,110,Yes,4.7
ORD5647,2025-03-24,Chennai,Truck,35.7,19,No,5.0
ORD5648,2025-03-14,Hyderabad,Bike,6.6,72,Yes,3.3
ORD5649,2025-03-12,Hyderabad,Bike,16.5,34,Yes,4.4
ORD5650,2025-03-24,Pune,Scooter,36.1,73,No,4.8
ORD5651,2025-03-07,Bengaluru,Van,23.5,119,Yes,4.7
ORD5652,2025-03-23,Hyderabad,Truck,37.7,118,Yes,4.5
ORD5653,2025-03-22,Mumbai,Van,26.7,112,No,3.2
ORD5654,2025-03-12,Hyderabad,Van,25.9,96,No,3.9
ORD5655,2025-03-09,Delhi,Van,2.9,77,No,3.2
ORD5656,2025-03-22,Pune,Truck,53.7,82,Yes,4.0
ORD5657,2025-03-04,Chennai,Truck,37.4,115,No,3.0
ORD5658,2025-03-24,Delhi,Bike,28.5,59,No,4.2
ORD5659,2025-03-30,Bengaluru,Van,28.3,30,No,3.1
ORD5660,2025-03-03,Hyderabad,Van,48.1,38,No,3.4
ORD5661,2025-03-08,Pune,Truck,26.5,86,No,3.1
ORD5662,2025-03-03,Pune,Scooter,44.7,61,No,4.0
ORD5663,2025-03-26,Chennai,Bike,50.2,56,No,3.1
ORD5664,2025-03-15,Chennai,Scooter,43.7,89,No,4.5
ORD5665,2025-03-06,Pune,Bike,35.9,99,No,3.3
ORD5666,2025-03-17,Hyderabad,Van,17.2,14,No,4.3
ORD5667,2025-03-19,Delhi,Bike,48.4,54,Yes,4.0
ORD5668,2025-03-09,Mumbai,Bike,35.0,33,No,4.5
ORD5669,2025-03-18,Bengaluru,Bike,23.7,62,Yes,4.2
ORD5670,2025-03-25,Hyderabad,Scooter,6.7,73,Yes,4.3
ORD5671,2025-03-19,Mumbai,Bike,2.7,37,No,3.1
ORD5672,2025-03-29,Hyderabad,Truck,50.7,66,No,3.7
ORD5673,2025-03-15,Pune,Van,12.4,26,Yes,4.6
ORD5674,2025-03-25,Bengaluru,Truck,27.4,111,No,4.9
ORD5675,2025-03-07,Delhi,Van,30.7,93,No,3.4
ORD5676,2025-03-14,Delhi,Truck,42.6,72,Yes,4.5
ORD5677,2025-03-25,Bengaluru,Van,28.3,63,No,3.7
ORD5678,2025-03-29,Bengaluru,Scooter,39.2,27,No,3.1
ORD5679,2025-03-04,Delhi,Truck,10.2,110,Yes,4.0
ORD5680,2025-03-13,Pune,Bike,34.6,102,No,4.7
ORD5681,2025-03-28,Delhi,Bike,17.5,47,No,4.2
ORD5682,2025-03-07,Hyderabad,Van,55.3,29,No,4.2
ORD5683,2025-03-16,Mumbai,Truck,47.6,88,No,3.8
ORD5684,2025-03-05,Hyderabad,Truck,43.8,110,No,4.0
ORD5685,2025-03-01,Chennai,Scooter,5.2,35,Yes,3.0
ORD5686,2025-03-12,Mumbai,Truck,40.4,98,Yes,3.7
ORD5687,2025-03-07,Mumbai,Truck,26.9,77,Yes,4.4
ORD5688,2025-03-07,Bengaluru,Truck,3.2,30,Yes,4.8
ORD5689,2025-03-20,Hyderabad,Van,42.8,58,No,4.5
ORD5690,2025-03-21,Mumbai,Bike,40.0,115,Yes,3.9
ORD5691,2025-03-25,Mumbai,Scooter,12.3,53,No,4.1
ORD5692,2025-03-07,Bengaluru,Bike,56.2,28,No,3.6
ORD5693,2025-03-17,Delhi,Van,14.4,54,Yes,4.4
ORD5694,2025-03-01,Chennai,Scooter,40.0,55,Yes,3.4
ORD5695,2025-03-04,Delhi,Scooter,37.6,102,Yes,4.4
ORD5696,2025-03-28,Mumbai,Van,11.7,82,No,3.9
ORD5697,2025-03-06,Pune,Truck,38.0,63,No,3.6
ORD5698,2025-03-16,Pune,Scooter,50.7,49,No,3.4
ORD5699,2025-03-30,Chennai,Scooter,51.7,88,No,4.1
ORD5700,2025-03-08,Delhi,Scooter,42.6,43,No,3.6
ORD5701,2025-03-28,Delhi,Truck,54.5,98,No,3.6
ORD5702,2025-03-17,Pune,Truck,30.4,99,Yes,4.4
ORD5703,2025-03-26,Pune,Scooter,11.7,28,Yes,4.3
ORD5704,2025-03-26,Pune,Truck,18.4,77,Yes,4.8
ORD5705,2025-03-28,Pune,Truck,11.6,33,Yes,4.8
ORD5706,2025-03-12,Hyderabad,Bike,18.6,60,Yes,4.5
ORD5707,2025-03-09,Pune,Truck,42.7,108,No,3.1
ORD5708,2025-03-01,Pune,Bike,48.8,30,No,3.9
ORD5709,2025-03-02,Hyderabad,Scooter,26.8,57,Yes,4.9
ORD5710,2025-03-26,Chennai,Truck,22.5,114,Yes,4.6
ORD5711,2025-03-21,Chennai,Van,15.0,104,No,3.2
ORD5712,2025-03-15,Mumbai,Bike,25.9,99,Yes,3.2
ORD5713,2025-03-17,Hyderabad,Scooter,49.6,110,No,4.8
ORD5714,2025-03-03,Pune,Bike,40.0,52,Yes,4.6
ORD5715,2025-03-21,Bengaluru,Van,44.5,27,Yes,4.7
ORD5716,2025-03-09,Mumbai,Bike,27.0,95,Yes,3.4
ORD5717,2025-03-19,Bengaluru,Scooter,32.2,70,No,3.0
ORD5718,2025-03-19,Hyderabad,Scooter,30.8,78,Yes,3.3
ORD5719,2025-03-12,Delhi,Scooter,44.4,61,Yes,4.3
ORD5720,2025-03-24,Delhi,Bike,51.7,107,No,3.0
ORD5721,2025-03-07,Mumbai,Van,57.9,81,Yes,3.8
ORD5722,2025-03-20,Chennai,Bike,13.3,45,No,3.0
ORD5723,2025-03-11,Hyderabad,Van,53.5,18,Yes,3.4
ORD5724,2025-03-03,Bengaluru,Van,6.9,55,No,3.5
ORD5725,2025-03-07,Bengaluru,Scooter,55.9,79,Yes,3.2
ORD5726,2025-03-22,Mumbai,Scooter,30.2,81,No,4.4
ORD5727,2025-03-21,Mumbai,Truck,37.9,44,No,4.6
ORD5728,2025-03-27,Hyderabad,Bike,15.2,34,No,4.3
ORD5729,2025-03-04,Delhi,Van,4.4,75,Yes,4.7
ORD5730,2025-03-28,Mumbai,Scooter,19.0,107,No,3.8
ORD5731,2025-03-04,Hyderabad,Truck,33.5,37,No,4.4
ORD5732,2025-03-26,Delhi,Van,35.2,15,Yes,4.2
ORD5733,2025-03-29,Chennai,Truck,26.7,27,No,4.4
ORD5734,2025-03-08,Pune,Bike,14.3,66,Yes,4.4
ORD5735,2025-03-05,Chennai,Bike,35.5,109,No,4.7
ORD5736,2025-03-05,Chennai,Scooter,9.4,37,No,3.6
ORD5737,2025-03-22,Bengaluru,Van,44.3,105,No,4.0
ORD5738,2025-03-10,Chennai,Scooter,54.6,88,Yes,3.2
ORD5739,2025-03-05,Hyderabad,Truck,7.2,86,No,3.6
ORD5740,2025-03-02,Mumbai,Truck,35.2,54,No,4.0
ORD5741,2025-03-18,Delhi,Bike,21.5,53,No,3.6
ORD5742,2025-03-11,Hyderabad,Van,29.6,68,No,3.0
ORD5743,2025-03-24,Delhi,Van,41.2,35,Yes,4.9
ORD5744,2025-03-26,Mumbai,Truck,52.0,109,Yes,4.8
ORD5745,2025-03-17,Bengaluru,Scooter,58.2,18,Yes,3.7
ORD5746,2025-03-01,Mumbai,Truck,3.4,60,No,3.2
ORD5747,2025-03-14,Mumbai,Scooter,34.5,67,No,3.8
ORD5748,2025-03-22,Mumbai,Van,18.3,53,Yes,3.2
ORD5749,2025-03-29,Pune,Scooter,40.8,87,Yes,3.7
ORD5750,2025-03-24,Delhi,Truck,36.4,29,No,4.5
ORD5751,2025-03-17,Pune,Bike,8.1,66,Yes,3.6
ORD5752,2025-03-06,Mumbai,Van,7.3,58,Yes,4.3
ORD5753,2025-03-30,Hyderabad,Truck,13.3,119,Yes,4.4
ORD5754,2025-03-03,Chennai,Scooter,18.1,86,Yes,3.3
ORD5755,2025-03-01,Chennai,Truck,4.3,69,No,3.6
ORD5756,2025-03-10,Pune,Van,32.4,88,Yes,3.6
ORD5757,2025-03-08,Hyderabad,Bike,7.3,12,No,3.4
ORD5758,2025-03-30,Bengaluru,Truck,46.8,52,No,3.2
ORD5759,2025-03-22,Chennai,Bike,50.3,49,No,3.9
ORD5760,2025-03-17,Delhi,Bike,44.5,43,Yes,4.6
ORD5761,2025-03-15,Bengaluru,Scooter,35.0,60,Yes,4.3
ORD5762,2025-03-20,Mumbai,Scooter,11.7,64,Yes,3.9
ORD5763,2025-03-06,Bengaluru,Bike,52.2,28,Yes,4.4
ORD5764,2025-03-27,Pune,Scooter,36.3,40,No,4.4
ORD5765,2025-03-13,Mumbai,Truck,44.7,17,Yes,4.2
ORD5766,2025-03-16,Chennai,Scooter,25.1,86,Yes,3.5
ORD5767,2025-03-20,Mumbai,Scooter,42.7,87,No,3.5
ORD5768,2025-03-19,Bengaluru,Truck,23.8,88,No,3.2
ORD5769,2025-03-11,Mumbai,Bike,36.1,94,Yes,4.4
ORD5770,2025-03-03,Hyderabad,Bike,23.1,69,Yes,5.0
ORD5771,2025-03-17,Mumbai,Scooter,4.7,93,Yes,3.4
ORD5772,2025-03-25,Hyderabad,Bike,48.0,50,No,3.3
ORD5773,2025-03-12,Delhi,Truck,24.0,115,No,3.5
ORD5774,2025-03-04,Hyderabad,Scooter,29.1,87,Yes,3.3
ORD5775,2025-03-10,Bengaluru,Truck,10.6,82,Yes,4.9
ORD5776,2025-03-26,Delhi,Truck,37.1,28,Yes,3.6
ORD5777,2025-03-10,Bengaluru,Scooter,15.9,75,No,3.6
ORD5778,2025-03-23,Delhi,Scooter,50.4,24,No,3.8
ORD5779,2025-03-11,Delhi,Truck,58.4,115,Yes,4.8
ORD5780,2025-03-21,Hyderabad,Truck,15.0,14,No,5.0
ORD5781,2025-03-10,Pune,Truck,34.5,20,No,4.2
ORD5782,2025-03-20,Pune,Van,26.0,108,Yes,4.5
ORD5783,2025-03-05,Pune,Bike,50.9,66,Yes,3.1
ORD5784,2025-03-15,Delhi,Truck,2.4,112,Yes,4.6
ORD5785,2025-03-16,Bengaluru,Scooter,27.0,48,No,3.5
ORD5786,2025-03-02,Pune,Bike,41.7,65,No,3.6
ORD5787,2025-03-01,Bengaluru,Truck,54.2,44,No,4.6
ORD5788,2025-03-16,Delhi,Bike,48.4,95,No,3.1
ORD5789,2025-03-16,Delhi,Van,26.3,19,Yes,4.2
ORD5790,2025-03-14,Mumbai,Van,45.2,47,No,3.6
ORD5791,2025-03-10,Mumbai,Bike,14.8,70,Yes,4.8
ORD5792,2025-03-18,Delhi,Van,37.1,76,No,3.6
ORD5793,2025-03-11,Delhi,Truck,39.2,30,No,3.4
ORD5794,2025-03-11,Pune,Van,39.9,92,Yes,3.7
ORD5795,2025-03-18,Chennai,Bike,10.5,79,No,4.1
ORD5796,2025-03-08,Pune,Van,14.4,89,No,4.3
ORD5797,2025-03-03,Mumbai,Van,20.4,36,Yes,3.2
ORD5798,2025-03-08,Pune,Bike,35.7,92,Yes,4.5
ORD5799,2025-03-17,Hyderabad,Truck,31.5,58,Yes,3.9
ORD5800,2025-03-13,Bengaluru,Truck,9.6,57,Yes,3.3
ORD5801,2025-03-13,Hyderabad,Truck,33.0,12,No,4.0
ORD5802,2025-03-11,Pune,Van,42.5,43,No,4.1
ORD5803,2025-03-02,Mumbai,Truck,12.8,71,No,4.3
ORD5804,2025-03-09,Mumbai,Van,34.7,87,Yes,4.2
ORD5805,2025-03-01,Pune,Truck,32.2,32,No,3.9
ORD5806,2025-03-12,Chennai,Scooter,40.3,89,No,3.5
ORD5807,2025-03-27,Chennai,Van,43.0,103,Yes,3.5
ORD5808,2025-03-12,Hyderabad,Bike,27.7,16,Yes,3.3
ORD5809,2025-03-11,Chennai,Scooter,36.5,28,Yes,4.8
ORD5810,2025-03-20,Chennai,Scooter,6.2,40,No,4.7
ORD5811,2025-03-22,Delhi,Truck,17.0,97,No,4.0
ORD5812,2025-03-16,Pune,Van,26.7,112,Yes,3.4
ORD5813,2025-03-02,Delhi,Scooter,51.9,102,Yes,4.4
ORD5814,2025-03-27,Pune,Van,56.5,83,No,3.2
ORD5815,2025-03-29,Pune,Scooter,57.1,21,No,4.9
ORD5816,2025-03-19,Chennai,Van,27.0,36,No,3.1
ORD5817,2025-03-29,Bengaluru,Truck,33.8,62,No,4.7
ORD5818,2025-03-12,Bengaluru,Van,27.6,102,Yes,3.8
ORD5819,2025-03-28,Delhi,Bike,5.4,67,No,4.3
ORD5820,2025-03-18,Bengaluru,Van,53.3,116,Yes,4.4
ORD5821,2025-03-21,Pune,Bike,39.2,45,Yes,5.0
ORD5822,2025-03-08,Bengaluru,Truck,10.6,19,Yes,3.3
ORD5823,2025-03-10,Delhi,Scooter,14.3,71,No,3.9
ORD5824,2025-03-25,Bengaluru,Van,42.4,21,No,4.4
ORD5825,2025-03-05,Hyderabad,Van,35.0,28,No,3.3
ORD5826,2025-03-27,Hyderabad,Van,32.1,38,Yes,4.9
ORD5827,2025-03-21,Mumbai,Bike,46.4,111,No,3.3
ORD5828,2025-03-12,Pune,Bike,10.2,117,Yes,4.8
ORD5829,2025-03-23,Bengaluru,Bike,10.7,53,No,4.0
ORD5830,2025-03-22,Hyderabad,Van,49.0,21,No,4.0
ORD5831,2025-03-15,Hyderabad,Van,35.2,115,Yes,4.9
ORD5832,2025-03-30,Hyderabad,Van,43.6,30,No,3.0
ORD5833,2025-03-02,Chennai,Bike,13.0,52,Yes,3.8
ORD5834,2025-03-15,Delhi,Scooter,3.3,11,Yes,3.2
ORD5835,2025-03-01,Bengaluru,Scooter,33.9,28,Yes,4.6
ORD5836,2025-03-16,Pune,Bike,46.9,25,No,3.4
ORD5837,2025-03-02,Hyderabad,Bike,6.1,52,No,3.8
ORD5838,2025-03-01,Mumbai,Scooter,52.2,41,No,3.1
ORD5839,2025-03-30,Chennai,Truck,21.8,67,No,3.7
ORD5840,2025-03-20,Chennai,Bike,35.3,119,No,3.4
ORD5841,2025-03-06,Pune,Scooter,22.7,96,Yes,4.9
ORD5842,2025-03-06,Delhi,Truck,23.5,51,Yes,3.7
ORD5843,2025-03-23,Pune,Van,9.2,70,Yes,3.1
ORD5844,2025-03-10,Bengaluru,Van,17.7,38,No,3.3
ORD5845,2025-03-16,Mumbai,Van,30.3,102,Yes,3.0
ORD5846,2025-03-19,Pune,Scooter,23.6,49,No,4.2
ORD5847,2025-03-27,Bengaluru,Bike,20.2,52,No,3.9
ORD5848,2025-03-10,Pune,Scooter,48.5,83,Yes,3.9
ORD5849,2025-03-22,Hyderabad,Truck,2.5,33,No,3.4
ORD5850,2025-03-08,Pune,Bike,33.1,80,No,3.8
ORD5851,2025-03-22,Mumbai,Van,29.6,113,Yes,4.1
ORD5852,2025-03-10,Pune,Bike,41.8,84,No,3.4
ORD5853,2025-03-09,Mumbai,Bike,36.9,83,Yes,3.7
ORD5854,2025-03-02,Bengaluru,Bike,13.6,12,Yes,3.9
ORD5855,2025-03-14,Bengaluru,Van,9.7,60,No,4.0
ORD5856,2025-03-22,Chennai,Van,3.9,107,Yes,3.9
ORD5857,2025-03-09,Pune,Scooter,14.6,88,No,4.1
ORD5858,2025-03-26,Hyderabad,Van,19.7,103,Yes,4.8
ORD5859,2025-03-14,Pune,Truck,55.6,84,Yes,4.5
ORD5860,2025-03-18,Hyderabad,Scooter,24.2,66,No,4.1
ORD5861,2025-03-21,Delhi,Bike,33.7,74,Yes,4.8
ORD5862,2025-03-01,Bengaluru,Scooter,20.5,50,No,3.4
ORD5863,2025-03-28,Hyderabad,Scooter,43.5,106,No,5.0
ORD5864,2025-03-19,Pune,Bike,54.4,96,Yes,4.1
ORD5865,2025-03-17,Pune,Bike,31.3,20,No,3.3
ORD5866,2025-03-26,Delhi,Van,38.2,81,Yes,4.1
ORD5867,2025-03-30,Bengaluru,Bike,6.2,69,Yes,5.0
ORD5868,2025-03-08,Delhi,Bike,43.4,95,Yes,4.3
ORD5869,2025-03-27,Pune,Bike,7.5,114,Yes,4.2
ORD5870,2025-03-15,Hyderabad,Truck,55.6,57,Yes,3.1
ORD5871,2025-03-26,Chennai,Bike,18.1,71,Yes,3.9
ORD5872,2025-03-20,Mumbai,Truck,56.5,116,No,4.0
ORD5873,2025-03-09,Pune,Van,38.0,54,Yes,3.2
ORD5874,2025-03-08,Chennai,Van,14.4,30,No,3.2
ORD5875,2025-03-30,Mumbai,Scooter,53.9,59,No,3.1
ORD5876,2025-03-24,Delhi,Truck,10.4,48,No,4.5
ORD5877,2025-03-14,Bengaluru,Van,9.7,26,Yes,4.4
ORD5878,2025-03-09,Bengaluru,Bike,28.0,91,No,3.8
ORD5879,2025-03-02,Pune,Bike,16.4,97,Yes,4.0
ORD5880,2025-03-26,Bengaluru,Truck,33.0,49,Yes,4.0
ORD5881,2025-03-25,Chennai,Bike,27.8,63,Yes,4.8
ORD5882,2025-03-10,Bengaluru,Truck,56.1,106,No,3.4
ORD5883,2025-03-17,Pune,Truck,7.5,113,No,3.7
ORD5884,2025-03-29,Mumbai,Scooter,7.0,74,No,4.8
ORD5885,2025-03-12,Mumbai,Van,22.3,88,No,3.9
ORD5886,2025-03-08,Mumbai,Scooter,45.3,77,Yes,4.5
ORD5887,2025-03-08,Bengaluru,Bike,58.9,79,Yes,4.3
ORD5888,2025-03-07,Hyderabad,Van,12.6,47,No,3.0
ORD5889,2025-03-22,Mumbai,Bike,9.3,21,Yes,4.7
ORD5890,2025-03-25,Mumbai,Van,3.5,75,No,4.3
ORD5891,2025-03-06,Hyderabad,Truck,2.3,13,Yes,3.0
ORD5892,2025-03-12,Pune,Van,19.2,80,Yes,3.3
ORD5893,2025-03-28,Bengaluru,Truck,47.5,44,No,4.4
ORD5894,2025-03-05,Bengaluru,Scooter,55.6,69,Yes,4.0
ORD5895,2025-03-01,Chennai,Scooter,59.6,115,No,3.5
ORD5896,2025-03-10,Bengaluru,Truck,55.6,101,Yes,4.5
ORD5897,2025-03-18,Mumbai,Truck,9.2,28,No,4.6
ORD5898,2025-03-09,Chennai,Bike,44.2,19,Yes,3.8
ORD5899,2025-03-17,Hyderabad,Van,14.4,115,Yes,4.5
ORD5900,2025-03-04,Hyderabad,Van,15.6,110,Yes,3.0
ORD5901,2025-03-24,Delhi,Truck,44.5,23,Yes,4.6
ORD5902,2025-03-04,Chennai,Truck,57.1,98,Yes,3.9
ORD5903,2025-03-08,Hyderabad,Scooter,59.9,113,No,3.1
ORD5904,2025-03-06,Delhi,Truck,4.5,81,Yes,3.7
ORD5905,2025-03-27,Mumbai,Bike,14.3,99,No,4.3
ORD5906,2025-03-04,Hyderabad,Truck,2.7,87,No,5.0
ORD5907,2025-03-09,Delhi,Scooter,55.6,40,No,4.9
ORD5908,2025-03-27,Delhi,Van,27.2,80,Yes,4.6
ORD5909,2025-03-04,Chennai,Van,47.4,60,No,3.3
ORD5910,2025-03-02,Bengaluru,Bike,36.3,18,No,4.8
ORD5911,2025-03-04,Mumbai,Bike,19.1,115,No,4.9
ORD5912,2025-03-12,Bengaluru,Bike,6.2,61,No,3.4
ORD5913,2025-03-04,Delhi,Bike,11.2,36,Yes,4.1
ORD5914,2025-03-15,Hyderabad,Van,43.2,20,No,3.1
ORD5915,2025-03-28,Bengaluru,Truck,8.9,44,No,3.2
ORD5916,2025-03-13,Pune,Truck,54.0,63,Yes,3.8
ORD5917,2025-03-01,Pune,Scooter,36.3,35,No,3.5
ORD5918,2025-03-08,Bengaluru,Bike,17.6,78,No,3.6
ORD5919,2025-03-19,Hyderabad,Van,24.5,20,Yes,4.0
ORD5920,2025-03-01,Bengaluru,Bike,49.8,87,No,3.0
ORD5921,2025-03-23,Pune,Scooter,41.1,104,Yes,4.6
ORD5922,2025-03-23,Hyderabad,Scooter,30.1,72,Yes,4.1
ORD5923,2025-03-16,Mumbai,Bike,44.3,105,Yes,3.2
ORD5924,2025-03-24,Pune,Scooter,42.2,44,Yes,4.5
ORD5925,2025-03-08,Chennai,Scooter,8.5,112,Yes,4.5
ORD5926,2025-03-28,Hyderabad,Van,27.3,97,Yes,3.9
ORD5927,2025-03-02,Hyderabad,Van,31.0,59,Yes,3.4
ORD5928,2025-03-03,Hyderabad,Truck,14.7,72,Yes,3.4
ORD5929,2025-03-14,Chennai,Scooter,34.2,118,Yes,3.5
ORD5930,2025-03-25,Delhi,Scooter,33.8,108,Yes,3.8
ORD5931,2025-03-22,Pune,Scooter,35.6,90,No,4.6
ORD5932,2025-03-18,Mumbai,Van,24.4,32,Yes,3.1
ORD5933,2025-03-24,Pune,Scooter,37.0,35,No,5.0
ORD5934,2025-03-04,Hyderabad,Bike,10.7,85,Yes,3.5
ORD5935,2025-03-02,Bengaluru,Truck,24.3,17,Yes,4.5
ORD5936,2025-03-07,Mumbai,Van,16.6,62,No,3.7
ORD5937,2025-03-25,Hyderabad,Van,56.8,78,Yes,4.3
ORD5938,2025-03-03,Delhi,Bike,26.4,38,No,3.5
ORD5939,2025-03-24,Bengaluru,Van,5.3,99,No,3.9
ORD5940,2025-03-09,Hyderabad,Truck,10.8,110,No,4.7
ORD5941,2025-03-26,Chennai,Van,35.5,115,Yes,3.2
ORD5942,2025-03-07,Bengaluru,Truck,50.1,84,No,3.9
ORD5943,2025-03-10,Chennai,Truck,40.7,29,Yes,4.5
ORD5944,2025-03-25,Mumbai,Truck,53.0,31,Yes,4.4
ORD5945,2025-03-30,Bengaluru,Bike,37.7,33,No,5.0
ORD5946,2025-03-06,Pune,Scooter,27.3,41,Yes,3.8
ORD5947,2025-03-17,Bengaluru,Scooter,41.4,103,Yes,4.3
ORD5948,2025-03-17,Chennai,Bike,49.2,119,Yes,4.0
ORD5949,2025-03-26,Mumbai,Bike,53.4,63,No,5.0
ORD5950,2025-03-05,Mumbai,Scooter,8.5,106,No,3.0
ORD5951,2025-03-15,Chennai,Bike,47.3,53,Yes,4.2
ORD5952,2025-03-07,Hyderabad,Scooter,49.7,30,Yes,4.4
ORD5953,2025-03-01,Delhi,Truck,3.8,90,Yes,4.4
ORD5954,2025-03-28,Chennai,Scooter,14.6,11,No,3.0
ORD5955,2025-03-15,Chennai,Truck,44.9,14,Yes,4.1
ORD5956,2025-03-10,Hyderabad,Van,13.8,40,No,3.6
ORD5957,2025-03-05,Hyderabad,Scooter,27.1,103,No,4.7
ORD5958,2025-03-16,Pune,Scooter,20.6,50,Yes,3.8
ORD5959,2025-03-19,Pune,Truck,30.9,19,No,3.4
ORD5960,2025-03-29,Bengaluru,Truck,59.2,71,Yes,4.0
ORD5961,2025-03-16,Bengaluru,Scooter,22.5,107,No,4.9
ORD5962,2025-03-03,Mumbai,Scooter,34.5,11,No,4.1
ORD5963,2025-03-05,Hyderabad,Truck,47.7,35,No,4.6
ORD5964,2025-03-08,Mumbai,Bike,16.7,90,Yes,3.2
ORD5965,2025-03-18,Chennai,Van,50.6,36,No,3.9
ORD5966,2025-03-12,Mumbai,Van,53.7,107,Yes,4.2
ORD5967,2025-03-10,Chennai,Truck,36.1,83,No,3.7
ORD5968,2025-03-16,Chennai,Van,3.0,49,Yes,3.5
ORD5969,2025-03-29,Hyderabad,Scooter,6.4,37,Yes,4.0
ORD5970,2025-03-23,Mumbai,Truck,37.0,70,Yes,3.9
ORD5971,2025-03-21,Hyderabad,Scooter,33.8,80,Yes,4.8
ORD5972,2025-03-23,Pune,Scooter,21.3,114,No,3.4
ORD5973,2025-03-11,Chennai,Truck,17.1,100,Yes,4.8
ORD5974,2025-03-25,Pune,Truck,9.8,38,No,3.8
ORD5975,2025-03-23,Bengaluru,Bike,52.5,75,No,3.9
ORD5976,2025-03-26,Delhi,Scooter,25.9,95,Yes,4.1
ORD5977,2025-03-19,Delhi,Bike,16.5,90,No,3.6
ORD5978,2025-03-24,Hyderabad,Truck,20.6,91,Yes,3.1
ORD5979,2025-03-29,Chennai,Truck,53.4,80,Yes,3.5
ORD5980,2025-03-05,Hyderabad,Scooter,31.3,51,Yes,3.4
ORD5981,2025-03-01,Hyderabad,Bike,51.3,71,No,4.5
ORD5982,2025-03-18,Pune,Scooter,35.0,55,Yes,3.9
ORD5983,2025-03-07,Bengaluru,Bike,27.6,91,No,4.7
ORD5984,2025-03-05,Hyderabad,Truck,16.4,115,No,4.8
ORD5985,2025-03-12,Mumbai,Bike,23.4,15,No,3.2
ORD5986,2025-03-01,Pune,Truck,30.5,107,Yes,3.2
ORD5987,2025-03-17,Pune,Bike,40.5,78,Yes,3.3
ORD5988,2025-03-03,Bengaluru,Truck,37.2,118,No,4.1
ORD5989,2025-03-27,Delhi,Scooter,2.4,115,Yes,3.7
ORD5990,2025-03-11,Hyderabad,Bike,7.8,41,Yes,3.2
ORD5991,2025-03-08,Hyderabad,Van,25.4,51,No,3.5
ORD5992,2025-03-07,Delhi,Truck,23.6,65,No,4.6
ORD5993,2025-03-23,Bengaluru,Van,36.7,111,No,3.1
ORD5994,2025-03-29,Pune,Van,33.7,56,No,4.4
ORD5995,2025-03-08,Bengaluru,Bike,46.3,29,No,3.2
ORD5996,2025-03-30,Chennai,Van,59.3,46,Yes,3.6
ORD5997,2025-03-24,Mumbai,Truck,5.4,113,Yes,3.5
ORD5998,2025-03-01,Bengaluru,Bike,39.4,16,Yes,4.8
ORD5999,2025-03-10,Pune,Scooter,38.8,51,Yes,3.8
ORD6000,2025-03-12,Hyderabad,Bike,50.0,87,No,3.7
ORD6001,2025-03-13,Mumbai,Van,6.3,75,No,3.0
ORD6002,2025-03-21,Bengaluru,Van,42.0,80,No,4.5
ORD6003,2025-03-18,Chennai,Van,58.9,36,No,3.6
ORD6004,2025-03-05,Mumbai,Van,18.2,50,Yes,4.4
ORD6005,2025-03-10,Delhi,Van,20.3,12,No,3.8
ORD6006,2025-03-16,Hyderabad,Bike,50.2,86,Yes,4.2
ORD6007,2025-03-06,Mumbai,Truck,42.5,97,No,4.3
ORD6008,2025-03-10,Mumbai,Truck,16.1,56,Yes,4.3
ORD6009,2025-03-17,Mumbai,Scooter,32.8,94,Yes,3.2
ORD6010,2025-03-07,Mumbai,Truck,3.9,60,Yes,4.0
ORD6011,2025-03-05,Delhi,Scooter,27.0,115,Yes,4.9
ORD6012,2025-03-05,Mumbai,Van,16.7,77,No,3.4
ORD6013,2025-03-28,Pune,Scooter,55.4,13,No,3.1
ORD6014,2025-03-18,Pune,Bike,3.9,111,Yes,3.8
ORD6015,2025-03-12,Pune,Scooter,50.9,28,No,3.2
ORD6016,2025-03-08,Delhi,Scooter,57.8,73,Yes,3.6
ORD6017,2025-03-30,Mumbai,Truck,35.5,14,No,4.6
ORD6018,2025-03-12,Mumbai,Scooter,10.8,118,No,3.3
ORD6019,2025-03-14,Delhi,Scooter,14.8,17,Yes,4.6
ORD6020,2025-03-12,Mumbai,Truck,21.6,27,Yes,3.0
ORD6021,2025-03-11,Bengaluru,Bike,18.4,59,No,4.9
ORD6022,2025-03-01,Delhi,Bike,56.4,37,Yes,3.4
ORD6023,2025-03-02,Pune,Bike,54.3,59,No,4.6
ORD6024,2025-03-13,Hyderabad,Scooter,34.9,106,No,4.9
ORD6025,2025-03-16,Bengaluru,Truck,43.5,100,Yes,4.3
ORD6026,2025-03-03,Mumbai,Bike,5.3,88,No,3.7
ORD6027,2025-03-11,Mumbai,Van,36.4,87,No,3.7
ORD6028,2025-03-11,Hyderabad,Scooter,4.0,20,No,3.1
ORD6029,2025-03-13,Bengaluru,Scooter,9.6,49,No,4.6
ORD6030,2025-03-11,Pune,Van,20.5,99,Yes,4.5
ORD6031,2025-03-11,Delhi,Van,2.9,105,No,3.3
ORD6032,2025-03-29,Bengaluru,Scooter,30.0,53,No,3.3
ORD6033,2025-03-09,Hyderabad,Van,5.1,31,Yes,3.8
ORD6034,2025-03-15,Delhi,Bike,19.0,51,Yes,4.7
ORD6035,2025-03-08,Delhi,Scooter,50.2,20,No,4.5
ORD6036,2025-03-16,Chennai,Bike,15.0,52,No,3.1
ORD6037,2025-03-14,Mumbai,Truck,24.9,115,No,3.9
ORD6038,2025-03-27,Delhi,Truck,34.2,77,Yes,3.9
ORD6039,2025-03-10,Delhi,Van,38.0,80,No,4.1
ORD6040,2025-03-09,Chennai,Truck,56.1,52,No,4.4
ORD6041,2025-03-13,Chennai,Truck,28.1,90,Yes,4.1
ORD6042,2025-03-17,Delhi,Van,59.6,41,No,3.5
ORD6043,2025-03-17,Hyderabad,Truck,12.0,72,Yes,3.7
ORD6044,2025-03-12,Pune,Van,29.5,75,Yes,4.7
ORD6045,2025-03-29,Pune,Truck,26.3,96,Yes,3.3
ORD6046,2025-03-01,Chennai,Van,22.6,52,No,4.4
ORD6047,2025-03-13,Bengaluru,Van,37.3,107,Yes,3.9
ORD6048,2025-03-30,Hyderabad,Van,26.0,17,Yes,3.6
ORD6049,2025-03-03,Bengaluru,Van,25.6,66,No,4.2
ORD6050,2025-03-23,Bengaluru,Bike,56.5,12,No,3.7
ORD6051,2025-03-29,Hyderabad,Truck,56.8,41,No,4.4
ORD6052,2025-03-25,Delhi,Bike,5.4,35,Yes,3.1
ORD6053,2025-03-13,Mumbai,Truck,14.8,61,Yes,3.1
ORD6054,2025-03-20,Pune,Bike,43.7,83,Yes,3.2
ORD6055,2025-03-14,Bengaluru,Scooter,17.0,53,Yes,3.9
ORD6056,2025-03-08,Hyderabad,Scooter,32.7,107,Yes,3.6
ORD6057,2025-03-20,Bengaluru,Van,17.9,47,No,3.9
ORD6058,2025-03-04,Mumbai,Truck,24.2,111,Yes,3.4
ORD6059,2025-03-22,Chennai,Scooter,23.7,12,No,4.8
ORD6060,2025-03-22,Chennai,Truck,31.5,66,No,4.0
ORD6061,2025-03-30,Pune,Truck,20.2,111,No,3.5
ORD6062,2025-03-21,Pune,Van,36.1,117,No,4.2
ORD6063,2025-03-09,Chennai,Scooter,41.1,61,No,4.6
ORD6064,2025-03-11,Pune,Bike,36.0,77,No,3.2
ORD6065,2025-03-10,Bengaluru,Van,58.8,110,No,3.5
ORD6066,2025-03-03,Bengaluru,Scooter,14.5,97,No,4.7
ORD6067,2025-03-15,Hyderabad,Truck,22.9,48,Yes,4.3
ORD6068,2025-03-30,Delhi,Scooter,22.0,82,No,3.8
ORD6069,2025-03-12,Mumbai,Scooter,50.1,61,Yes,4.4
ORD6070,2025-03-30,Chennai,Van,17.8,13,Yes,4.4
ORD6071,2025-03-09,Delhi,Truck,21.4,110,Yes,3.2
ORD6072,2025-03-22,Mumbai,Scooter,43.7,37,No,3.2
ORD6073,2025-03-24,Chennai,Truck,12.9,87,Yes,4.9
ORD6074,2025-03-22,Chennai,Van,24.5,88,No,4.2
ORD6075,2025-03-21,Pune,Scooter,52.2,39,No,4.8
ORD6076,2025-03-05,Pune,Scooter,36.0,65,Yes,4.3
ORD6077,2025-03-16,Delhi,Scooter,39.7,38,No,4.1
ORD6078,2025-03-08,Pune,Van,15.7,72,Yes,3.6
ORD6079,2025-03-25,Mumbai,Van,2.3,116,No,3.7
ORD6080,2025-03-25,Hyderabad,Bike,3.3,76,No,3.3
ORD6081,2025-03-22,Pune,Bike,17.6,38,Yes,4.5
ORD6082,2025-03-23,Chennai,Truck,57.5,91,No,3.0
ORD6083,2025-03-07,Delhi,Truck,26.8,48,Yes,3.7
ORD6084,2025-03-20,Delhi,Bike,19.6,11,No,4.0
ORD6085,2025-03-12,Pune,Scooter,16.1,101,No,4.9
ORD6086,2025-03-07,Hyderabad,Scooter,59.6,112,Yes,4.9
ORD6087,2025-03-01,Hyderabad,Van,14.9,41,No,4.5
ORD6088,2025-03-28,Delhi,Van,10.1,24,Yes,4.1
ORD6089,2025-03-06,Delhi,Bike,32.3,49,No,4.8
ORD6090,2025-03-23,Pune,Scooter,20.6,72,No,3.5
ORD6091,2025-03-10,Bengaluru,Scooter,39.6,113,Yes,3.7
ORD6092,2025-03-22,Mumbai,Scooter,17.8,70,Yes,4.4
ORD6093,2025-03-21,Hyderabad,Truck,45.1,109,Yes,4.0
ORD6094,2025-03-12,Hyderabad,Van,36.1,102,No,3.1
ORD6095,2025-03-12,Hyderabad,Scooter,42.9,82,No,3.4
ORD6096,2025-03-04,Delhi,Bike,46.3,16,Yes,4.4
ORD6097,2025-03-01,Pune,Bike,12.3,79,Yes,3.3
ORD6098,2025-03-30,Chennai,Truck,23.3,115,Yes,4.9
ORD6099,2025-03-22,Mumbai,Van,13.6,65,No,4.3
ORD6100,2025-03-18,Pune,Bike,39.1,54,Yes,3.0
ORD6101,2025-03-06,Delhi,Scooter,56.4,35,Yes,3.5
ORD6102,2025-03-16,Mumbai,Truck,11.4,12,No,4.1
ORD6103,2025-03-28,Pune,Van,24.3,100,No,3.0
ORD6104,2025-03-02,Delhi,Truck,31.9,118,Yes,4.8
ORD6105,2025-03-02,Hyderabad,Van,40.0,25,No,4.3
ORD6106,2025-03-09,Chennai,Van,11.6,79,Yes,4.3
ORD6107,2025-03-12,Bengaluru,Truck,33.9,96,No,4.7
ORD6108,2025-03-08,Delhi,Scooter,11.3,20,No,3.1
ORD6109,2025-03-26,Delhi,Scooter,17.2,10,Yes,3.2
ORD6110,2025-03-12,Hyderabad,Van,22.2,65,No,4.5
ORD6111,2025-03-20,Bengaluru,Truck,39.1,31,No,4.8
ORD6112,2025-03-06,Hyderabad,Scooter,18.2,18,Yes,3.9
ORD6113,2025-03-19,Delhi,Bike,45.0,106,No,4.9
ORD6114,2025-03-23,Hyderabad,Truck,59.3,27,Yes,3.9
ORD6115,2025-03-16,Pune,Van,19.0,22,Yes,3.2
ORD6116,2025-03-29,Mumbai,Scooter,21.6,41,Yes,3.6
ORD6117,2025-03-20,Mumbai,Van,26.2,61,Yes,5.0
ORD6118,2025-03-14,Mumbai,Scooter,53.0,112,No,3.6
ORD6119,2025-03-09,Bengaluru,Van,17.8,75,No,4.3
ORD6120,2025-03-30,Pune,Bike,26.9,110,Yes,4.6
ORD6121,2025-03-05,Mumbai,Van,10.4,62,No,4.2
ORD6122,2025-03-25,Chennai,Truck,23.2,53,Yes,4.4
ORD6123,2025-03-17,Bengaluru,Truck,48.9,93,Yes,4.7
ORD6124,2025-03-25,Hyderabad,Truck,34.9,19,No,4.4
ORD6125,2025-03-11,Hyderabad,Bike,33.0,56,Yes,4.9
ORD6126,2025-03-21,Pune,Scooter,50.9,92,No,3.2
ORD6127,2025-03-17,Chennai,Truck,7.4,67,No,3.6
ORD6128,2025-03-22,Mumbai,Bike,44.1,80,No,3.5
ORD6129,2025-03-22,Hyderabad,Bike,4.1,109,Yes,3.3
ORD6130,2025-03-03,Hyderabad,Van,53.9,112,Yes,3.9
ORD6131,2025-03-21,Hyderabad,Van,13.9,111,Yes,4.6
ORD6132,2025-03-14,Bengaluru,Bike,36.6,112,Yes,4.5
ORD6133,2025-03-25,Hyderabad,Van,8.5,87,Yes,4.8
ORD6134,2025-03-25,Chennai,Truck,33.8,13,Yes,4.3
ORD6135,2025-03-12,Pune,Scooter,13.4,45,Yes,4.4
ORD6136,2025-03-21,Bengaluru,Truck,48.8,75,Yes,4.2
ORD6137,2025-03-14,Bengaluru,Scooter,19.8,20,Yes,5.0
ORD6138,2025-03-16,Hyderabad,Van,18.5,32,No,4.7
ORD6139,2025-03-02,Pune,Van,24.1,24,No,3.2
ORD6140,2025-03-25,Delhi,Van,15.0,31,No,3.6
ORD6141,2025-03-25,Chennai,Scooter,36.5,75,Yes,4.2
ORD6142,2025-03-09,Chennai,Truck,52.8,110,Yes,3.9
ORD6143,2025-03-28,Chennai,Truck,44.7,58,Yes,3.9
ORD6144,2025-03-30,Bengaluru,Scooter,47.4,14,Yes,4.0
ORD6145,2025-03-04,Bengaluru,Van,40.0,87,No,4.4
ORD6146,2025-03-20,Bengaluru,Van,19.5,12,No,3.4
ORD6147,2025-03-13,Bengaluru,Bike,57.4,112,Yes,4.1
ORD6148,2025-03-19,Bengaluru,Scooter,30.0,108,No,3.8
ORD6149,2025-03-13,Delhi,Van,47.8,33,Yes,3.3
ORD6150,2025-03-11,Chennai,Van,14.5,42,No,4.2
ORD6151,2025-03-10,Chennai,Van,27.5,86,Yes,4.3
ORD6152,2025-03-29,Hyderabad,Bike,32.2,119,Yes,3.6
ORD6153,2025-03-22,Chennai,Bike,33.6,76,No,3.5
ORD6154,2025-03-15,Pune,Bike,56.2,116,Yes,4.8
ORD6155,2025-03-24,Pune,Truck,45.6,82,No,4.4
ORD6156,2025-03-14,Pune,Van,44.1,108,No,3.9
ORD6157,2025-03-06,Delhi,Van,36.9,11,Yes,4.2
ORD6158,2025-03-14,Bengaluru,Scooter,11.8,29,No,4.2
ORD6159,2025-03-09,Delhi,Scooter,9.1,98,Yes,4.6
ORD6160,2025-03-08,Pune,Bike,13.4,100,Yes,4.1
ORD6161,2025-03-10,Bengaluru,Scooter,23.5,60,No,4.6
ORD6162,2025-03-15,Hyderabad,Scooter,56.2,58,No,3.1
ORD6163,2025-03-17,Bengaluru,Van,49.7,46,Yes,3.5
ORD6164,2025-03-19,Mumbai,Truck,8.3,91,Yes,3.8
ORD6165,2025-03-08,Mumbai,Scooter,51.2,105,Yes,3.2
ORD6166,2025-03-04,Bengaluru,Van,25.7,31,Yes,3.3
ORD6167,2025-03-11,Mumbai,Bike,39.3,44,No,4.9
ORD6168,2025-03-29,Pune,Van,12.2,91,No,4.3
ORD6169,2025-03-22,Chennai,Scooter,11.5,46,No,3.8
ORD6170,2025-03-18,Chennai,Bike,50.1,68,Yes,4.0
ORD6171,2025-03-06,Delhi,Van,28.1,107,Yes,3.4
ORD6172,2025-03-02,Chennai,Bike,47.1,20,No,3.8
ORD6173,2025-03-18,Hyderabad,Truck,46.5,14,Yes,3.6
ORD6174,2025-03-03,Hyderabad,Truck,56.8,36,No,4.6
ORD6175,2025-03-21,Pune,Van,55.1,102,No,3.6
ORD6176,2025-03-04,Delhi,Bike,39.8,106,No,3.8
ORD6177,2025-03-02,Mumbai,Scooter,37.6,101,Yes,3.8
ORD6178,2025-03-12,Hyderabad,Bike,51.4,38,Yes,3.0
ORD6179,2025-03-26,Chennai,Van,44.3,107,No,4.9
ORD6180,2025-03-02,Chennai,Van,27.2,21,Yes,3.7
ORD6181,2025-03-03,Bengaluru,Bike,17.5,89,Yes,3.3
ORD6182,2025-03-25,Delhi,Scooter,22.5,70,No,4.9
ORD6183,2025-03-18,Mumbai,Scooter,19.2,49,Yes,3.9
ORD6184,2025-03-08,Pune,Scooter,26.8,109,Yes,4.5
ORD6185,2025-03-09,Bengaluru,Van,59.2,49,No,3.2
ORD6186,2025-03-19,Pune,Bike,54.7,58,No,3.3
ORD6187,2025-03-10,Pune,Van,18.9,66,No,4.0
ORD6188,2025-03-23,Chennai,Van,14.4,34,Yes,3.1
ORD6189,2025-03-22,Delhi,Truck,4.3,59,No,4.6
ORD6190,2025-03-16,Delhi,Truck,58.7,77,Yes,4.8
ORD6191,2025-03-29,Hyderabad,Bike,35.8,62,No,3.9
ORD6192,2025-03-02,Chennai,Van,58.0,119,No,4.8
ORD6193,2025-03-10,Pune,Van,28.1,76,No,4.9
ORD6194,2025-03-07,Chennai,Truck,10.3,104,No,4.8
ORD6195,2025-03-13,Bengaluru,Scooter,59.6,100,No,4.4
ORD6196,2025-03-16,Chennai,Bike,9.4,119,Yes,5.0
ORD6197,2025-03-29,Chennai,Scooter,6.2,106,No,3.1
ORD6198,2025-03-26,Mumbai,Bike,9.8,117,No,3.1
ORD6199,2025-03-28,Delhi,Bike,45.1,75,No,3.3
ORD6200,2025-03-19,Mumbai,Scooter,9.7,18,Yes,4.1
ORD6201,2025-03-22,Pune,Van,35.1,27,Yes,3.4
ORD6202,2025-03-23,Chennai,Truck,16.1,88,Yes,5.0
ORD6203,2025-03-28,Pune,Van,24.0,92,No,4.6
ORD6204,2025-03-14,Bengaluru,Van,22.4,38,No,3.4
ORD6205,2025-03-02,Hyderabad,Van,28.9,91,Yes,4.7
ORD6206,2025-03-15,Mumbai,Bike,18.3,43,No,4.0
ORD6207,2025-03-22,Pune,Van,52.5,97,No,3.9
ORD6208,2025-03-09,Mumbai,Van,58.9,94,No,3.3
ORD6209,2025-03-05,Bengaluru,Truck,31.9,73,No,4.8
ORD6210,2025-03-15,Chennai,Scooter,30.3,84,No,4.6
ORD6211,2025-03-23,Hyderabad,Scooter,36.5,89,No,3.6
ORD6212,2025-03-22,Mumbai,Truck,7.4,99,Yes,4.5
ORD6213,2025-03-14,Bengaluru,Van,19.8,81,No,4.0
ORD6214,2025-03-29,Mumbai,Truck,45.7,62,Yes,4.4
ORD6215,2025-03-23,Chennai,Van,36.5,82,No,4.0
ORD6216,2025-03-15,Chennai,Van,50.3,62,No,4.2
ORD6217,2025-03-01,Pune,Bike,21.6,33,No,3.2
ORD6218,2025-03-19,Mumbai,Scooter,21.2,36,No,4.5
ORD6219,2025-03-06,Hyderabad,Van,28.9,108,Yes,4.8
ORD6220,2025-03-23,Pune,Truck,18.7,68,Yes,4.3
ORD6221,2025-03-19,Chennai,Truck,18.2,78,Yes,4.4
ORD6222,2025-03-10,Delhi,Van,25.2,99,No,4.3
ORD6223,2025-03-02,Hyderabad,Truck,29.2,106,Yes,3.9
ORD6224,2025-03-21,Chennai,Van,38.8,60,No,4.1
ORD6225,2025-03-09,Hyderabad,Scooter,23.3,92,No,3.5
ORD6226,2025-03-09,Delhi,Truck,44.4,104,No,4.3
ORD6227,2025-03-20,Pune,Van,46.5,55,Yes,3.7
ORD6228,2025-03-08,Mumbai,Van,54.9,58,Yes,3.8
ORD6229,2025-03-27,Delhi,Van,44.1,62,No,4.9
ORD6230,2025-03-30,Hyderabad,Truck,12.3,73,No,4.0
ORD6231,2025-03-19,Pune,Scooter,7.2,104,No,4.1
ORD6232,2025-03-26,Pune,Van,5.0,23,Yes,4.7
ORD6233,2025-03-18,Bengaluru,Bike,17.1,24,Yes,3.0
ORD6234,2025-03-11,Pune,Bike,21.6,69,No,3.1
ORD6235,2025-03-12,Pune,Van,22.3,48,Yes,3.9
ORD6236,2025-03-02,Bengaluru,Bike,2.4,109,No,4.0
ORD6237,2025-03-02,Hyderabad,Truck,11.8,58,Yes,4.0
ORD6238,2025-03-07,Pune,Scooter,5.1,62,Yes,3.8
ORD6239,2025-03-30,Bengaluru,Scooter,59.2,14,No,4.4
ORD6240,2025-03-20,Chennai,Bike,23.4,10,Yes,4.9
ORD6241,2025-03-30,Hyderabad,Van,42.2,58,Yes,4.3
ORD6242,2025-03-07,Chennai,Scooter,36.2,85,No,4.6
ORD6243,2025-03-06,Hyderabad,Scooter,46.9,103,Yes,5.0
ORD6244,2025-03-05,Delhi,Scooter,49.3,85,Yes,4.9
ORD6245,2025-03-03,Hyderabad,Van,24.9,60,No,4.9
ORD6246,2025-03-24,Hyderabad,Bike,29.2,56,No,4.9
ORD6247,2025-03-09,Mumbai,Bike,2.5,53,Yes,3.3
ORD6248,2025-03-09,Bengaluru,Bike,40.3,98,No,3.2
ORD6249,2025-03-17,Bengaluru,Bike,15.0,93,Yes,4.2
ORD6250,2025-03-08,Delhi,Van,23.6,50,No,3.8
ORD6251,2025-03-09,Delhi,Bike,32.7,96,Yes,3.5
ORD6252,2025-03-25,Delhi,Van,27.5,42,No,4.3
ORD6253,2025-03-24,Mumbai,Van,36.7,56,Yes,4.5
ORD6254,2025-03-21,Delhi,Bike,57.6,22,Yes,4.5
ORD6255,2025-03-27,Hyderabad,Truck,45.6,37,No,3.9
ORD6256,2025-03-23,Pune,Van,53.0,17,No,4.1
ORD6257,2025-03-10,Bengaluru,Bike,35.2,23,No,3.3
ORD6258,2025-03-07,Chennai,Truck,55.7,85,No,3.8
ORD6259,2025-03-25,Hyderabad,Bike,46.4,12,No,4.0
ORD6260,2025-03-15,Hyderabad,Bike,39.6,59,No,4.0
ORD6261,2025-03-20,Mumbai,Bike,14.3,13,Yes,4.9
ORD6262,2025-03-08,Mumbai,Truck,17.3,38,Yes,3.2
ORD6263,2025-03-25,Mumbai,Van,17.3,66,No,3.6
ORD6264,2025-03-21,Bengaluru,Scooter,16.4,73,No,3.9
ORD6265,2025-03-19,Pune,Bike,13.8,63,Yes,5.0
ORD6266,2025-03-04,Pune,Scooter,44.3,19,Yes,3.7
ORD6267,2025-03-01,Delhi,Bike,31.6,55,Yes,3.8
ORD6268,2025-03-21,Pune,Truck,19.5,70,Yes,3.6
ORD6269,2025-03-25,Bengaluru,Truck,43.5,65,Yes,4.0
ORD6270,2025-03-01,Bengaluru,Scooter,42.4,38,No,3.5
ORD6271,2025-03-28,Bengaluru,Truck,39.3,72,Yes,4.2
ORD6272,2025-03-13,Bengaluru,Bike,45.3,29,Yes,3.5
ORD6273,2025-03-27,Chennai,Truck,14.1,62,Yes,3.3
ORD6274,2025-03-05,Delhi,Bike,39.8,97,No,3.7
ORD6275,2025-03-19,Bengaluru,Bike,31.8,61,Yes,3.4
ORD6276,2025-03-23,Pune,Scooter,57.2,101,Yes,4.1
ORD6277,2025-03-03,Bengaluru,Scooter,19.4,111,Yes,3.5
ORD6278,2025-03-19,Bengaluru,Bike,4.0,80,No,3.2
ORD6279,2025-03-19,Bengaluru,Scooter,19.1,30,Yes,4.2
ORD6280,2025-03-29,Pune,Scooter,38.9,89,No,4.1
ORD6281,2025-03-15,Delhi,Scooter,52.4,100,Yes,4.7
ORD6282,2025-03-08,Pune,Van,9.4,95,No,4.8
ORD6283,2025-03-12,Pune,Truck,19.4,95,No,4.7
ORD6284,2025-03-11,Chennai,Scooter,59.8,26,Yes,4.7
ORD6285,2025-03-26,Pune,Bike,54.1,13,Yes,4.0
ORD6286,2025-03-27,Hyderabad,Bike,10.5,102,No,3.7
ORD6287,2025-03-07,Hyderabad,Van,14.1,80,Yes,3.1
ORD6288,2025-03-10,Delhi,Bike,22.3,96,No,4.5
ORD6289,2025-03-23,Mumbai,Van,11.0,37,Yes,4.8
ORD6290,2025-03-01,Mumbai,Scooter,56.1,28,No,3.1
ORD6291,2025-03-03,Mumbai,Truck,30.5,97,Yes,3.7
ORD6292,2025-03-18,Chennai,Truck,2.1,100,Yes,4.7
ORD6293,2025-03-11,Chennai,Bike,4.0,22,Yes,3.3
ORD6294,2025-03-21,Mumbai,Van,11.8,69,Yes,3.8
ORD6295,2025-03-07,Mumbai,Bike,54.3,17,No,4.0
ORD6296,2025-03-04,Pune,Bike,9.2,83,Yes,3.4
ORD6297,2025-03-09,Bengaluru,Truck,22.7,13,Yes,3.2
ORD6298,2025-03-28,Bengaluru,Van,14.6,104,Yes,5.0
ORD6299,2025-03-28,Mumbai,Van,49.9,25,Yes,3.5
ORD6300,2025-03-13,Chennai,Truck,54.7,17,Yes,4.6
ORD6301,2025-03-08,Chennai,Truck,49.9,99,Yes,3.4
ORD6302,2025-03-22,Mumbai,Truck,28.7,40,Yes,3.7
ORD6303,2025-03-26,Delhi,Bike,14.7,34,No,4.3
ORD6304,2025-03-01,Bengaluru,Truck,13.1,45,Yes,4.3
ORD6305,2025-03-12,Delhi,Bike,39.0,45,Yes,4.1
ORD6306,2025-03-03,Chennai,Truck,30.8,74,No,3.0
ORD6307,2025-03-30,Delhi,Bike,34.4,44,Yes,4.8
ORD6308,2025-03-02,Hyderabad,Bike,52.0,80,No,4.3
ORD6309,2025-03-17,Hyderabad,Bike,57.2,57,Yes,4.8
ORD6310,2025-03-12,Chennai,Van,54.5,55,No,4.6
ORD6311,2025-03-06,Pune,Scooter,15.9,13,No,3.2
ORD6312,2025-03-15,Chennai,Bike,26.3,80,Yes,5.0
ORD6313,2025-03-12,Delhi,Bike,34.9,60,Yes,3.5
ORD6314,2025-03-26,Mumbai,Truck,30.4,96,Yes,3.8
ORD6315,2025-03-24,Chennai,Scooter,16.8,113,No,4.7
ORD6316,2025-03-11,Bengaluru,Bike,16.5,17,Yes,3.5
ORD6317,2025-03-20,Pune,Scooter,18.2,39,Yes,4.9
ORD6318,2025-03-05,Mumbai,Bike,34.9,40,Yes,4.3
ORD6319,2025-03-21,Hyderabad,Van,34.3,23,Yes,4.9
ORD6320,2025-03-08,Mumbai,Van,44.1,13,No,3.4
ORD6321,2025-03-30,Delhi,Truck,15.9,77,Yes,4.3
ORD6322,2025-03-02,Chennai,Bike,56.0,54,No,3.2
ORD6323,2025-03-24,Bengaluru,Bike,14.3,60,No,3.5
ORD6324,2025-03-24,Delhi,Scooter,41.7,48,Yes,4.6
ORD6325,2025-03-25,Chennai,Van,37.2,75,Yes,4.9
ORD6326,2025-03-26,Pune,Truck,7.7,108,No,3.2
ORD6327,2025-03-06,Pune,Scooter,13.2,29,No,4.1
ORD6328,2025-03-23,Mumbai,Van,49.4,89,No,3.1
ORD6329,2025-03-18,Hyderabad,Scooter,56.0,26,Yes,4.0
ORD6330,2025-03-17,Chennai,Bike,27.0,57,Yes,3.6
ORD6331,2025-03-17,Chennai,Van,55.9,97,No,4.3
ORD6332,2025-03-01,Hyderabad,Truck,2.1,50,Yes,3.5
ORD6333,2025-03-19,Delhi,Bike,33.9,108,No,4.5
ORD6334,2025-03-04,Chennai,Bike,50.6,25,No,4.7
ORD6335,2025-03-02,Mumbai,Truck,36.7,59,No,4.0
ORD6336,2025-03-07,Bengaluru,Van,51.6,71,Yes,4.8
ORD6337,2025-03-21,Chennai,Truck,12.8,108,No,4.8
ORD6338,2025-03-01,Bengaluru,Van,17.2,65,No,4.3
ORD6339,2025-03-09,Hyderabad,Bike,7.4,85,Yes,4.3
ORD6340,2025-03-25,Chennai,Van,7.6,78,No,3.5
ORD6341,2025-03-07,Chennai,Bike,42.9,39,No,4.4
ORD6342,2025-03-12,Bengaluru,Scooter,7.1,18,No,3.1
ORD6343,2025-03-05,Hyderabad,Scooter,44.8,85,Yes,4.8
ORD6344,2025-03-22,Mumbai,Bike,45.4,90,No,4.8
ORD6345,2025-03-06,Chennai,Scooter,5.5,75,No,3.1
ORD6346,2025-03-08,Mumbai,Bike,8.8,57,No,4.4
ORD6347,2025-03-24,Delhi,Scooter,19.8,91,No,4.7
ORD6348,2025-03-26,Chennai,Scooter,5.7,119,Yes,4.2
ORD6349,2025-03-20,Bengaluru,Bike,49.3,105,Yes,4.6
ORD6350,2025-03-11,Hyderabad,Scooter,28.8,114,Yes,4.5
ORD6351,2025-03-06,Mumbai,Van,2.6,119,Yes,4.1
ORD6352,2025-03-06,Delhi,Van,46.3,24,Yes,3.4
ORD6353,2025-03-05,Chennai,Van,26.1,56,No,3.9
ORD6354,2025-03-29,Delhi,Scooter,27.5,66,Yes,3.2
ORD6355,2025-03-11,Mumbai,Van,51.8,68,No,3.4
ORD6356,2025-03-26,Bengaluru,Bike,28.3,82,Yes,4.7
ORD6357,2025-03-13,Bengaluru,Bike,48.4,75,Yes,4.5
ORD6358,2025-03-17,Chennai,Bike,25.3,101,Yes,4.5
ORD6359,2025-03-26,Mumbai,Van,6.6,117,No,4.5
ORD6360,2025-03-06,Chennai,Scooter,22.2,83,No,3.2
ORD6361,2025-03-14,Hyderabad,Truck,5.8,75,Yes,4.6
ORD6362,2025-03-12,Delhi,Van,14.0,13,Yes,4.0
ORD6363,2025-03-23,Chennai,Bike,46.1,58,Yes,4.4
ORD6364,2025-03-11,Delhi,Truck,15.9,73,Yes,4.3
ORD6365,2025-03-08,Hyderabad,Scooter,7.8,56,No,3.8
ORD6366,2025-03-01,Chennai,Truck,21.7,43,Yes,3.1
ORD6367,2025-03-25,Pune,Van,35.3,11,No,3.8
ORD6368,2025-03-17,Mumbai,Truck,16.8,45,No,3.9
ORD6369,2025-03-28,Bengaluru,Scooter,46.7,75,Yes,3.4
ORD6370,2025-03-24,Mumbai,Truck,59.5,107,No,3.8
ORD6371,2025-03-25,Hyderabad,Truck,39.6,78,No,3.5
ORD6372,2025-03-29,Chennai,Scooter,41.6,36,Yes,4.4
ORD6373,2025-03-25,Delhi,Van,11.3,60,No,4.1
ORD6374,2025-03-26,Hyderabad,Bike,50.1,37,No,3.9
ORD6375,2025-03-21,Chennai,Scooter,5.2,57,Yes,3.7
ORD6376,2025-03-15,Bengaluru,Van,55.0,20,No,3.5
ORD6377,2025-03-01,Bengaluru,Bike,21.0,30,Yes,3.9
ORD6378,2025-03-30,Pune,Van,16.9,48,No,4.5
ORD6379,2025-03-15,Hyderabad,Van,8.1,98,No,4.8
ORD6380,2025-03-04,Delhi,Truck,33.5,78,Yes,3.0
ORD6381,2025-03-23,Delhi,Bike,5.1,87,No,3.8
ORD6382,2025-03-16,Mumbai,Bike,30.4,100,Yes,3.6
ORD6383,2025-03-09,Bengaluru,Bike,49.2,117,No,5.0
ORD6384,2025-03-04,Hyderabad,Scooter,46.0,71,Yes,3.2
ORD6385,2025-03-05,Chennai,Van,7.8,47,No,3.2
ORD6386,2025-03-21,Delhi,Van,30.0,60,Yes,4.8
ORD6387,2025-03-15,Bengaluru,Truck,52.7,84,Yes,4.7
ORD6388,2025-03-29,Pune,Scooter,42.5,53,Yes,5.0
ORD6389,2025-03-05,Bengaluru,Truck,5.4,38,No,4.8
ORD6390,2025-03-28,Hyderabad,Scooter,13.2,53,No,4.7
ORD6391,2025-03-18,Mumbai,Van,55.6,20,Yes,4.9
ORD6392,2025-03-28,Pune,Truck,40.5,97,No,4.5
ORD6393,2025-03-20,Pune,Truck,47.3,72,No,3.2
ORD6394,2025-03-25,Pune,Truck,33.9,110,Yes,3.7
ORD6395,2025-03-25,Delhi,Van,8.3,17,No,4.2
ORD6396,2025-03-04,Delhi,Van,30.2,91,No,3.3
ORD6397,2025-03-19,Pune,Scooter,32.7,62,Yes,3.1
ORD6398,2025-03-02,Bengaluru,Van,27.8,74,No,4.0
ORD6399,2025-03-13,Mumbai,Bike,58.8,10,Yes,4.6
ORD6400,2025-03-21,Mumbai,Truck,18.7,84,Yes,3.7
ORD6401,2025-03-08,Pune,Truck,16.7,37,No,3.1
ORD6402,2025-03-23,Mumbai,Van,27.9,11,Yes,4.3
ORD6403,2025-03-13,Mumbai,Van,32.1,85,No,5.0
ORD6404,2025-03-25,Pune,Scooter,20.6,104,No,3.0
ORD6405,2025-03-16,Pune,Truck,59.4,48,No,3.2
ORD6406,2025-03-01,Chennai,Truck,8.7,58,No,3.8
ORD6407,2025-03-02,Mumbai,Scooter,58.9,76,Yes,4.1
ORD6408,2025-03-14,Hyderabad,Truck,55.2,41,Yes,5.0
ORD6409,2025-03-02,Mumbai,Scooter,56.1,72,No,4.4
ORD6410,2025-03-04,Chennai,Van,24.2,24,Yes,4.9
ORD6411,2025-03-08,Delhi,Bike,37.2,85,No,3.4
ORD6412,2025-03-25,Pune,Truck,35.7,69,Yes,3.9
ORD6413,2025-03-05,Bengaluru,Truck,37.0,95,No,3.1
ORD6414,2025-03-07,Mumbai,Scooter,5.5,64,No,3.4
ORD6415,2025-03-28,Mumbai,Bike,49.2,81,Yes,4.3
ORD6416,2025-03-27,Delhi,Van,23.3,86,Yes,5.0
ORD6417,2025-03-03,Bengaluru,Bike,55.1,58,Yes,3.7
ORD6418,2025-03-14,Chennai,Van,12.7,53,Yes,3.0
ORD6419,2025-03-07,Chennai,Bike,35.5,15,No,4.4
ORD6420,2025-03-16,Mumbai,Van,36.7,71,No,4.0
ORD6421,2025-03-26,Delhi,Scooter,3.6,75,No,4.9
ORD6422,2025-03-17,Chennai,Scooter,13.1,43,Yes,4.4
ORD6423,2025-03-17,Bengaluru,Scooter,29.9,111,No,4.3
ORD6424,2025-03-19,Mumbai,Bike,36.6,74,Yes,3.6
ORD6425,2025-03-10,Pune,Van,7.1,54,No,4.6
ORD6426,2025-03-26,Chennai,Truck,19.9,57,Yes,3.5
ORD6427,2025-03-01,Hyderabad,Bike,33.4,75,Yes,5.0
ORD6428,2025-03-16,Pune,Scooter,41.4,28,Yes,4.8
ORD6429,2025-03-22,Mumbai,Bike,50.5,101,No,4.2
ORD6430,2025-03-17,Mumbai,Scooter,46.1,18,Yes,3.1
ORD6431,2025-03-11,Mumbai,Van,47.4,55,Yes,4.0
ORD6432,2025-03-30,Delhi,Van,18.3,88,No,4.4
ORD6433,2025-03-05,Mumbai,Truck,20.7,34,Yes,4.6
ORD6434,2025-03-08,Chennai,Bike,38.5,28,No,3.1
ORD6435,2025-03-24,Hyderabad,Bike,12.1,19,No,3.5
ORD6436,2025-03-18,Pune,Scooter,54.7,69,No,4.3
ORD6437,2025-03-09,Hyderabad,Bike,44.0,35,Yes,3.4
ORD6438,2025-03-07,Delhi,Bike,5.4,72,Yes,4.7
ORD6439,2025-03-14,Chennai,Van,45.6,35,No,3.3
ORD6440,2025-03-06,Delhi,Bike,32.3,49,Yes,3.3
ORD6441,2025-03-18,Delhi,Truck,56.5,34,No,4.4
ORD6442,2025-03-06,Mumbai,Scooter,31.3,114,Yes,3.7
ORD6443,2025-03-05,Bengaluru,Van,35.4,54,Yes,3.0
ORD6444,2025-03-03,Pune,Bike,50.7,11,Yes,3.9
ORD6445,2025-03-23,Delhi,Scooter,55.3,16,Yes,3.8
ORD6446,2025-03-29,Delhi,Scooter,53.7,56,No,4.8
ORD6447,2025-03-27,Hyderabad,Scooter,34.7,53,No,4.3
ORD6448,2025-03-18,Bengaluru,Bike,38.3,45,Yes,3.3
ORD6449,2025-03-28,Bengaluru,Truck,2.1,104,Yes,3.6
ORD6450,2025-03-02,Hyderabad,Van,35.2,78,No,4.1
ORD6451,2025-03-28,Pune,Van,12.7,118,Yes,3.8
ORD6452,2025-03-08,Hyderabad,Van,35.7,91,No,3.2
ORD6453,2025-03-14,Delhi,Scooter,59.4,18,Yes,3.2
ORD6454,2025-03-26,Bengaluru,Van,22.1,50,Yes,4.4
ORD6455,2025-03-06,Delhi,Bike,44.2,77,No,3.6
ORD6456,2025-03-05,Mumbai,Scooter,29.9,112,Yes,4.1
ORD6457,2025-03-27,Chennai,Bike,41.8,113,No,3.2
ORD6458,2025-03-18,Mumbai,Bike,50.6,11,Yes,4.0
ORD6459,2025-03-16,Pune,Scooter,43.5,10,No,3.7
ORD6460,2025-03-22,Hyderabad,Bike,18.4,102,No,3.2
ORD6461,2025-03-08,Delhi,Scooter,51.5,57,No,3.1
ORD6462,2025-03-09,Hyderabad,Van,58.8,44,No,4.5
ORD6463,2025-03-19,Mumbai,Bike,54.8,27,No,4.9
ORD6464,2025-03-21,Mumbai,Truck,36.6,76,Yes,3.8
ORD6465,2025-03-26,Pune,Truck,53.2,36,Yes,3.6
ORD6466,2025-03-08,Bengaluru,Truck,11.1,46,No,3.7
ORD6467,2025-03-30,Bengaluru,Scooter,13.4,33,Yes,4.5
ORD6468,2025-03-03,Mumbai,Scooter,16.9,74,No,3.8
ORD6469,2025-03-09,Pune,Scooter,46.8,104,No,5.0
ORD6470,2025-03-19,Mumbai,Truck,16.0,75,Yes,3.8
ORD6471,2025-03-18,Chennai,Scooter,43.8,78,Yes,3.9
ORD6472,2025-03-09,Pune,Truck,50.5,96,Yes,3.7
ORD6473,2025-03-08,Hyderabad,Scooter,13.7,101,Yes,3.5
ORD6474,2025-03-02,Chennai,Scooter,33.9,16,Yes,4.7
ORD6475,2025-03-04,Bengaluru,Scooter,50.6,98,No,4.2
ORD6476,2025-03-27,Bengaluru,Van,6.4,95,No,4.4
ORD6477,2025-03-22,Chennai,Bike,36.4,52,Yes,3.2
ORD6478,2025-03-16,Bengaluru,Truck,13.3,117,No,4.8
ORD6479,2025-03-25,Chennai,Van,53.5,65,No,3.2
ORD6480,2025-03-18,Delhi,Van,52.9,14,Yes,3.9
ORD6481,2025-03-20,Mumbai,Truck,37.1,45,No,4.1
ORD6482,2025-03-26,Hyderabad,Truck,23.0,49,Yes,3.4
ORD6483,2025-03-02,Hyderabad,Bike,47.2,109,Yes,3.1
ORD6484,2025-03-11,Hyderabad,Bike,18.2,11,Yes,3.9
ORD6485,2025-03-19,Bengaluru,Scooter,49.4,116,No,3.2
ORD6486,2025-03-08,Bengaluru,Scooter,13.6,50,No,3.4
ORD6487,2025-03-12,Pune,Van,9.4,33,Yes,3.8
ORD6488,2025-03-06,Delhi,Bike,41.9,51,No,4.0
ORD6489,2025-03-27,Delhi,Van,43.6,13,No,3.4
ORD6490,2025-03-09,Bengaluru,Truck,19.2,38,Yes,3.7
ORD6491,2025-03-06,Mumbai,Bike,15.7,12,No,3.1
ORD6492,2025-03-20,Bengaluru,Van,55.8,57,No,4.4
ORD6493,2025-03-03,Chennai,Scooter,5.2,99,Yes,4.7
ORD6494,2025-03-22,Bengaluru,Truck,36.3,97,Yes,3.4
ORD6495,2025-03-05,Mumbai,Truck,48.6,109,Yes,3.8
ORD6496,2025-03-25,Pune,Truck,57.5,98,Yes,5.0
ORD6497,2025-03-02,Bengaluru,Van,45.1,56,Yes,3.2
ORD6498,2025-03-01,Bengaluru,Bike,49.0,103,No,3.2
ORD6499,2025-03-25,Bengaluru,Van,55.8,66,Yes,4.8
ORD6500,2025-03-14,Delhi,Bike,27.8,115,No,3.4
ORD6501,2025-03-16,Bengaluru,Van,5.9,72,Yes,4.4
ORD6502,2025-03-25,Pune,Truck,16.3,47,No,3.6
ORD6503,2025-03-05,Chennai,Truck,59.7,73,No,3.9
ORD6504,2025-03-01,Chennai,Truck,12.9,23,No,4.4
ORD6505,2025-03-05,Pune,Bike,16.1,30,No,4.5
ORD6506,2025-03-29,Hyderabad,Bike,25.4,28,Yes,4.7
ORD6507,2025-03-19,Delhi,Van,52.7,47,Yes,3.3
ORD6508,2025-03-24,Mumbai,Truck,48.1,16,No,3.2
ORD6509,2025-03-21,Chennai,Truck,36.3,97,No,4.5
ORD6510,2025-03-05,Delhi,Truck,31.1,20,No,4.7
ORD6511,2025-03-06,Mumbai,Truck,41.9,68,No,4.0
ORD6512,2025-03-30,Chennai,Scooter,11.9,110,Yes,3.6
ORD6513,2025-03-15,Mumbai,Van,36.0,75,Yes,4.5
ORD6514,2025-03-23,Delhi,Truck,31.0,54,Yes,4.3
ORD6515,2025-03-16,Hyderabad,Bike,35.5,114,No,4.6
ORD6516,2025-03-20,Pune,Bike,48.7,93,Yes,3.9
ORD6517,2025-03-13,Pune,Bike,39.7,25,No,4.9
ORD6518,2025-03-30,Hyderabad,Scooter,55.1,85,Yes,4.2
ORD6519,2025-03-08,Pune,Scooter,36.9,83,No,3.0
ORD6520,2025-03-01,Delhi,Bike,17.1,118,Yes,3.3
ORD6521,2025-03-26,Pune,Truck,24.9,91,No,4.7
ORD6522,2025-03-21,Delhi,Truck,23.2,52,No,4.7
ORD6523,2025-03-21,Hyderabad,Bike,42.5,51,No,4.7
ORD6524,2025-03-27,Bengaluru,Bike,40.6,35,Yes,4.1
ORD6525,2025-03-06,Bengaluru,Bike,17.9,78,No,3.7
ORD6526,2025-03-11,Bengaluru,Van,55.8,89,No,4.3
ORD6527,2025-03-25,Mumbai,Bike,4.7,12,No,4.3
ORD6528,2025-03-12,Bengaluru,Scooter,52.7,99,Yes,4.8
ORD6529,2025-03-22,Pune,Bike,25.6,17,No,4.9
ORD6530,2025-03-29,Hyderabad,Van,57.2,73,Yes,3.2
ORD6531,2025-03-07,Bengaluru,Van,53.5,116,No,4.9
ORD6532,2025-03-02,Chennai,Truck,36.2,27,Yes,4.3
ORD6533,2025-03-21,Hyderabad,Scooter,8.0,20,Yes,4.4
ORD6534,2025-03-14,Hyderabad,Truck,43.8,45,Yes,3.3
ORD6535,2025-03-16,Bengaluru,Van,43.5,47,Yes,3.2
ORD6536,2025-03-16,Pune,Scooter,38.9,97,No,3.5
ORD6537,2025-03-12,Hyderabad,Scooter,17.1,51,No,4.5
ORD6538,2025-03-22,Chennai,Van,40.4,103,No,3.6
ORD6539,2025-03-04,Mumbai,Bike,12.8,57,Yes,3.3
ORD6540,2025-03-30,Delhi,Van,44.6,56,Yes,4.3
ORD6541,2025-03-10,Delhi,Truck,36.0,47,Yes,4.8
ORD6542,2025-03-23,Chennai,Van,2.2,51,No,3.2
ORD6543,2025-03-25,Chennai,Bike,33.7,49,Yes,4.2
ORD6544,2025-03-24,Pune,Truck,18.3,48,No,4.8
ORD6545,2025-03-05,Delhi,Van,33.8,90,No,4.8
ORD6546,2025-03-29,Delhi,Truck,37.9,62,Yes,3.9
ORD6547,2025-03-27,Pune,Scooter,38.8,103,Yes,3.4
ORD6548,2025-03-24,Hyderabad,Van,5.8,28,No,3.6
ORD6549,2025-03-25,Pune,Truck,15.3,117,No,4.7
ORD6550,2025-03-18,Delhi,Scooter,48.2,58,Yes,4.8
ORD6551,2025-03-21,Pune,Bike,6.9,97,No,3.8
ORD6552,2025-03-06,Mumbai,Scooter,51.1,15,No,4.2
ORD6553,2025-03-22,Hyderabad,Scooter,44.5,69,Yes,3.4
ORD6554,2025-03-30,Bengaluru,Van,6.0,64,Yes,3.8
ORD6555,2025-03-15,Delhi,Truck,30.0,53,Yes,3.7
ORD6556,2025-03-20,Chennai,Truck,13.9,119,Yes,3.4
ORD6557,2025-03-09,Pune,Truck,11.2,22,Yes,3.0
ORD6558,2025-03-04,Mumbai,Truck,30.8,37,Yes,4.5
ORD6559,2025-03-06,Hyderabad,Bike,16.4,25,No,3.5
ORD6560,2025-03-04,Mumbai,Truck,56.5,37,Yes,3.3
ORD6561,2025-03-21,Bengaluru,Van,21.6,119,No,4.2
ORD6562,2025-03-07,Hyderabad,Truck,9.3,26,No,4.6
ORD6563,2025-03-02,Delhi,Truck,17.5,68,Yes,4.2
ORD6564,2025-03-26,Bengaluru,Van,14.9,59,Yes,4.6
ORD6565,2025-03-10,Chennai,Truck,47.4,112,Yes,4.1
ORD6566,2025-03-13,Mumbai,Truck,14.3,68,No,4.3
ORD6567,2025-03-24,Mumbai,Scooter,12.5,41,Yes,4.6
ORD6568,2025-03-23,Pune,Truck,32.3,60,Yes,4.1
ORD6569,2025-03-06,Mumbai,Van,30.2,14,Yes,4.6
ORD6570,2025-03-03,Hyderabad,Van,19.5,34,No,4.7
ORD6571,2025-03-26,Mumbai,Scooter,10.7,34,No,3.7
ORD6572,2025-03-28,Mumbai,Van,53.5,86,Yes,4.4
ORD6573,2025-03-15,Delhi,Van,22.1,64,Yes,3.3
ORD6574,2025-03-20,Delhi,Van,35.2,43,No,4.6
ORD6575,2025-03-06,Delhi,Van,14.4,11,Yes,4.3
ORD6576,2025-03-27,Delhi,Bike,17.9,86,No,3.2
ORD6577,2025-03-25,Delhi,Scooter,30.1,77,Yes,3.0
ORD6578,2025-03-29,Bengaluru,Bike,24.5,99,No,3.3
ORD6579,2025-03-29,Pune,Scooter,23.9,57,No,3.5
ORD6580,2025-03-04,Bengaluru,Van,34.6,28,No,3.8
ORD6581,2025-03-16,Mumbai,Scooter,43.1,62,Yes,4.3
ORD6582,2025-03-02,Delhi,Bike,3.5,29,Yes,3.6
ORD6583,2025-03-26,Mumbai,Scooter,6.8,101,No,3.6
ORD6584,2025-03-23,Bengaluru,Scooter,23.4,91,Yes,4.9
ORD6585,2025-03-11,Mumbai,Scooter,16.5,105,No,3.1
ORD6586,2025-03-08,Pune,Truck,53.7,37,No,3.2
ORD6587,2025-03-09,Chennai,Truck,53.6,30,Yes,3.6
ORD6588,2025-03-18,Hyderabad,Truck,59.4,40,Yes,3.6
ORD6589,2025-03-26,Bengaluru,Truck,23.1,55,Yes,3.7
ORD6590,2025-03-08,Bengaluru,Bike,49.7,92,No,4.9
ORD6591,2025-03-20,Chennai,Scooter,39.9,19,Yes,4.0
ORD6592,2025-03-30,Hyderabad,Bike,25.6,91,No,3.4
ORD6593,2025-03-08,Delhi,Truck,3.2,98,No,3.1
ORD6594,2025-03-10,Hyderabad,Truck,21.0,106,Yes,4.6
ORD6595,2025-03-21,Chennai,Bike,26.1,69,No,3.4
ORD6596,2025-03-02,Hyderabad,Scooter,5.6,25,No,3.6
ORD6597,2025-03-18,Chennai,Van,8.6,96,No,3.1
ORD6598,2025-03-25,Pune,Van,10.9,22,Yes,4.0
ORD6599,2025-03-29,Chennai,Scooter,2.1,48,Yes,4.3
ORD6600,2025-03-11,Delhi,Bike,22.9,119,No,3.8
ORD6601,2025-03-13,Delhi,Van,34.0,107,No,4.0
ORD6602,2025-03-16,Hyderabad,Truck,37.7,17,Yes,4.3
ORD6603,2025-03-03,Delhi,Bike,18.1,13,Yes,3.6
ORD6604,2025-03-01,Bengaluru,Scooter,49.1,93,Yes,4.7
ORD6605,2025-03-25,Hyderabad,Bike,46.9,58,No,4.9
ORD6606,2025-03-22,Mumbai,Truck,42.2,86,No,4.1
ORD6607,2025-03-06,Hyderabad,Bike,40.3,47,No,4.9
ORD6608,2025-03-20,Bengaluru,Scooter,18.9,67,Yes,4.9
ORD6609,2025-03-01,Mumbai,Scooter,9.2,117,No,4.4
ORD6610,2025-03-18,Hyderabad,Truck,11.3,99,No,4.7
ORD6611,2025-03-24,Chennai,Bike,5.1,66,Yes,3.9
ORD6612,2025-03-15,Chennai,Truck,19.2,67,Yes,4.6
ORD6613,2025-03-21,Pune,Van,4.0,22,No,3.2
ORD6614,2025-03-27,Mumbai,Bike,32.8,66,Yes,4.1
ORD6615,2025-03-05,Pune,Van,28.2,63,Yes,3.1
ORD6616,2025-03-05,Mumbai,Truck,7.6,31,Yes,3.5
ORD6617,2025-03-13,Delhi,Van,5.9,61,No,3.2
ORD6618,2025-03-13,Hyderabad,Van,48.6,13,Yes,3.2
ORD6619,2025-03-05,Bengaluru,Van,22.5,103,No,3.8
ORD6620,2025-03-16,Mumbai,Bike,53.5,89,No,3.7
ORD6621,2025-03-06,Mumbai,Scooter,3.3,83,No,3.7
ORD6622,2025-03-23,Delhi,Truck,21.9,98,Yes,3.3
ORD6623,2025-03-25,Hyderabad,Van,25.9,65,No,4.7
ORD6624,2025-03-14,Delhi,Bike,55.6,12,No,3.3
ORD6625,2025-03-21,Mumbai,Scooter,4.2,119,No,4.8
ORD6626,2025-03-21,Chennai,Truck,11.7,93,Yes,3.2
ORD6627,2025-03-27,Mumbai,Bike,37.6,33,No,3.8
ORD6628,2025-03-29,Pune,Scooter,23.4,31,No,4.7
ORD6629,2025-03-08,Delhi,Truck,6.5,69,Yes,3.6
ORD6630,2025-03-15,Pune,Truck,48.5,100,No,3.4
ORD6631,2025-03-24,Pune,Scooter,17.7,116,Yes,3.2
ORD6632,2025-03-21,Bengaluru,Van,41.5,59,Yes,3.2
ORD6633,2025-03-06,Hyderabad,Truck,31.9,96,Yes,3.5
ORD6634,2025-03-08,Pune,Truck,10.6,116,No,3.5
ORD6635,2025-03-05,Delhi,Bike,18.5,109,No,4.4
ORD6636,2025-03-16,Bengaluru,Van,16.6,85,No,4.4
ORD6637,2025-03-10,Chennai,Van,32.4,12,Yes,4.3
ORD6638,2025-03-06,Bengaluru,Truck,46.9,59,No,4.0
ORD6639,2025-03-26,Bengaluru,Truck,35.8,118,Yes,3.7
ORD6640,2025-03-02,Hyderabad,Bike,33.3,94,Yes,4.0
ORD6641,2025-03-21,Pune,Truck,57.5,21,Yes,3.4
ORD6642,2025-03-01,Pune,Van,27.1,61,Yes,4.4
ORD6643,2025-03-02,Hyderabad,Scooter,54.6,117,Yes,4.2
ORD6644,2025-03-20,Bengaluru,Van,15.3,47,No,4.0
ORD6645,2025-03-10,Delhi,Truck,11.0,21,Yes,4.6
ORD6646,2025-03-03,Mumbai,Van,46.4,37,Yes,4.8
ORD6647,2025-03-17,Mumbai,Truck,11.4,74,No,3.7
ORD6648,2025-03-24,Delhi,Bike,30.0,45,No,4.3
ORD6649,2025-03-30,Chennai,Truck,2.8,74,No,3.7
ORD6650,2025-03-27,Delhi,Scooter,21.3,54,No,4.9
ORD6651,2025-03-19,Mumbai,Truck,25.9,109,No,3.0
ORD6652,2025-03-26,Hyderabad,Truck,22.4,36,No,4.0
ORD6653,2025-03-27,Hyderabad,Scooter,11.8,117,No,3.1
ORD6654,2025-03-11,Hyderabad,Van,57.3,106,Yes,3.5
ORD6655,2025-03-17,Hyderabad,Truck,35.5,118,Yes,4.9
ORD6656,2025-03-18,Hyderabad,Truck,47.2,87,No,4.7
ORD6657,2025-03-09,Pune,Bike,58.4,82,Yes,3.0
ORD6658,2025-03-29,Bengaluru,Van,38.3,61,Yes,4.1
ORD6659,2025-03-18,Chennai,Van,46.8,61,No,4.2
ORD6660,2025-03-27,Hyderabad,Scooter,38.4,69,Yes,3.7
ORD6661,2025-03-30,Chennai,Scooter,54.6,26,No,4.0
ORD6662,2025-03-18,Chennai,Scooter,21.7,72,Yes,3.3
ORD6663,2025-03-06,Bengaluru,Truck,56.0,17,Yes,4.5
ORD6664,2025-03-10,Chennai,Bike,16.8,73,No,3.3
ORD6665,2025-03-07,Delhi,Truck,32.4,61,Yes,3.3
ORD6666,2025-03-13,Mumbai,Bike,22.3,82,Yes,4.3
ORD6667,2025-03-07,Hyderabad,Van,47.4,10,Yes,4.2
ORD6668,2025-03-16,Hyderabad,Scooter,9.4,24,Yes,4.9
ORD6669,2025-03-25,Hyderabad,Scooter,49.7,67,No,4.6
ORD6670,2025-03-02,Bengaluru,Scooter,33.2,18,No,4.4
ORD6671,2025-03-15,Mumbai,Scooter,56.9,52,Yes,4.8
ORD6672,2025-03-06,Hyderabad,Scooter,28.5,101,No,3.3
ORD6673,2025-03-10,Mumbai,Scooter,19.8,113,Yes,3.0
ORD6674,2025-03-06,Delhi,Bike,55.1,30,Yes,3.4
ORD6675,2025-03-07,Delhi,Van,36.3,44,Yes,3.3
ORD6676,2025-03-12,Hyderabad,Bike,9.3,34,No,4.9
ORD6677,2025-03-26,Hyderabad,Bike,34.4,12,Yes,4.9
ORD6678,2025-03-17,Delhi,Scooter,17.6,75,No,3.7
ORD6679,2025-03-20,Pune,Scooter,44.5,33,Yes,3.9
ORD6680,2025-03-30,Delhi,Scooter,34.4,105,Yes,4.0
ORD6681,2025-03-27,Mumbai,Bike,9.0,52,Yes,4.2
ORD6682,2025-03-24,Pune,Truck,27.4,38,No,3.9
ORD6683,2025-03-19,Delhi,Van,42.2,50,No,5.0
ORD6684,2025-03-26,Hyderabad,Bike,9.5,97,Yes,3.7
ORD6685,2025-03-17,Pune,Van,36.8,43,No,3.5
ORD6686,2025-03-10,Pune,Truck,3.4,100,No,4.6
ORD6687,2025-03-11,Delhi,Van,31.7,86,No,4.7
ORD6688,2025-03-10,Mumbai,Bike,2.4,89,No,3.3
ORD6689,2025-03-10,Chennai,Truck,22.6,30,Yes,3.3
ORD6690,2025-03-08,Chennai,Truck,23.7,56,No,4.2
ORD6691,2025-03-27,Mumbai,Bike,27.9,105,No,4.9
ORD6692,2025-03-24,Mumbai,Scooter,52.8,72,Yes,4.1
ORD6693,2025-03-23,Hyderabad,Truck,11.2,21,No,4.2
ORD6694,2025-03-11,Delhi,Truck,35.3,109,No,3.0
ORD6695,2025-03-12,Delhi,Scooter,18.5,46,No,3.5
ORD6696,2025-03-08,Delhi,Truck,54.6,86,Yes,5.0
ORD6697,2025-03-28,Delhi,Truck,4.9,35,No,3.4
ORD6698,2025-03-01,Hyderabad,Truck,11.3,30,Yes,4.8
ORD6699,2025-03-30,Delhi,Truck,44.4,24,No,4.7
ORD6700,2025-03-23,Hyderabad,Truck,50.0,57,No,4.2
ORD6701,2025-03-30,Mumbai,Van,39.9,39,No,3.7
ORD6702,2025-03-01,Mumbai,Bike,58.5,88,Yes,4.0
ORD6703,2025-03-03,Pune,Van,30.5,105,No,4.8
ORD6704,2025-03-23,Chennai,Truck,21.5,85,No,3.6
ORD6705,2025-03-16,Pune,Truck,5.5,35,Yes,3.2
ORD6706,2025-03-09,Mumbai,Truck,39.5,101,No,4.8
ORD6707,2025-03-16,Chennai,Scooter,34.0,81,Yes,3.6
ORD6708,2025-03-25,Pune,Bike,15.6,86,No,5.0
ORD6709,2025-03-23,Bengaluru,Bike,46.0,10,No,4.5
ORD6710,2025-03-20,Bengaluru,Scooter,10.0,103,No,4.6
ORD6711,2025-03-15,Bengaluru,Bike,13.4,31,Yes,3.8
ORD6712,2025-03-03,Bengaluru,Truck,13.8,16,Yes,4.6
ORD6713,2025-03-04,Delhi,Truck,35.7,64,No,3.4
ORD6714,2025-03-02,Mumbai,Scooter,4.0,42,No,3.7
ORD6715,2025-03-11,Delhi,Truck,27.2,57,Yes,4.8
ORD6716,2025-03-05,Pune,Van,58.3,97,No,3.2
ORD6717,2025-03-01,Hyderabad,Van,46.7,80,Yes,3.1
ORD6718,2025-03-25,Delhi,Van,48.0,108,Yes,3.4
ORD6719,2025-03-19,Bengaluru,Van,53.5,94,No,3.8
ORD6720,2025-03-07,Bengaluru,Bike,25.9,13,No,4.2
ORD6721,2025-03-24,Delhi,Van,18.2,43,No,3.8
ORD6722,2025-03-13,Chennai,Van,57.7,76,No,4.8
ORD6723,2025-03-30,Delhi,Scooter,39.6,51,Yes,3.6
ORD6724,2025-03-16,Mumbai,Van,10.9,79,Yes,5.0
ORD6725,2025-03-27,Hyderabad,Scooter,59.3,78,Yes,3.3
ORD6726,2025-03-24,Pune,Truck,41.0,37,No,4.9
ORD6727,2025-03-25,Mumbai,Scooter,47.6,22,Yes,4.6
ORD6728,2025-03-30,Pune,Scooter,16.5,91,Yes,4.9
ORD6729,2025-03-17,Pune,Truck,30.9,33,Yes,4.2
ORD6730,2025-03-19,Hyderabad,Scooter,10.2,84,Yes,3.3
ORD6731,2025-03-14,Hyderabad,Van,23.7,65,Yes,3.0
ORD6732,2025-03-02,Chennai,Scooter,33.8,91,No,4.7
ORD6733,2025-03-23,Hyderabad,Bike,26.5,96,No,3.2
ORD6734,2025-03-04,Delhi,Bike,6.0,46,Yes,4.9
ORD6735,2025-03-27,Hyderabad,Bike,44.0,116,Yes,3.1
ORD6736,2025-03-07,Mumbai,Truck,47.1,42,Yes,3.8
ORD6737,2025-03-08,Mumbai,Truck,25.5,31,Yes,4.0
ORD6738,2025-03-26,Bengaluru,Van,15.9,98,Yes,3.6
ORD6739,2025-03-21,Mumbai,Scooter,41.5,46,Yes,4.5
ORD6740,2025-03-17,Chennai,Bike,35.1,11,Yes,4.4
ORD6741,2025-03-25,Delhi,Truck,40.0,31,Yes,3.8
ORD6742,2025-03-03,Mumbai,Bike,23.8,88,No,3.1
ORD6743,2025-03-29,Pune,Bike,38.2,58,Yes,4.4
ORD6744,2025-03-11,Chennai,Scooter,25.5,118,Yes,3.8
ORD6745,2025-03-20,Hyderabad,Scooter,33.3,13,No,3.9
ORD6746,2025-03-03,Hyderabad,Truck,18.1,29,Yes,3.9
ORD6747,2025-03-25,Bengaluru,Bike,25.4,59,No,4.6
ORD6748,2025-03-01,Hyderabad,Bike,18.3,24,Yes,4.0
ORD6749,2025-03-07,Delhi,Van,39.5,52,No,4.2
ORD6750,2025-03-14,Pune,Van,11.4,68,No,3.2
ORD6751,2025-03-07,Mumbai,Van,35.8,112,Yes,4.1
ORD6752,2025-03-26,Chennai,Truck,35.7,24,No,3.2
ORD6753,2025-03-28,Bengaluru,Van,49.5,47,No,3.0
ORD6754,2025-03-16,Hyderabad,Bike,45.5,81,Yes,4.2
ORD6755,2025-03-06,Pune,Bike,3.5,72,No,3.7
ORD6756,2025-03-14,Chennai,Truck,37.0,63,Yes,3.0
ORD6757,2025-03-30,Hyderabad,Van,6.6,95,No,4.5
ORD6758,2025-03-10,Mumbai,Truck,6.3,46,Yes,3.5
ORD6759,2025-03-24,Bengaluru,Scooter,50.7,72,No,3.3
ORD6760,2025-03-20,Bengaluru,Bike,17.1,16,No,3.4
ORD6761,2025-03-23,Pune,Van,44.8,48,No,5.0
ORD6762,2025-03-25,Hyderabad,Van,59.1,28,Yes,4.9
ORD6763,2025-03-14,Chennai,Truck,59.3,83,No,3.6
ORD6764,2025-03-22,Pune,Bike,42.6,111,No,4.1
ORD6765,2025-03-14,Bengaluru,Van,34.7,112,No,4.4
ORD6766,2025-03-03,Mumbai,Scooter,49.0,69,Yes,3.2
ORD6767,2025-03-25,Hyderabad,Bike,12.7,99,Yes,4.3
ORD6768,2025-03-10,Chennai,Bike,59.4,65,No,3.1
ORD6769,2025-03-02,Bengaluru,Truck,13.7,81,No,4.0
ORD6770,2025-03-27,Chennai,Van,42.5,100,Yes,5.0
ORD6771,2025-03-14,Hyderabad,Van,6.2,97,No,5.0
ORD6772,2025-03-21,Hyderabad,Scooter,10.7,29,No,4.9
ORD6773,2025-03-01,Hyderabad,Scooter,13.8,93,No,3.5
ORD6774,2025-03-26,Pune,Van,27.1,15,Yes,4.5
ORD6775,2025-03-29,Pune,Van,14.2,65,Yes,3.3
ORD6776,2025-03-15,Mumbai,Bike,45.3,62,No,4.2
ORD6777,2025-03-05,Mumbai,Bike,19.8,69,No,3.3
ORD6778,2025-03-08,Bengaluru,Bike,22.9,48,Yes,4.7
ORD6779,2025-03-17,Pune,Bike,40.1,53,No,4.9
ORD6780,2025-03-10,Bengaluru,Van,3.8,35,Yes,3.9
ORD6781,2025-03-13,Chennai,Scooter,56.8,112,No,4.7
ORD6782,2025-03-18,Delhi,Bike,23.8,63,No,4.5
ORD6783,2025-03-05,Bengaluru,Van,15.4,12,Yes,4.6
ORD6784,2025-03-17,Mumbai,Van,47.6,29,No,3.2
ORD6785,2025-03-17,Pune,Bike,22.6,57,No,3.8
ORD6786,2025-03-26,Mumbai,Bike,22.6,20,Yes,3.8
ORD6787,2025-03-17,Delhi,Bike,18.9,74,Yes,3.9
ORD6788,2025-03-04,Delhi,Bike,7.7,101,No,3.0
ORD6789,2025-03-09,Delhi,Truck,43.5,76,No,3.3
ORD6790,2025-03-23,Mumbai,Scooter,37.4,63,No,4.5
ORD6791,2025-03-03,Chennai,Bike,59.2,30,No,3.9
ORD6792,2025-03-01,Mumbai,Van,38.3,80,Yes,3.7
ORD6793,2025-03-26,Chennai,Van,3.8,54,Yes,3.9
ORD6794,2025-03-07,Bengaluru,Bike,29.5,53,No,3.3
ORD6795,2025-03-22,Mumbai,Scooter,3.7,58,No,4.7
ORD6796,2025-03-29,Delhi,Bike,21.0,117,No,3.3
ORD6797,2025-03-23,Chennai,Scooter,32.8,106,No,4.7
ORD6798,2025-03-28,Delhi,Truck,57.3,119,Yes,3.8
ORD6799,2025-03-26,Pune,Scooter,3.2,26,Yes,3.5
ORD6800,2025-03-18,Pune,Scooter,58.1,113,Yes,4.6
ORD6801,2025-03-05,Delhi,Truck,54.6,115,No,4.6
ORD6802,2025-03-05,Mumbai,Van,41.2,71,No,4.1
ORD6803,2025-03-03,Hyderabad,Scooter,7.5,78,Yes,4.7
ORD6804,2025-03-26,Delhi,Bike,58.0,29,Yes,3.4
ORD6805,2025-03-12,Pune,Van,34.7,18,Yes,3.7
ORD6806,2025-03-11,Pune,Bike,2.1,90,No,4.8
ORD6807,2025-03-03,Hyderabad,Scooter,50.0,107,Yes,3.9
ORD6808,2025-03-12,Pune,Bike,14.9,63,No,4.0
ORD6809,2025-03-13,Mumbai,Bike,17.7,67,No,5.0
ORD6810,2025-03-21,Chennai,Scooter,36.6,26,No,3.3
ORD6811,2025-03-10,Hyderabad,Scooter,8.8,42,No,4.2
ORD6812,2025-03-27,Pune,Scooter,55.6,108,No,4.8
ORD6813,2025-03-04,Chennai,Bike,40.2,92,No,3.1
ORD6814,2025-03-20,Hyderabad,Scooter,21.9,39,Yes,5.0
ORD6815,2025-03-07,Pune,Bike,44.7,118,No,3.0
ORD6816,2025-03-28,Delhi,Van,52.1,33,Yes,4.3
ORD6817,2025-03-11,Hyderabad,Scooter,50.3,72,No,3.7
ORD6818,2025-03-17,Mumbai,Truck,36.2,89,No,3.8
ORD6819,2025-03-09,Delhi,Truck,48.6,112,No,3.8
ORD6820,2025-03-26,Delhi,Scooter,11.3,94,No,3.9
ORD6821,2025-03-06,Pune,Bike,38.3,40,Yes,4.4
ORD6822,2025-03-16,Bengaluru,Bike,22.5,68,Yes,4.0
ORD6823,2025-03-27,Mumbai,Bike,19.6,96,Yes,3.9
ORD6824,2025-03-06,Bengaluru,Scooter,10.4,102,Yes,3.5
ORD6825,2025-03-19,Chennai,Scooter,4.3,81,No,4.5
ORD6826,2025-03-01,Pune,Bike,3.1,111,Yes,4.9
ORD6827,2025-03-05,Chennai,Scooter,52.9,60,No,3.6
ORD6828,2025-03-01,Delhi,Truck,41.7,71,No,3.4
ORD6829,2025-03-06,Mumbai,Bike,41.2,55,No,4.2
ORD6830,2025-03-19,Hyderabad,Truck,36.8,32,No,4.0
ORD6831,2025-03-14,Mumbai,Bike,24.2,66,Yes,3.9
ORD6832,2025-03-20,Mumbai,Van,22.5,10,No,4.0
ORD6833,2025-03-03,Hyderabad,Bike,18.1,10,No,3.6
ORD6834,2025-03-16,Mumbai,Van,21.9,50,Yes,4.8
ORD6835,2025-03-26,Chennai,Van,43.1,50,No,3.8
ORD6836,2025-03-09,Mumbai,Van,30.6,95,No,3.8
ORD6837,2025-03-10,Chennai,Van,45.7,102,No,3.1
ORD6838,2025-03-01,Chennai,Van,7.4,83,No,4.1
ORD6839,2025-03-07,Hyderabad,Van,30.9,21,Yes,3.1
ORD6840,2025-03-01,Delhi,Truck,24.4,67,Yes,3.9
ORD6841,2025-03-10,Chennai,Truck,3.0,104,No,4.7
ORD6842,2025-03-18,Bengaluru,Scooter,11.6,90,No,4.9
ORD6843,2025-03-04,Hyderabad,Van,7.3,74,No,3.5
ORD6844,2025-03-06,Delhi,Van,22.7,40,Yes,3.3
ORD6845,2025-03-18,Chennai,Van,43.7,55,Yes,3.1
ORD6846,2025-03-29,Bengaluru,Scooter,39.4,83,Yes,3.5
ORD6847,2025-03-19,Hyderabad,Van,37.0,76,Yes,4.7
ORD6848,2025-03-14,Mumbai,Truck,30.8,24,No,3.7
ORD6849,2025-03-12,Chennai,Scooter,7.0,22,No,3.9
ORD6850,2025-03-01,Pune,Scooter,33.8,51,No,3.7
ORD6851,2025-03-22,Mumbai,Truck,14.4,24,No,4.4
ORD6852,2025-03-07,Hyderabad,Truck,51.2,110,Yes,4.2
ORD6853,2025-03-13,Chennai,Van,14.1,53,Yes,3.4
ORD6854,2025-03-10,Hyderabad,Scooter,49.9,112,Yes,3.6
ORD6855,2025-03-18,Delhi,Scooter,34.5,83,No,3.6
ORD6856,2025-03-13,Mumbai,Van,24.1,21,Yes,3.4
ORD6857,2025-03-19,Mumbai,Van,17.2,100,Yes,3.7
ORD6858,2025-03-07,Bengaluru,Van,31.9,93,Yes,4.9
ORD6859,2025-03-16,Hyderabad,Truck,35.7,64,Yes,3.2
ORD6860,2025-03-23,Hyderabad,Truck,10.5,57,No,4.3
ORD6861,2025-03-29,Delhi,Van,59.2,53,No,3.1
ORD6862,2025-03-08,Bengaluru,Truck,12.2,84,No,4.0
ORD6863,2025-03-01,Hyderabad,Bike,43.2,30,Yes,4.9
ORD6864,2025-03-06,Hyderabad,Scooter,58.7,115,Yes,5.0
ORD6865,2025-03-05,Chennai,Van,58.7,62,Yes,4.1
ORD6866,2025-03-08,Chennai,Scooter,46.0,42,No,4.1
ORD6867,2025-03-14,Hyderabad,Scooter,56.1,29,No,4.7
ORD6868,2025-03-12,Bengaluru,Truck,46.4,118,Yes,3.6
ORD6869,2025-03-05,Mumbai,Truck,38.5,115,Yes,4.3
ORD6870,2025-03-07,Mumbai,Van,14.4,115,No,4.1
ORD6871,2025-03-07,Pune,Truck,6.7,104,No,4.5
ORD6872,2025-03-29,Chennai,Van,4.4,90,Yes,4.5
ORD6873,2025-03-09,Bengaluru,Bike,26.3,36,No,4.9
ORD6874,2025-03-07,Chennai,Bike,36.2,51,Yes,4.1
ORD6875,2025-03-17,Hyderabad,Van,25.8,64,No,3.2
ORD6876,2025-03-03,Chennai,Van,44.7,110,Yes,3.7
ORD6877,2025-03-17,Mumbai,Scooter,32.2,90,Yes,3.8
ORD6878,2025-03-01,Bengaluru,Scooter,18.4,18,Yes,3.7
ORD6879,2025-03-25,Mumbai,Scooter,57.2,80,Yes,4.7
ORD6880,2025-03-29,Chennai,Bike,24.6,31,Yes,3.6
ORD6881,2025-03-05,Bengaluru,Bike,8.8,97,Yes,3.0
ORD6882,2025-03-01,Pune,Scooter,47.8,110,No,4.7
ORD6883,2025-03-18,Chennai,Scooter,13.5,38,Yes,4.9
ORD6884,2025-03-17,Delhi,Bike,7.7,58,Yes,4.3
ORD6885,2025-03-09,Hyderabad,Van,39.7,83,No,4.0
ORD6886,2025-03-22,Hyderabad,Van,45.5,45,No,4.0
ORD6887,2025-03-19,Hyderabad,Truck,5.0,39,Yes,4.4
ORD6888,2025-03-25,Bengaluru,Bike,40.3,56,No,3.2
ORD6889,2025-03-17,Chennai,Bike,43.8,56,Yes,4.9
ORD6890,2025-03-22,Bengaluru,Van,38.3,57,Yes,3.8
ORD6891,2025-03-11,Mumbai,Scooter,51.7,105,Yes,4.0
ORD6892,2025-03-01,Delhi,Truck,4.1,82,Yes,3.1
ORD6893,2025-03-09,Pune,Bike,57.4,59,No,4.6
ORD6894,2025-03-28,Pune,Bike,38.4,107,No,4.6
ORD6895,2025-03-06,Mumbai,Truck,30.3,70,No,3.2
ORD6896,2025-03-07,Delhi,Scooter,7.0,16,Yes,5.0
ORD6897,2025-03-27,Pune,Scooter,4.7,51,Yes,3.6
ORD6898,2025-03-11,Pune,Bike,52.8,113,No,4.5
ORD6899,2025-03-28,Hyderabad,Bike,33.6,109,No,4.1
ORD6900,2025-03-27,Pune,Van,10.1,108,Yes,3.8
ORD6901,2025-03-14,Delhi,Scooter,17.6,96,No,3.4
ORD6902,2025-03-26,Hyderabad,Scooter,32.9,40,Yes,4.1
ORD6903,2025-03-21,Mumbai,Truck,47.7,10,Yes,4.0
ORD6904,2025-03-21,Delhi,Bike,24.6,49,Yes,3.2
ORD6905,2025-03-14,Pune,Truck,56.2,80,Yes,3.1
ORD6906,2025-03-03,Mumbai,Truck,12.7,88,Yes,3.0
ORD6907,2025-03-05,Mumbai,Truck,48.7,57,Yes,4.6
ORD6908,2025-03-17,Delhi,Van,14.1,97,No,3.6
ORD6909,2025-03-15,Bengaluru,Van,22.9,96,Yes,3.1
ORD6910,2025-03-25,Delhi,Scooter,54.5,113,Yes,4.1
ORD6911,2025-03-02,Hyderabad,Bike,36.2,81,No,4.9
ORD6912,2025-03-08,Pune,Van,9.2,53,No,4.0
ORD6913,2025-03-12,Chennai,Scooter,15.6,65,No,4.8
ORD6914,2025-03-14,Chennai,Bike,2.1,36,Yes,4.8
ORD6915,2025-03-05,Bengaluru,Truck,20.9,81,Yes,3.8
ORD6916,2025-03-02,Bengaluru,Bike,32.7,57,No,3.6
ORD6917,2025-03-13,Mumbai,Truck,35.0,16,No,4.6
ORD6918,2025-03-17,Bengaluru,Bike,56.7,71,Yes,4.9
ORD6919,2025-03-26,Delhi,Truck,52.3,50,Yes,4.7
ORD6920,2025-03-06,Hyderabad,Scooter,52.6,40,No,3.3
ORD6921,2025-03-02,Hyderabad,Truck,46.0,110,No,4.0
ORD6922,2025-03-28,Hyderabad,Bike,31.7,17,Yes,3.3
ORD6923,2025-03-09,Chennai,Bike,40.3,21,No,4.7
ORD6924,2025-03-02,Mumbai,Scooter,37.7,62,No,3.7
ORD6925,2025-03-23,Mumbai,Truck,31.8,37,Yes,3.6
ORD6926,2025-03-01,Mumbai,Scooter,44.6,28,No,4.0
ORD6927,2025-03-01,Mumbai,Bike,57.7,91,No,4.7
ORD6928,2025-03-03,Chennai,Van,27.7,20,No,4.9
ORD6929,2025-03-11,Chennai,Truck,20.3,30,Yes,4.5
ORD6930,2025-03-28,Chennai,Scooter,59.2,59,No,3.5
ORD6931,2025-03-17,Bengaluru,Truck,47.9,75,Yes,3.2
ORD6932,2025-03-24,Mumbai,Van,58.8,31,Yes,4.2
ORD6933,2025-03-03,Bengaluru,Bike,25.5,72,Yes,4.2
ORD6934,2025-03-08,Bengaluru,Truck,59.7,102,Yes,3.5
ORD6935,2025-03-06,Pune,Bike,34.7,115,Yes,4.1
ORD6936,2025-03-14,Pune,Van,27.1,80,Yes,4.1
ORD6937,2025-03-21,Hyderabad,Van,24.2,70,No,4.9
ORD6938,2025-03-01,Mumbai,Van,22.4,60,Yes,4.6
ORD6939,2025-03-08,Delhi,Scooter,26.3,38,Yes,4.5
ORD6940,2025-03-26,Bengaluru,Truck,30.7,76,No,3.0
ORD6941,2025-03-25,Mumbai,Van,56.3,84,No,3.2
ORD6942,2025-03-02,Mumbai,Bike,38.2,115,No,4.5
ORD6943,2025-03-04,Mumbai,Truck,38.2,38,No,4.2
ORD6944,2025-03-03,Bengaluru,Bike,31.2,90,Yes,3.4
ORD6945,2025-03-29,Bengaluru,Bike,6.2,46,No,4.2
ORD6946,2025-03-03,Mumbai,Van,19.6,115,Yes,3.6
ORD6947,2025-03-22,Chennai,Van,55.0,58,No,4.6
ORD6948,2025-03-24,Hyderabad,Truck,18.5,103,No,4.3
ORD6949,2025-03-18,Bengaluru,Van,13.6,28,Yes,4.5
ORD6950,2025-03-06,Bengaluru,Truck,2.7,11,No,3.3
ORD6951,2025-03-04,Chennai,Truck,35.9,92,No,3.7
ORD6952,2025-03-26,Mumbai,Scooter,5.3,56,No,4.6
ORD6953,2025-03-22,Chennai,Van,49.0,68,No,3.3
ORD6954,2025-03-28,Chennai,Scooter,33.9,51,Yes,3.2
ORD6955,2025-03-07,Mumbai,Van,24.9,90,Yes,4.0
ORD6956,2025-03-30,Pune,Bike,48.3,93,No,3.2
ORD6957,2025-03-20,Bengaluru,Van,46.1,80,Yes,4.3
ORD6958,2025-03-23,Bengaluru,Van,24.8,105,Yes,4.6
ORD6959,2025-03-24,Mumbai,Truck,26.0,20,Yes,3.9
ORD6960,2025-03-22,Hyderabad,Van,16.2,40,Yes,3.9
ORD6961,2025-03-13,Delhi,Truck,4.3,105,Yes,4.4
ORD6962,2025-03-23,Chennai,Scooter,15.4,109,No,4.5
ORD6963,2025-03-29,Mumbai,Truck,18.4,32,Yes,4.0
ORD6964,2025-03-11,Delhi,Van,42.4,20,Yes,4.8
ORD6965,2025-03-15,Hyderabad,Truck,53.9,117,No,3.9
ORD6966,2025-03-13,Chennai,Bike,16.6,23,No,3.6
ORD6967,2025-03-26,Mumbai,Truck,54.9,106,No,3.9
ORD6968,2025-03-10,Pune,Van,15.2,24,Yes,3.4
ORD6969,2025-03-06,Mumbai,Van,20.2,66,Yes,4.4
ORD6970,2025-03-08,Chennai,Bike,52.9,23,Yes,4.8
ORD6971,2025-03-22,Chennai,Truck,17.3,112,No,3.1
ORD6972,2025-03-20,Bengaluru,Scooter,11.4,42,No,4.4
ORD6973,2025-03-11,Chennai,Truck,55.2,50,No,3.7
ORD6974,2025-03-30,Hyderabad,Bike,37.9,45,No,3.8
ORD6975,2025-03-27,Bengaluru,Truck,31.9,59,No,4.4
ORD6976,2025-03-27,Bengaluru,Bike,46.4,37,No,4.7
ORD6977,2025-03-20,Bengaluru,Bike,5.5,102,No,3.4
ORD6978,2025-03-15,Hyderabad,Truck,6.6,118,No,3.6
ORD6979,2025-03-21,Chennai,Truck,22.0,100,No,3.0
ORD6980,2025-03-17,Mumbai,Scooter,27.9,22,Yes,4.2
ORD6981,2025-03-02,Mumbai,Bike,2.1,105,No,3.9
ORD6982,2025-03-20,Pune,Bike,48.6,61,No,4.6
ORD6983,2025-03-15,Bengaluru,Scooter,12.5,43,No,4.5
ORD6984,2025-03-10,Mumbai,Scooter,24.3,66,Yes,4.4
ORD6985,2025-03-13,Bengaluru,Bike,38.0,56,Yes,4.8
ORD6986,2025-03-29,Chennai,Van,49.9,79,No,4.0
ORD6987,2025-03-04,Chennai,Van,32.7,119,Yes,4.7
ORD6988,2025-03-04,Chennai,Van,24.2,69,Yes,4.8
ORD6989,2025-03-09,Bengaluru,Truck,44.4,94,No,4.0
ORD6990,2025-03-27,Hyderabad,Bike,28.6,26,No,4.2
ORD6991,2025-03-25,Chennai,Scooter,57.0,49,Yes,3.6
ORD6992,2025-03-20,Hyderabad,Van,45.9,45,Yes,4.0
ORD6993,2025-03-09,Hyderabad,Bike,25.1,34,No,3.1
ORD6994,2025-03-14,Mumbai,Van,27.8,36,No,4.7
ORD6995,2025-03-14,Chennai,Scooter,49.3,17,Yes,4.8
ORD6996,2025-03-30,Chennai,Bike,26.2,46,No,5.0
ORD6997,2025-03-26,Pune,Scooter,41.9,111,No,4.8
ORD6998,2025-03-13,Hyderabad,Bike,26.6,34,Yes,4.9
ORD6999,2025-03-21,Delhi,Van,43.3,92,Yes,3.2
ORD7000,2025-03-15,Delhi,Truck,26.1,39,No,3.7
ORD7001,2025-03-17,Bengaluru,Van,18.1,36,Yes,3.4
ORD7002,2025-03-14,Delhi,Bike,16.4,97,Yes,4.1
ORD7003,2025-03-27,Bengaluru,Bike,20.1,56,No,4.8
ORD7004,2025-03-07,Pune,Van,8.0,53,No,4.6
ORD7005,2025-03-12,Hyderabad,Scooter,24.7,32,No,4.1
ORD7006,2025-03-29,Chennai,Van,21.6,55,No,3.3
ORD7007,2025-03-09,Bengaluru,Truck,5.0,53,Yes,3.1
ORD7008,2025-03-07,Bengaluru,Van,16.2,12,No,4.6
ORD7009,2025-03-20,Mumbai,Bike,9.6,91,Yes,4.0
ORD7010,2025-03-15,Chennai,Van,31.8,71,Yes,3.3
ORD7011,2025-03-15,Chennai,Bike,41.8,74,Yes,4.3
ORD7012,2025-03-29,Pune,Van,39.0,106,Yes,3.9
ORD7013,2025-03-30,Bengaluru,Bike,47.2,53,Yes,4.3
ORD7014,2025-03-09,Bengaluru,Van,9.0,14,Yes,4.5
ORD7015,2025-03-12,Chennai,Scooter,59.6,48,No,3.3
ORD7016,2025-03-03,Delhi,Van,8.9,38,Yes,4.0
ORD7017,2025-03-25,Pune,Van,59.6,68,No,4.9
ORD7018,2025-03-16,Mumbai,Scooter,9.1,44,Yes,3.2
ORD7019,2025-03-25,Delhi,Scooter,37.0,39,Yes,4.4
ORD7020,2025-03-25,Pune,Scooter,47.2,50,No,4.8
ORD7021,2025-03-29,Hyderabad,Van,51.7,118,No,4.4
ORD7022,2025-03-03,Bengaluru,Scooter,30.7,26,Yes,4.5
ORD7023,2025-03-06,Pune,Bike,26.4,40,Yes,3.9
ORD7024,2025-03-11,Bengaluru,Truck,41.4,18,Yes,4.0
ORD7025,2025-03-07,Chennai,Scooter,17.6,54,No,4.6
ORD7026,2025-03-06,Hyderabad,Truck,49.0,108,No,4.1
ORD7027,2025-03-25,Delhi,Truck,27.5,75,No,3.4
ORD7028,2025-03-06,Hyderabad,Bike,40.3,33,Yes,3.1
ORD7029,2025-03-15,Delhi,Van,40.8,103,No,4.0
ORD7030,2025-03-25,Pune,Bike,50.3,94,Yes,4.1
ORD7031,2025-03-03,Chennai,Bike,43.8,79,Yes,3.4
ORD7032,2025-03-12,Delhi,Scooter,4.6,39,No,4.8
ORD7033,2025-03-17,Pune,Van,21.5,51,No,3.1
ORD7034,2025-03-19,Hyderabad,Van,56.3,71,Yes,4.2
ORD7035,2025-03-13,Pune,Scooter,14.7,74,No,4.7
ORD7036,2025-03-27,Chennai,Truck,48.3,49,Yes,4.7
ORD7037,2025-03-28,Pune,Bike,27.9,91,No,3.7
ORD7038,2025-03-01,Delhi,Scooter,13.8,33,No,3.2
ORD7039,2025-03-30,Delhi,Truck,3.1,101,Yes,4.3
ORD7040,2025-03-03,Mumbai,Bike,31.1,22,Yes,3.2
ORD7041,2025-03-26,Delhi,Scooter,10.9,61,No,3.3
ORD7042,2025-03-01,Mumbai,Truck,50.5,97,Yes,4.6
ORD7043,2025-03-25,Hyderabad,Scooter,34.1,91,Yes,3.7
ORD7044,2025-03-26,Pune,Scooter,16.1,101,No,4.3
ORD7045,2025-03-17,Delhi,Truck,31.4,101,No,4.6
ORD7046,2025-03-05,Pune,Scooter,33.0,118,Yes,3.3
ORD7047,2025-03-05,Mumbai,Van,34.6,80,Yes,3.3
ORD7048,2025-03-04,Chennai,Truck,55.3,62,No,4.6
ORD7049,2025-03-06,Bengaluru,Scooter,27.8,61,No,3.9
ORD7050,2025-03-28,Hyderabad,Scooter,59.7,84,No,4.3
ORD7051,2025-03-19,Chennai,Bike,41.3,57,Yes,4.0
ORD7052,2025-03-11,Pune,Scooter,4.1,19,No,3.3
ORD7053,2025-03-21,Chennai,Bike,16.0,107,No,4.4
ORD7054,2025-03-17,Pune,Truck,3.6,59,Yes,3.8
ORD7055,2025-03-14,Hyderabad,Bike,56.2,70,Yes,3.7
ORD7056,2025-03-16,Chennai,Bike,31.2,85,No,4.2
ORD7057,2025-03-06,Pune,Scooter,55.4,38,Yes,4.5
ORD7058,2025-03-10,Chennai,Van,40.6,76,Yes,4.2
ORD7059,2025-03-22,Mumbai,Truck,34.2,67,No,4.1
ORD7060,2025-03-29,Bengaluru,Scooter,9.0,16,Yes,4.3
ORD7061,2025-03-28,Chennai,Truck,28.4,43,No,3.8
ORD7062,2025-03-24,Bengaluru,Scooter,53.4,21,No,3.2
ORD7063,2025-03-28,Mumbai,Van,29.6,61,No,4.8
ORD7064,2025-03-28,Hyderabad,Scooter,22.8,101,Yes,3.1
ORD7065,2025-03-14,Bengaluru,Bike,43.5,33,Yes,4.2
ORD7066,2025-03-24,Mumbai,Bike,2.9,89,Yes,4.5
ORD7067,2025-03-30,Mumbai,Scooter,45.2,42,No,3.1
ORD7068,2025-03-02,Mumbai,Van,46.7,78,Yes,4.2
ORD7069,2025-03-12,Bengaluru,Van,54.6,99,No,3.8
ORD7070,2025-03-28,Delhi,Van,59.4,113,No,4.3
ORD7071,2025-03-03,Chennai,Scooter,35.2,66,No,3.4
ORD7072,2025-03-25,Pune,Truck,11.7,25,Yes,4.8
ORD7073,2025-03-14,Mumbai,Scooter,54.2,98,Yes,4.5
ORD7074,2025-03-08,Hyderabad,Scooter,7.1,44,No,3.4
ORD7075,2025-03-25,Delhi,Scooter,10.1,44,No,4.3
ORD7076,2025-03-02,Delhi,Scooter,52.2,52,No,3.7
ORD7077,2025-03-04,Mumbai,Van,36.9,34,No,4.8
ORD7078,2025-03-19,Hyderabad,Truck,35.1,37,Yes,3.1
ORD7079,2025-03-15,Chennai,Scooter,5.9,44,No,3.9
ORD7080,2025-03-09,Mumbai,Truck,22.7,36,Yes,4.9
ORD7081,2025-03-24,Pune,Van,2.7,110,No,4.7
ORD7082,2025-03-02,Bengaluru,Truck,59.5,100,No,3.3
ORD7083,2025-03-11,Pune,Scooter,22.0,119,No,3.1
ORD7084,2025-03-28,Bengaluru,Truck,48.5,53,Yes,3.6
ORD7085,2025-03-16,Chennai,Van,42.7,47,No,4.7
ORD7086,2025-03-16,Hyderabad,Scooter,35.0,108,Yes,3.6
ORD7087,2025-03-10,Bengaluru,Van,41.0,110,Yes,4.4
ORD7088,2025-03-14,Pune,Truck,8.7,61,No,3.9
ORD7089,2025-03-07,Delhi,Truck,34.0,65,Yes,4.7
ORD7090,2025-03-27,Hyderabad,Scooter,19.4,117,No,3.8
ORD7091,2025-03-01,Bengaluru,Bike,35.2,86,Yes,3.2
ORD7092,2025-03-29,Delhi,Bike,17.8,50,No,4.3
ORD7093,2025-03-25,Pune,Bike,8.1,55,Yes,3.1
ORD7094,2025-03-21,Hyderabad,Bike,9.3,29,No,3.4
ORD7095,2025-03-07,Mumbai,Truck,9.9,30,Yes,3.6
ORD7096,2025-03-15,Bengaluru,Bike,48.4,84,Yes,3.9
ORD7097,2025-03-07,Hyderabad,Scooter,35.2,33,Yes,4.2
ORD7098,2025-03-02,Hyderabad,Scooter,35.2,96,No,5.0
ORD7099,2025-03-27,Chennai,Truck,16.8,64,Yes,4.3
ORD7100,2025-03-27,Mumbai,Scooter,49.8,76,Yes,3.3
ORD7101,2025-03-15,Hyderabad,Truck,20.1,69,No,4.7
ORD7102,2025-03-27,Delhi,Van,20.9,42,Yes,4.9
ORD7103,2025-03-20,Hyderabad,Scooter,4.3,61,Yes,3.3
ORD7104,2025-03-01,Pune,Bike,26.0,60,No,4.7
ORD7105,2025-03-29,Hyderabad,Scooter,26.0,106,No,4.3
ORD7106,2025-03-28,Hyderabad,Bike,30.6,50,No,3.2
ORD7107,2025-03-15,Hyderabad,Van,17.7,116,No,3.6
ORD7108,2025-03-08,Hyderabad,Van,11.4,12,No,3.6
ORD7109,2025-03-18,Delhi,Van,28.4,92,Yes,3.8
ORD7110,2025-03-08,Bengaluru,Scooter,20.4,71,Yes,3.4
ORD7111,2025-03-02,Bengaluru,Bike,23.6,94,Yes,3.5
ORD7112,2025-03-06,Bengaluru,Bike,15.6,57,Yes,4.8
ORD7113,2025-03-06,Delhi,Bike,19.3,88,No,4.6
ORD7114,2025-03-28,Mumbai,Bike,24.4,97,No,3.2
ORD7115,2025-03-07,Mumbai,Truck,40.5,88,No,3.7
ORD7116,2025-03-14,Hyderabad,Van,39.5,65,No,4.1
ORD7117,2025-03-24,Delhi,Scooter,55.6,61,No,3.2
ORD7118,2025-03-13,Chennai,Van,59.5,63,Yes,4.4
ORD7119,2025-03-10,Pune,Van,59.0,36,No,4.0
ORD7120,2025-03-30,Pune,Scooter,56.0,73,No,3.3
ORD7121,2025-03-30,Hyderabad,Van,36.2,81,Yes,4.3
ORD7122,2025-03-14,Chennai,Bike,9.7,73,Yes,3.4
ORD7123,2025-03-24,Hyderabad,Truck,13.8,28,Yes,3.5
ORD7124,2025-03-25,Mumbai,Truck,58.7,115,Yes,3.3
ORD7125,2025-03-10,Chennai,Scooter,21.1,73,Yes,4.0
ORD7126,2025-03-05,Hyderabad,Bike,21.8,32,No,3.8
ORD7127,2025-03-06,Mumbai,Scooter,32.7,38,Yes,4.3
ORD7128,2025-03-25,Bengaluru,Truck,2.2,69,Yes,3.7
ORD7129,2025-03-12,Bengaluru,Bike,34.0,104,Yes,4.4
ORD7130,2025-03-23,Chennai,Bike,10.7,14,No,3.6
ORD7131,2025-03-29,Chennai,Van,27.8,117,Yes,3.4
ORD7132,2025-03-25,Chennai,Bike,7.0,73,No,3.4
ORD7133,2025-03-06,Delhi,Truck,12.8,118,No,4.1
ORD7134,2025-03-09,Chennai,Scooter,23.8,41,Yes,3.9
ORD7135,2025-03-09,Pune,Truck,32.5,115,Yes,3.7
ORD7136,2025-03-21,Hyderabad,Scooter,38.5,30,Yes,4.3
ORD7137,2025-03-22,Pune,Truck,58.1,59,No,4.9
ORD7138,2025-03-03,Bengaluru,Van,8.1,48,No,4.9
ORD7139,2025-03-15,Mumbai,Truck,8.2,101,Yes,3.0
ORD7140,2025-03-02,Hyderabad,Scooter,2.1,80,No,3.1
ORD7141,2025-03-27,Delhi,Bike,18.1,115,No,3.0
ORD7142,2025-03-14,Bengaluru,Truck,48.5,16,Yes,4.0
ORD7143,2025-03-02,Mumbai,Van,40.8,44,Yes,4.6
ORD7144,2025-03-08,Bengaluru,Truck,49.5,86,Yes,3.4
ORD7145,2025-03-13,Mumbai,Truck,59.1,85,No,3.8
ORD7146,2025-03-10,Hyderabad,Van,55.9,107,No,3.2
ORD7147,2025-03-15,Chennai,Bike,42.5,64,Yes,3.6
ORD7148,2025-03-30,Pune,Truck,3.3,51,Yes,4.8
ORD7149,2025-03-13,Chennai,Van,5.7,78,No,3.7
ORD7150,2025-03-24,Pune,Van,59.5,59,Yes,4.8
ORD7151,2025-03-17,Hyderabad,Scooter,26.4,33,Yes,5.0
ORD7152,2025-03-23,Chennai,Van,48.9,30,No,4.1
ORD7153,2025-03-04,Hyderabad,Truck,33.4,11,Yes,4.1
ORD7154,2025-03-03,Mumbai,Bike,56.1,118,Yes,3.3
ORD7155,2025-03-27,Hyderabad,Scooter,44.7,24,No,4.0
ORD7156,2025-03-29,Pune,Bike,35.6,64,Yes,4.9
ORD7157,2025-03-02,Delhi,Van,25.6,18,No,3.4
ORD7158,2025-03-18,Bengaluru,Bike,29.2,98,No,3.7
ORD7159,2025-03-12,Mumbai,Scooter,3.3,63,Yes,4.9
ORD7160,2025-03-17,Chennai,Truck,14.2,90,Yes,4.0
ORD7161,2025-03-24,Hyderabad,Van,57.9,114,Yes,3.6
ORD7162,2025-03-10,Mumbai,Truck,24.9,108,Yes,3.7
ORD7163,2025-03-24,Pune,Scooter,7.5,116,Yes,4.5
ORD7164,2025-03-26,Bengaluru,Scooter,24.8,35,Yes,4.4
ORD7165,2025-03-30,Delhi,Scooter,9.4,117,Yes,4.6
ORD7166,2025-03-17,Chennai,Van,52.0,69,No,4.1
ORD7167,2025-03-04,Mumbai,Van,53.2,64,No,4.1
ORD7168,2025-03-10,Chennai,Bike,54.4,33,No,5.0
ORD7169,2025-03-23,Pune,Truck,3.3,10,Yes,4.4
ORD7170,2025-03-16,Mumbai,Bike,50.3,62,No,3.5
ORD7171,2025-03-21,Delhi,Scooter,24.2,100,Yes,4.2
ORD7172,2025-03-25,Mumbai,Truck,12.2,18,Yes,3.8
ORD7173,2025-03-02,Bengaluru,Scooter,15.6,39,Yes,4.0
ORD7174,2025-03-28,Pune,Van,29.1,36,No,4.1
ORD7175,2025-03-27,Chennai,Bike,18.9,39,No,4.8
ORD7176,2025-03-21,Hyderabad,Van,52.3,50,No,4.4
ORD7177,2025-03-22,Mumbai,Van,9.2,25,Yes,4.7
ORD7178,2025-03-05,Mumbai,Van,35.3,11,Yes,3.8
ORD7179,2025-03-13,Bengaluru,Van,20.7,72,No,3.5
ORD7180,2025-03-13,Mumbai,Scooter,8.8,83,No,4.0
ORD7181,2025-03-27,Bengaluru,Bike,14.9,35,No,4.4
ORD7182,2025-03-03,Pune,Bike,37.8,54,No,4.9
ORD7183,2025-03-27,Mumbai,Scooter,48.4,37,No,4.3
ORD7184,2025-03-27,Hyderabad,Scooter,37.2,88,Yes,3.7
ORD7185,2025-03-23,Mumbai,Van,35.4,41,No,3.5
ORD7186,2025-03-15,Bengaluru,Van,28.4,42,No,4.0
ORD7187,2025-03-20,Bengaluru,Van,30.2,81,No,4.6
ORD7188,2025-03-26,Pune,Van,20.1,49,Yes,3.2
ORD7189,2025-03-19,Pune,Bike,33.9,20,Yes,4.5
ORD7190,2025-03-03,Hyderabad,Truck,39.6,51,No,4.8
ORD7191,2025-03-04,Hyderabad,Bike,31.2,11,Yes,3.8
ORD7192,2025-03-01,Hyderabad,Scooter,10.6,40,Yes,3.4
ORD7193,2025-03-28,Mumbai,Van,47.9,41,No,3.1
ORD7194,2025-03-17,Chennai,Van,49.8,52,Yes,3.2
ORD7195,2025-03-15,Hyderabad,Scooter,50.7,61,Yes,4.3
ORD7196,2025-03-23,Pune,Van,18.1,86,No,3.4
ORD7197,2025-03-21,Chennai,Scooter,46.7,79,No,4.1
ORD7198,2025-03-04,Hyderabad,Bike,42.9,42,Yes,4.4
ORD7199,2025-03-29,Hyderabad,Bike,21.9,107,No,3.8
ORD7200,2025-03-01,Delhi,Scooter,49.4,25,Yes,3.1
ORD7201,2025-03-12,Delhi,Scooter,37.5,56,Yes,4.3
ORD7202,2025-03-17,Hyderabad,Scooter,39.6,45,No,4.0
ORD7203,2025-03-25,Delhi,Truck,22.0,67,No,4.5
ORD7204,2025-03-29,Pune,Scooter,15.4,112,No,4.5
ORD7205,2025-03-09,Delhi,Bike,52.5,104,No,4.8
ORD7206,2025-03-10,Bengaluru,Scooter,13.7,79,No,3.8
ORD7207,2025-03-03,Pune,Van,32.0,99,Yes,4.7
ORD7208,2025-03-15,Delhi,Scooter,3.2,47,No,4.5
ORD7209,2025-03-28,Chennai,Van,18.1,33,Yes,4.6
ORD7210,2025-03-21,Hyderabad,Scooter,2.7,63,Yes,3.1
ORD7211,2025-03-11,Hyderabad,Van,5.2,71,Yes,4.1
ORD7212,2025-03-05,Chennai,Truck,22.0,34,No,4.6
ORD7213,2025-03-10,Mumbai,Bike,34.0,61,Yes,4.4
ORD7214,2025-03-14,Hyderabad,Van,48.2,32,No,4.4
ORD7215,2025-03-27,Mumbai,Bike,48.6,80,No,4.2
ORD7216,2025-03-12,Delhi,Van,5.4,30,No,4.8
ORD7217,2025-03-30,Delhi,Van,58.3,91,No,3.9
ORD7218,2025-03-09,Hyderabad,Scooter,45.8,72,No,3.5
ORD7219,2025-03-06,Pune,Van,59.2,98,Yes,3.9
ORD7220,2025-03-09,Mumbai,Truck,6.8,108,Yes,4.6
ORD7221,2025-03-03,Bengaluru,Van,7.1,75,No,3.7
ORD7222,2025-03-13,Pune,Truck,31.2,49,No,3.3
ORD7223,2025-03-23,Hyderabad,Scooter,25.2,53,No,4.2
ORD7224,2025-03-07,Hyderabad,Bike,57.9,33,No,3.6
ORD7225,2025-03-28,Delhi,Bike,19.6,37,Yes,3.8
ORD7226,2025-03-17,Chennai,Scooter,22.5,42,No,4.8
ORD7227,2025-03-27,Chennai,Truck,2.9,99,Yes,3.4
ORD7228,2025-03-27,Mumbai,Bike,55.0,74,Yes,4.2
ORD7229,2025-03-18,Pune,Bike,45.0,34,No,3.1
ORD7230,2025-03-22,Bengaluru,Scooter,16.1,111,Yes,3.5
ORD7231,2025-03-20,Pune,Van,28.8,97,No,4.7
ORD7232,2025-03-04,Delhi,Scooter,9.3,91,No,4.1
ORD7233,2025-03-05,Bengaluru,Van,10.2,103,No,3.4
ORD7234,2025-03-29,Bengaluru,Bike,41.8,62,No,3.3
ORD7235,2025-03-11,Chennai,Truck,26.5,13,No,4.0
ORD7236,2025-03-18,Mumbai,Scooter,36.2,86,Yes,3.2
ORD7237,2025-03-19,Chennai,Truck,2.9,109,No,4.4
ORD7238,2025-03-05,Bengaluru,Bike,28.3,45,No,4.0
ORD7239,2025-03-25,Delhi,Van,16.1,52,Yes,4.7
ORD7240,2025-03-16,Mumbai,Bike,36.4,96,No,4.5
ORD7241,2025-03-18,Hyderabad,Bike,16.7,104,Yes,3.6
ORD7242,2025-03-14,Bengaluru,Bike,5.4,80,Yes,3.9
ORD7243,2025-03-20,Bengaluru,Bike,15.9,72,No,4.9
ORD7244,2025-03-17,Bengaluru,Scooter,3.0,67,Yes,4.8
ORD7245,2025-03-24,Mumbai,Bike,12.9,55,Yes,5.0
ORD7246,2025-03-09,Bengaluru,Truck,43.4,82,No,4.4
ORD7247,2025-03-14,Bengaluru,Van,51.6,67,No,4.7
ORD7248,2025-03-12,Bengaluru,Truck,47.9,26,Yes,4.0
ORD7249,2025-03-30,Bengaluru,Scooter,14.1,80,No,3.8
ORD7250,2025-03-03,Hyderabad,Bike,39.8,20,Yes,3.5
ORD7251,2025-03-18,Mumbai,Van,9.2,86,Yes,3.6
ORD7252,2025-03-07,Pune,Truck,12.0,81,Yes,4.1
ORD7253,2025-03-25,Chennai,Bike,40.6,82,No,3.3
ORD7254,2025-03-30,Pune,Bike,27.8,71,No,4.1
ORD7255,2025-03-30,Delhi,Bike,28.7,103,Yes,4.4
ORD7256,2025-03-03,Mumbai,Truck,21.2,80,No,3.0
ORD7257,2025-03-12,Chennai,Bike,22.1,17,Yes,4.4
ORD7258,2025-03-27,Chennai,Bike,28.0,28,No,3.7
ORD7259,2025-03-15,Chennai,Scooter,52.4,74,Yes,4.4
ORD7260,2025-03-09,Chennai,Truck,10.8,71,No,4.4
ORD7261,2025-03-18,Delhi,Van,32.7,53,No,3.9
ORD7262,2025-03-08,Chennai,Truck,2.3,25,Yes,4.2
ORD7263,2025-03-10,Hyderabad,Truck,43.0,116,Yes,4.1
ORD7264,2025-03-12,Delhi,Van,49.8,100,Yes,4.5
ORD7265,2025-03-27,Pune,Van,50.5,62,Yes,4.3
ORD7266,2025-03-21,Pune,Bike,42.2,112,No,3.2
ORD7267,2025-03-26,Bengaluru,Bike,19.1,18,Yes,3.0
ORD7268,2025-03-05,Bengaluru,Scooter,7.0,28,No,3.8
ORD7269,2025-03-11,Delhi,Bike,19.2,118,Yes,3.2
ORD7270,2025-03-03,Chennai,Bike,51.7,92,No,4.8
ORD7271,2025-03-21,Delhi,Bike,15.5,88,Yes,4.6
ORD7272,2025-03-08,Mumbai,Bike,42.9,86,No,3.5
ORD7273,2025-03-20,Pune,Bike,25.1,102,Yes,4.0
ORD7274,2025-03-21,Chennai,Bike,8.4,51,No,3.9
ORD7275,2025-03-08,Hyderabad,Van,13.1,90,No,4.3
ORD7276,2025-03-01,Delhi,Bike,48.0,64,No,3.7
ORD7277,2025-03-05,Pune,Bike,57.8,111,No,4.9
ORD7278,2025-03-21,Pune,Scooter,33.1,108,Yes,3.7
ORD7279,2025-03-28,Hyderabad,Truck,40.8,55,Yes,4.0
ORD7280,2025-03-25,Mumbai,Scooter,33.2,65,Yes,4.8
ORD7281,2025-03-11,Hyderabad,Truck,15.5,101,Yes,4.9
ORD7282,2025-03-24,Mumbai,Van,51.3,34,No,4.0
ORD7283,2025-03-09,Delhi,Bike,52.4,74,Yes,3.5
ORD7284,2025-03-13,Mumbai,Bike,17.3,19,Yes,3.2
ORD7285,2025-03-22,Bengaluru,Van,27.3,86,No,3.4
ORD7286,2025-03-27,Mumbai,Truck,3.2,108,Yes,4.9
ORD7287,2025-03-07,Delhi,Scooter,30.1,95,No,3.1
ORD7288,2025-03-28,Mumbai,Truck,55.7,24,No,4.7
ORD7289,2025-03-03,Hyderabad,Truck,7.9,14,Yes,4.8
ORD7290,2025-03-12,Hyderabad,Bike,14.8,19,Yes,3.2
ORD7291,2025-03-13,Mumbai,Bike,46.3,31,No,4.5
ORD7292,2025-03-16,Bengaluru,Bike,10.9,29,Yes,3.2
ORD7293,2025-03-09,Hyderabad,Van,47.2,97,No,4.2
ORD7294,2025-03-09,Hyderabad,Scooter,36.5,37,Yes,3.6
ORD7295,2025-03-25,Bengaluru,Van,40.5,91,Yes,4.3
ORD7296,2025-03-14,Chennai,Bike,32.7,20,Yes,4.7
ORD7297,2025-03-01,Chennai,Bike,38.4,40,No,3.3
ORD7298,2025-03-01,Pune,Van,29.4,53,No,4.8
ORD7299,2025-03-16,Chennai,Scooter,40.9,42,Yes,3.6
ORD7300,2025-03-18,Bengaluru,Van,52.5,17,Yes,4.6
ORD7301,2025-03-13,Bengaluru,Truck,8.2,46,No,3.4
ORD7302,2025-03-17,Hyderabad,Truck,12.9,69,Yes,4.9
ORD7303,2025-03-22,Bengaluru,Truck,6.3,65,No,4.4
ORD7304,2025-03-25,Bengaluru,Truck,35.5,88,No,4.9
ORD7305,2025-03-12,Delhi,Van,58.0,112,No,4.9
ORD7306,2025-03-16,Hyderabad,Bike,47.0,10,Yes,3.7
ORD7307,2025-03-29,Mumbai,Truck,17.8,13,No,3.1
ORD7308,2025-03-20,Pune,Bike,24.9,101,No,4.6
ORD7309,2025-03-01,Bengaluru,Truck,22.4,53,Yes,4.2
ORD7310,2025-03-15,Chennai,Scooter,9.1,36,Yes,4.3
ORD7311,2025-03-29,Chennai,Bike,54.3,39,No,3.6
ORD7312,2025-03-05,Pune,Bike,22.5,81,No,4.8
ORD7313,2025-03-29,Bengaluru,Van,47.2,72,Yes,3.9
ORD7314,2025-03-19,Bengaluru,Truck,39.7,98,Yes,3.7
ORD7315,2025-03-18,Pune,Scooter,33.0,58,No,4.1
ORD7316,2025-03-26,Mumbai,Scooter,3.0,95,No,3.0
ORD7317,2025-03-09,Mumbai,Scooter,21.8,42,Yes,4.2
ORD7318,2025-03-26,Chennai,Truck,31.8,17,No,5.0
ORD7319,2025-03-05,Chennai,Bike,6.9,104,No,3.7
ORD7320,2025-03-11,Mumbai,Truck,12.9,81,No,4.7
ORD7321,2025-03-02,Pune,Van,4.0,79,Yes,4.3
ORD7322,2025-03-23,Pune,Truck,21.0,90,No,4.5
ORD7323,2025-03-02,Chennai,Scooter,34.4,18,Yes,3.8
ORD7324,2025-03-15,Pune,Scooter,45.4,66,Yes,4.6
ORD7325,2025-03-19,Delhi,Van,35.2,113,Yes,4.7
ORD7326,2025-03-04,Pune,Scooter,7.7,98,No,3.6
ORD7327,2025-03-17,Mumbai,Van,22.1,69,Yes,4.5
ORD7328,2025-03-21,Bengaluru,Van,51.0,85,No,3.6
ORD7329,2025-03-06,Delhi,Bike,15.4,96,Yes,4.0
ORD7330,2025-03-27,Bengaluru,Van,43.0,44,No,3.4
ORD7331,2025-03-04,Pune,Bike,18.9,66,No,4.0
ORD7332,2025-03-16,Chennai,Truck,30.9,115,Yes,3.9
ORD7333,2025-03-14,Bengaluru,Scooter,27.2,45,No,3.4
ORD7334,2025-03-09,Chennai,Van,48.9,112,No,3.3
ORD7335,2025-03-08,Hyderabad,Truck,9.7,52,Yes,4.9
ORD7336,2025-03-12,Chennai,Bike,43.7,111,No,3.9
ORD7337,2025-03-09,Chennai,Bike,20.3,15,No,4.3
ORD7338,2025-03-26,Bengaluru,Van,28.1,57,No,4.1
ORD7339,2025-03-27,Chennai,Bike,3.9,100,Yes,3.8
ORD7340,2025-03-09,Pune,Truck,26.4,60,No,4.0
ORD7341,2025-03-27,Hyderabad,Scooter,2.4,119,No,4.3
ORD7342,2025-03-19,Chennai,Van,38.8,13,Yes,4.9
ORD7343,2025-03-06,Pune,Truck,10.6,35,Yes,4.1
ORD7344,2025-03-20,Chennai,Scooter,55.9,117,No,4.4
ORD7345,2025-03-24,Pune,Truck,38.6,75,No,3.3
ORD7346,2025-03-29,Mumbai,Scooter,42.5,48,Yes,5.0
ORD7347,2025-03-07,Delhi,Truck,19.6,53,No,4.2
ORD7348,2025-03-20,Mumbai,Scooter,12.4,97,Yes,3.0
ORD7349,2025-03-06,Hyderabad,Scooter,2.1,32,No,4.8
ORD7350,2025-03-12,Delhi,Scooter,27.0,119,No,3.7
ORD7351,2025-03-16,Hyderabad,Truck,59.0,39,Yes,3.7
ORD7352,2025-03-13,Chennai,Van,8.8,45,No,4.0
ORD7353,2025-03-22,Delhi,Bike,41.9,13,No,4.7
ORD7354,2025-03-05,Bengaluru,Truck,19.0,93,No,4.0
ORD7355,2025-03-04,Pune,Scooter,35.3,113,No,3.7
ORD7356,2025-03-19,Chennai,Scooter,13.7,71,No,4.8
ORD7357,2025-03-18,Delhi,Scooter,17.7,76,Yes,3.3
ORD7358,2025-03-13,Hyderabad,Van,51.2,30,Yes,3.5
ORD7359,2025-03-26,Mumbai,Truck,36.5,29,No,4.7
ORD7360,2025-03-23,Pune,Bike,19.8,79,No,3.1
ORD7361,2025-03-27,Bengaluru,Truck,30.6,58,Yes,3.4
ORD7362,2025-03-13,Pune,Bike,44.9,15,Yes,4.5
ORD7363,2025-03-01,Delhi,Van,12.6,57,No,3.8
ORD7364,2025-03-01,Hyderabad,Bike,36.9,92,Yes,3.8
ORD7365,2025-03-07,Bengaluru,Bike,22.9,46,Yes,3.9
ORD7366,2025-03-04,Pune,Truck,60.0,101,No,3.1
ORD7367,2025-03-10,Pune,Bike,50.3,84,Yes,4.7
ORD7368,2025-03-09,Chennai,Bike,30.7,75,No,3.1
ORD7369,2025-03-20,Chennai,Scooter,30.7,48,Yes,3.9
ORD7370,2025-03-28,Bengaluru,Bike,23.8,11,Yes,4.5
ORD7371,2025-03-04,Delhi,Van,45.5,85,No,4.0
ORD7372,2025-03-30,Pune,Bike,24.8,57,Yes,3.4
ORD7373,2025-03-11,Pune,Bike,12.0,64,No,4.5
ORD7374,2025-03-24,Mumbai,Bike,4.8,89,No,3.1
ORD7375,2025-03-26,Chennai,Van,49.4,61,Yes,4.6
ORD7376,2025-03-21,Chennai,Van,10.0,51,No,3.6
ORD7377,2025-03-28,Hyderabad,Scooter,30.6,21,No,3.5
ORD7378,2025-03-13,Mumbai,Bike,47.9,17,No,4.8
ORD7379,2025-03-09,Mumbai,Truck,50.9,73,Yes,4.8
ORD7380,2025-03-07,Mumbai,Truck,52.6,109,No,3.5
ORD7381,2025-03-23,Mumbai,Scooter,2.6,32,Yes,3.7
ORD7382,2025-03-08,Chennai,Van,19.6,48,Yes,3.6
ORD7383,2025-03-19,Chennai,Bike,31.8,24,No,3.9
ORD7384,2025-03-22,Mumbai,Scooter,49.3,88,Yes,4.6
ORD7385,2025-03-16,Chennai,Truck,45.7,90,No,3.8
ORD7386,2025-03-05,Delhi,Van,39.0,42,No,4.0
ORD7387,2025-03-12,Chennai,Bike,8.4,115,Yes,3.1
ORD7388,2025-03-27,Delhi,Bike,15.4,115,Yes,3.4
ORD7389,2025-03-12,Chennai,Scooter,60.0,116,No,4.7
ORD7390,2025-03-27,Hyderabad,Bike,59.3,21,Yes,4.4
ORD7391,2025-03-13,Chennai,Truck,21.3,43,No,4.1
ORD7392,2025-03-29,Pune,Bike,41.2,37,No,3.9
ORD7393,2025-03-01,Hyderabad,Van,33.0,110,No,3.6
ORD7394,2025-03-06,Bengaluru,Truck,15.7,104,Yes,3.3
ORD7395,2025-03-26,Delhi,Van,36.8,62,Yes,3.9
ORD7396,2025-03-07,Delhi,Scooter,37.9,107,No,4.6
ORD7397,2025-03-14,Pune,Bike,9.7,73,No,3.0
ORD7398,2025-03-23,Hyderabad,Truck,2.6,32,No,4.4
ORD7399,2025-03-28,Hyderabad,Van,54.9,10,Yes,4.1
ORD7400,2025-03-28,Chennai,Scooter,39.5,42,Yes,3.9
ORD7401,2025-03-25,Delhi,Bike,53.3,42,Yes,4.8
ORD7402,2025-03-30,Hyderabad,Truck,52.8,41,Yes,4.5
ORD7403,2025-03-27,Chennai,Truck,26.7,73,No,4.9
ORD7404,2025-03-06,Chennai,Scooter,27.9,31,No,4.8
ORD7405,2025-03-19,Pune,Truck,44.7,108,Yes,3.3
ORD7406,2025-03-13,Pune,Bike,19.8,112,No,4.5
ORD7407,2025-03-15,Mumbai,Scooter,25.6,67,Yes,4.0
ORD7408,2025-03-29,Mumbai,Truck,29.0,21,Yes,4.1
ORD7409,2025-03-04,Pune,Truck,55.4,102,Yes,4.0
ORD7410,2025-03-24,Bengaluru,Truck,21.1,95,Yes,3.9
ORD7411,2025-03-10,Delhi,Truck,36.9,56,Yes,4.9
ORD7412,2025-03-20,Pune,Truck,34.3,48,Yes,3.6
ORD7413,2025-03-06,Hyderabad,Van,25.3,32,Yes,4.0
ORD7414,2025-03-27,Delhi,Truck,9.7,25,Yes,4.3
ORD7415,2025-03-02,Chennai,Bike,25.5,100,No,4.6
ORD7416,2025-03-02,Hyderabad,Scooter,50.7,53,No,3.5
ORD7417,2025-03-01,Mumbai,Truck,25.5,46,Yes,3.6
ORD7418,2025-03-21,Hyderabad,Truck,20.8,70,Yes,3.6
ORD7419,2025-03-26,Mumbai,Van,37.3,79,Yes,4.0
ORD7420,2025-03-30,Chennai,Van,9.8,47,Yes,3.9
ORD7421,2025-03-16,Bengaluru,Bike,14.1,77,Yes,4.4
ORD7422,2025-03-28,Pune,Bike,51.3,96,No,3.4
ORD7423,2025-03-11,Pune,Bike,35.0,108,No,4.2
ORD7424,2025-03-13,Mumbai,Scooter,53.4,65,No,3.5
ORD7425,2025-03-14,Pune,Scooter,35.5,81,Yes,4.8
ORD7426,2025-03-28,Mumbai,Van,4.0,74,No,4.5
ORD7427,2025-03-27,Bengaluru,Van,21.1,57,Yes,4.6
ORD7428,2025-03-04,Bengaluru,Van,18.6,110,No,3.7
ORD7429,2025-03-20,Hyderabad,Van,36.3,38,Yes,3.2
ORD7430,2025-03-21,Pune,Van,16.5,101,Yes,3.4
ORD7431,2025-03-11,Chennai,Van,32.4,41,Yes,3.2
ORD7432,2025-03-20,Delhi,Van,12.4,42,No,5.0
ORD7433,2025-03-10,Mumbai,Van,23.2,116,Yes,4.4
ORD7434,2025-03-06,Chennai,Bike,58.1,81,No,4.3
ORD7435,2025-03-14,Chennai,Van,20.0,42,Yes,3.2
ORD7436,2025-03-29,Pune,Bike,9.9,11,No,3.2
ORD7437,2025-03-09,Pune,Van,5.3,56,No,3.3
ORD7438,2025-03-18,Chennai,Scooter,36.7,51,Yes,4.3
ORD7439,2025-03-27,Chennai,Van,30.4,12,Yes,4.2
ORD7440,2025-03-14,Chennai,Scooter,3.6,113,No,4.5
ORD7441,2025-03-26,Hyderabad,Bike,14.1,72,No,4.3
ORD7442,2025-03-04,Hyderabad,Bike,14.5,10,Yes,4.8
ORD7443,2025-03-01,Bengaluru,Bike,38.1,79,No,3.6
ORD7444,2025-03-23,Hyderabad,Scooter,34.2,94,No,4.1
ORD7445,2025-03-15,Mumbai,Van,59.3,35,Yes,4.4
ORD7446,2025-03-21,Mumbai,Scooter,47.5,108,No,3.0
ORD7447,2025-03-15,Hyderabad,Truck,30.3,56,No,3.2
ORD7448,2025-03-24,Chennai,Van,45.8,70,No,4.1
ORD7449,2025-03-07,Bengaluru,Truck,51.6,18,No,4.9
ORD7450,2025-03-16,Bengaluru,Truck,46.4,100,No,3.7
ORD7451,2025-03-06,Pune,Van,20.5,111,Yes,3.1
ORD7452,2025-03-23,Hyderabad,Van,44.3,117,No,4.9
ORD7453,2025-03-01,Pune,Bike,23.3,103,Yes,3.6
ORD7454,2025-03-08,Delhi,Truck,16.4,80,Yes,4.7
ORD7455,2025-03-08,Hyderabad,Van,51.3,79,No,4.7
ORD7456,2025-03-30,Chennai,Van,57.0,22,No,4.6
ORD7457,2025-03-18,Chennai,Truck,30.8,52,Yes,4.9
ORD7458,2025-03-01,Hyderabad,Van,55.3,81,No,4.9
ORD7459,2025-03-27,Delhi,Truck,20.8,83,No,4.0
ORD7460,2025-03-30,Chennai,Truck,31.5,100,No,3.6
ORD7461,2025-03-16,Mumbai,Bike,22.0,20,Yes,4.7
ORD7462,2025-03-12,Mumbai,Van,2.4,89,Yes,3.2
ORD7463,2025-03-12,Mumbai,Bike,40.2,19,Yes,4.4
ORD7464,2025-03-19,Mumbai,Scooter,6.2,15,Yes,4.0
ORD7465,2025-03-12,Chennai,Bike,15.5,13,Yes,3.0
ORD7466,2025-03-07,Bengaluru,Truck,55.1,63,Yes,3.3
ORD7467,2025-03-23,Chennai,Scooter,5.1,52,No,4.8
ORD7468,2025-03-08,Bengaluru,Truck,24.7,39,Yes,3.3
ORD7469,2025-03-21,Delhi,Truck,12.9,16,Yes,3.7
ORD7470,2025-03-04,Delhi,Bike,58.8,82,Yes,4.6
ORD7471,2025-03-20,Chennai,Bike,39.0,99,No,3.0
ORD7472,2025-03-06,Bengaluru,Truck,12.3,118,No,3.9
ORD7473,2025-03-18,Pune,Truck,39.5,14,No,3.1
ORD7474,2025-03-01,Chennai,Truck,42.9,102,No,3.9
ORD7475,2025-03-12,Chennai,Scooter,5.8,81,Yes,3.6
ORD7476,2025-03-02,Bengaluru,Truck,38.2,112,No,3.9
ORD7477,2025-03-19,Pune,Van,31.7,59,Yes,4.0
ORD7478,2025-03-22,Hyderabad,Bike,18.6,30,Yes,3.2
ORD7479,2025-03-29,Delhi,Bike,22.3,105,Yes,4.4
ORD7480,2025-03-27,Pune,Scooter,25.7,58,Yes,4.3
ORD7481,2025-03-15,Pune,Bike,31.1,99,Yes,3.5
ORD7482,2025-03-21,Delhi,Van,49.0,42,No,4.6
ORD7483,2025-03-26,Delhi,Scooter,15.0,41,No,3.6
ORD7484,2025-03-19,Delhi,Scooter,53.8,30,No,3.2
ORD7485,2025-03-10,Pune,Scooter,8.6,57,Yes,5.0
ORD7486,2025-03-07,Pune,Van,9.4,61,No,3.9
ORD7487,2025-03-05,Delhi,Bike,13.1,66,No,5.0
ORD7488,2025-03-12,Chennai,Truck,11.4,107,No,3.3
ORD7489,2025-03-18,Chennai,Truck,45.8,42,Yes,4.5
ORD7490,2025-03-01,Chennai,Van,21.1,41,No,3.9
ORD7491,2025-03-12,Hyderabad,Van,17.2,95,No,4.7
ORD7492,2025-03-24,Hyderabad,Scooter,22.8,86,Yes,3.2
ORD7493,2025-03-28,Hyderabad,Scooter,13.5,12,No,3.6
ORD7494,2025-03-25,Bengaluru,Scooter,49.4,81,No,4.5
ORD7495,2025-03-19,Mumbai,Van,36.1,52,No,3.4
ORD7496,2025-03-09,Chennai,Scooter,18.2,113,No,3.4
ORD7497,2025-03-22,Chennai,Van,60.0,113,Yes,4.2
ORD7498,2025-03-20,Pune,Bike,55.3,99,Yes,4.8
ORD7499,2025-03-03,Bengaluru,Bike,42.1,80,No,3.3
ORD7500,2025-03-19,Pune,Scooter,19.0,108,Yes,3.6
ORD7501,2025-03-29,Bengaluru,Bike,4.0,28,No,3.0
ORD7502,2025-03-07,Pune,Scooter,32.3,56,Yes,4.7
ORD7503,2025-03-25,Delhi,Scooter,46.8,52,No,4.4
ORD7504,2025-03-15,Bengaluru,Scooter,20.9,76,No,5.0
ORD7505,2025-03-12,Bengaluru,Truck,52.6,86,No,4.2
ORD7506,2025-03-02,Delhi,Bike,47.2,42,Yes,4.7
ORD7507,2025-03-21,Hyderabad,Bike,53.4,83,Yes,4.8
ORD7508,2025-03-14,Delhi,Bike,33.4,96,No,4.1
ORD7509,2025-03-14,Delhi,Scooter,37.4,32,Yes,3.9
ORD7510,2025-03-02,Delhi,Van,20.0,47,Yes,3.4
ORD7511,2025-03-11,Bengaluru,Scooter,41.3,54,Yes,3.4
ORD7512,2025-03-20,Mumbai,Truck,4.2,45,Yes,4.3
ORD7513,2025-03-24,Bengaluru,Scooter,12.2,104,No,4.7
ORD7514,2025-03-30,Chennai,Truck,28.5,86,No,3.5
ORD7515,2025-03-14,Hyderabad,Truck,53.6,84,Yes,4.4
ORD7516,2025-03-20,Mumbai,Truck,34.9,47,No,4.6
ORD7517,2025-03-15,Chennai,Scooter,45.4,102,Yes,4.2
ORD7518,2025-03-01,Bengaluru,Truck,42.9,78,No,4.7
ORD7519,2025-03-12,Mumbai,Bike,7.8,76,Yes,3.7
ORD7520,2025-03-08,Hyderabad,Van,6.5,80,No,3.8
ORD7521,2025-03-04,Delhi,Van,37.1,64,Yes,4.9
ORD7522,2025-03-15,Pune,Truck,54.3,103,Yes,4.2
ORD7523,2025-03-01,Delhi,Van,39.9,68,No,3.0
ORD7524,2025-03-09,Chennai,Scooter,14.4,75,No,4.4
ORD7525,2025-03-04,Bengaluru,Bike,16.3,55,Yes,4.4
ORD7526,2025-03-12,Bengaluru,Scooter,41.2,91,Yes,3.1
ORD7527,2025-03-24,Hyderabad,Bike,53.7,99,No,4.4
ORD7528,2025-03-21,Bengaluru,Scooter,13.8,39,Yes,4.1
ORD7529,2025-03-02,Hyderabad,Truck,46.7,108,No,4.5
ORD7530,2025-03-07,Pune,Van,30.3,107,Yes,3.0
ORD7531,2025-03-15,Chennai,Scooter,47.4,94,Yes,3.7
ORD7532,2025-03-29,Pune,Truck,13.6,81,No,4.0
ORD7533,2025-03-05,Mumbai,Bike,52.6,106,Yes,4.8
ORD7534,2025-03-11,Pune,Bike,37.3,47,No,4.7
ORD7535,2025-03-04,Chennai,Van,23.1,98,Yes,4.5
ORD7536,2025-03-29,Chennai,Van,42.9,95,No,3.3
ORD7537,2025-03-16,Delhi,Truck,41.6,49,Yes,3.4
ORD7538,2025-03-23,Bengaluru,Bike,14.7,67,Yes,4.9
ORD7539,2025-03-07,Pune,Bike,2.1,29,No,3.2
ORD7540,2025-03-12,Hyderabad,Scooter,4.9,100,No,4.2
ORD7541,2025-03-21,Delhi,Van,57.7,53,Yes,3.9
ORD7542,2025-03-03,Bengaluru,Bike,32.2,74,Yes,3.2
ORD7543,2025-03-24,Delhi,Truck,27.5,41,No,3.5
ORD7544,2025-03-04,Mumbai,Truck,22.1,12,No,4.1
ORD7545,2025-03-18,Bengaluru,Bike,52.8,65,No,4.5
ORD7546,2025-03-11,Mumbai,Bike,40.9,15,No,4.4
ORD7547,2025-03-01,Pune,Truck,54.1,108,No,4.3
ORD7548,2025-03-07,Mumbai,Truck,13.5,27,Yes,4.9
ORD7549,2025-03-02,Bengaluru,Scooter,39.3,98,Yes,4.2
ORD7550,2025-03-30,Mumbai,Truck,54.5,71,No,4.1
ORD7551,2025-03-22,Hyderabad,Bike,34.2,61,No,4.7
ORD7552,2025-03-15,Hyderabad,Scooter,16.5,76,Yes,3.5
ORD7553,2025-03-21,Chennai,Scooter,16.9,84,No,3.3
ORD7554,2025-03-23,Pune,Van,22.9,118,Yes,4.6
ORD7555,2025-03-28,Delhi,Truck,50.3,48,Yes,3.6
ORD7556,2025-03-04,Chennai,Truck,45.6,38,Yes,3.8
ORD7557,2025-03-18,Delhi,Truck,40.9,54,No,4.1
ORD7558,2025-03-08,Hyderabad,Bike,35.7,23,No,4.9
ORD7559,2025-03-15,Pune,Bike,55.8,54,Yes,4.1
ORD7560,2025-03-24,Pune,Van,15.1,68,No,3.3
ORD7561,2025-03-25,Hyderabad,Truck,50.3,119,Yes,5.0
ORD7562,2025-03-12,Hyderabad,Bike,46.4,39,No,3.4
ORD7563,2025-03-14,Mumbai,Van,4.7,107,Yes,3.9
ORD7564,2025-03-01,Mumbai,Van,48.9,114,No,3.1
ORD7565,2025-03-01,Pune,Scooter,19.1,97,Yes,3.4
ORD7566,2025-03-19,Mumbai,Bike,58.3,68,No,4.0
ORD7567,2025-03-23,Bengaluru,Truck,58.7,68,Yes,4.0
ORD7568,2025-03-18,Mumbai,Bike,22.6,41,Yes,3.1
ORD7569,2025-03-26,Bengaluru,Bike,8.5,78,Yes,4.1
ORD7570,2025-03-10,Mumbai,Bike,28.4,28,Yes,4.6
ORD7571,2025-03-06,Bengaluru,Scooter,36.9,37,No,3.0
ORD7572,2025-03-13,Bengaluru,Scooter,46.5,67,Yes,3.3
ORD7573,2025-03-18,Pune,Truck,50.9,33,Yes,4.3
ORD7574,2025-03-24,Pune,Scooter,32.4,15,No,4.3
ORD7575,2025-03-04,Pune,Van,47.4,40,No,4.5
ORD7576,2025-03-28,Chennai,Truck,13.8,33,No,4.5
ORD7577,2025-03-26,Chennai,Scooter,8.1,75,Yes,3.8
ORD7578,2025-03-04,Mumbai,Truck,22.2,78,No,3.4
ORD7579,2025-03-03,Chennai,Bike,59.6,66,No,4.7
ORD7580,2025-03-21,Bengaluru,Van,54.0,36,Yes,4.1
ORD7581,2025-03-06,Mumbai,Truck,31.0,98,No,5.0
ORD7582,2025-03-21,Bengaluru,Bike,20.3,45,Yes,3.7
ORD7583,2025-03-07,Pune,Van,57.4,88,No,4.8
ORD7584,2025-03-09,Delhi,Van,11.9,69,No,3.8
ORD7585,2025-03-01,Mumbai,Truck,13.6,30,Yes,4.4
ORD7586,2025-03-30,Hyderabad,Bike,10.7,64,No,3.6
ORD7587,2025-03-13,Delhi,Truck,13.6,61,No,4.7
ORD7588,2025-03-26,Bengaluru,Truck,8.6,81,Yes,3.1
ORD7589,2025-03-07,Chennai,Truck,31.1,18,Yes,3.1
ORD7590,2025-03-08,Mumbai,Scooter,38.0,43,Yes,3.4
ORD7591,2025-03-10,Mumbai,Bike,32.5,31,Yes,3.2
ORD7592,2025-03-27,Mumbai,Bike,2.6,56,No,3.7
ORD7593,2025-03-07,Pune,Scooter,48.1,62,No,4.6
ORD7594,2025-03-30,Chennai,Bike,8.6,89,No,4.0
ORD7595,2025-03-06,Mumbai,Bike,2.2,100,No,3.9
ORD7596,2025-03-05,Delhi,Bike,47.1,102,No,3.4
ORD7597,2025-03-30,Chennai,Scooter,12.0,18,No,3.3
ORD7598,2025-03-08,Chennai,Scooter,24.7,65,No,3.6
ORD7599,2025-03-20,Hyderabad,Bike,35.5,13,No,4.7
ORD7600,2025-03-16,Chennai,Van,43.7,107,Yes,3.2
ORD7601,2025-03-23,Delhi,Scooter,15.0,26,Yes,3.7
ORD7602,2025-03-04,Mumbai,Truck,7.3,84,Yes,4.4
ORD7603,2025-03-08,Chennai,Van,19.5,44,No,4.1
ORD7604,2025-03-25,Chennai,Truck,47.9,92,Yes,4.3
ORD7605,2025-03-30,Mumbai,Bike,21.9,29,No,3.4
ORD7606,2025-03-21,Pune,Scooter,12.6,74,Yes,4.3
ORD7607,2025-03-09,Chennai,Bike,54.3,107,Yes,3.7
ORD7608,2025-03-19,Bengaluru,Truck,29.2,15,No,4.7
ORD7609,2025-03-23,Pune,Truck,25.8,74,No,3.8
ORD7610,2025-03-23,Delhi,Bike,51.9,13,No,4.3
ORD7611,2025-03-22,Hyderabad,Van,48.3,78,No,3.0
ORD7612,2025-03-15,Pune,Bike,31.1,62,No,4.6
ORD7613,2025-03-08,Bengaluru,Scooter,37.3,103,Yes,4.8
ORD7614,2025-03-25,Delhi,Truck,18.5,83,No,3.3
ORD7615,2025-03-03,Chennai,Bike,16.6,92,No,4.2
ORD7616,2025-03-29,Bengaluru,Van,14.0,49,No,4.2
ORD7617,2025-03-03,Delhi,Scooter,31.8,99,No,4.0
ORD7618,2025-03-17,Bengaluru,Truck,55.1,116,Yes,4.5
ORD7619,2025-03-14,Delhi,Truck,6.0,16,Yes,3.1
ORD7620,2025-03-29,Mumbai,Truck,57.3,43,No,4.5
ORD7621,2025-03-25,Bengaluru,Truck,46.3,67,No,3.9
ORD7622,2025-03-28,Mumbai,Van,47.6,60,No,3.5
ORD7623,2025-03-14,Chennai,Van,41.4,68,Yes,3.2
ORD7624,2025-03-02,Pune,Truck,12.4,36,No,3.7
ORD7625,2025-03-27,Chennai,Van,57.9,52,No,4.4
ORD7626,2025-03-27,Bengaluru,Bike,21.8,91,Yes,3.0
ORD7627,2025-03-14,Mumbai,Truck,46.7,72,No,3.5
ORD7628,2025-03-26,Pune,Truck,45.4,39,No,4.2
ORD7629,2025-03-30,Delhi,Van,56.1,26,Yes,4.1
ORD7630,2025-03-11,Pune,Bike,45.3,18,Yes,4.9
ORD7631,2025-03-27,Chennai,Truck,21.7,12,Yes,4.4
ORD7632,2025-03-24,Delhi,Bike,3.2,52,Yes,4.0
ORD7633,2025-03-22,Mumbai,Van,15.5,75,No,3.6
ORD7634,2025-03-28,Delhi,Van,40.3,34,No,4.9
ORD7635,2025-03-14,Chennai,Van,13.9,19,No,3.2
ORD7636,2025-03-24,Chennai,Bike,32.8,103,Yes,4.9
ORD7637,2025-03-29,Pune,Bike,43.0,18,Yes,3.5
ORD7638,2025-03-22,Chennai,Van,13.8,26,Yes,4.0
ORD7639,2025-03-07,Chennai,Truck,30.0,23,Yes,3.9
ORD7640,2025-03-19,Hyderabad,Scooter,36.2,114,No,3.2
ORD7641,2025-03-28,Pune,Bike,58.5,89,Yes,4.6
ORD7642,2025-03-30,Bengaluru,Bike,11.6,88,No,3.4
ORD7643,2025-03-27,Hyderabad,Truck,43.7,74,No,3.2
ORD7644,2025-03-24,Pune,Bike,8.1,47,Yes,3.9
ORD7645,2025-03-08,Hyderabad,Bike,8.1,38,Yes,4.4
ORD7646,2025-03-14,Pune,Van,13.8,15,No,4.9
ORD7647,2025-03-21,Chennai,Truck,39.9,10,No,4.1
ORD7648,2025-03-04,Chennai,Van,48.6,42,Yes,4.7
ORD7649,2025-03-11,Pune,Scooter,35.8,61,Yes,3.4
ORD7650,2025-03-04,Bengaluru,Scooter,50.1,68,No,3.8
ORD7651,2025-03-06,Hyderabad,Scooter,24.2,49,No,4.1
ORD7652,2025-03-06,Mumbai,Scooter,37.5,33,Yes,3.6
ORD7653,2025-03-23,Delhi,Scooter,20.4,103,No,4.1
ORD7654,2025-03-02,Delhi,Van,5.7,48,Yes,3.1
ORD7655,2025-03-19,Chennai,Bike,30.5,118,Yes,4.5
ORD7656,2025-03-01,Pune,Scooter,58.8,101,No,4.5
ORD7657,2025-03-13,Hyderabad,Truck,32.6,109,No,4.8
ORD7658,2025-03-14,Mumbai,Scooter,30.2,110,No,4.6
ORD7659,2025-03-03,Bengaluru,Scooter,28.2,73,No,3.1
ORD7660,2025-03-22,Mumbai,Scooter,41.1,30,Yes,3.4
ORD7661,2025-03-19,Delhi,Bike,25.6,19,No,3.6
ORD7662,2025-03-17,Hyderabad,Truck,55.3,70,Yes,4.3
ORD7663,2025-03-04,Hyderabad,Truck,12.0,48,Yes,4.5
ORD7664,2025-03-13,Chennai,Truck,21.7,37,Yes,4.0
ORD7665,2025-03-09,Mumbai,Scooter,3.9,88,Yes,5.0
ORD7666,2025-03-29,Delhi,Bike,52.7,28,Yes,5.0
ORD7667,2025-03-27,Chennai,Bike,46.2,82,No,4.5
ORD7668,2025-03-29,Bengaluru,Scooter,7.6,103,No,3.0
ORD7669,2025-03-04,Hyderabad,Truck,34.5,33,No,4.7
ORD7670,2025-03-10,Bengaluru,Bike,37.9,13,Yes,3.8
ORD7671,2025-03-13,Chennai,Van,34.4,16,Yes,4.1
ORD7672,2025-03-18,Delhi,Bike,7.9,45,No,4.2
ORD7673,2025-03-12,Mumbai,Bike,33.4,37,Yes,3.8
ORD7674,2025-03-16,Hyderabad,Truck,14.5,112,No,4.7
ORD7675,2025-03-01,Chennai,Van,45.8,75,Yes,4.7
ORD7676,2025-03-14,Pune,Van,10.9,63,Yes,4.2
ORD7677,2025-03-29,Delhi,Scooter,3.8,23,No,3.3
ORD7678,2025-03-23,Delhi,Scooter,50.7,11,No,4.5
ORD7679,2025-03-21,Bengaluru,Van,21.6,49,No,4.6
ORD7680,2025-03-29,Hyderabad,Van,40.0,43,No,3.6
ORD7681,2025-03-07,Pune,Bike,28.3,52,No,4.0
ORD7682,2025-03-05,Delhi,Bike,3.8,71,Yes,4.6
ORD7683,2025-03-02,Bengaluru,Scooter,35.4,109,No,3.8
ORD7684,2025-03-04,Chennai,Bike,14.0,11,Yes,3.8
ORD7685,2025-03-10,Bengaluru,Van,11.1,57,No,4.4
ORD7686,2025-03-23,Hyderabad,Scooter,27.7,18,No,3.4
ORD7687,2025-03-27,Delhi,Truck,11.5,97,Yes,3.9
ORD7688,2025-03-15,Chennai,Van,12.6,70,No,3.8
ORD7689,2025-03-19,Bengaluru,Van,24.6,21,Yes,3.1
ORD7690,2025-03-25,Delhi,Bike,7.9,78,Yes,4.9
ORD7691,2025-03-25,Hyderabad,Truck,11.8,36,Yes,3.5
ORD7692,2025-03-15,Hyderabad,Truck,19.6,64,No,4.9
ORD7693,2025-03-29,Mumbai,Van,30.6,96,Yes,4.2
ORD7694,2025-03-19,Chennai,Truck,22.8,38,Yes,3.3
ORD7695,2025-03-10,Mumbai,Truck,35.1,106,Yes,4.1
ORD7696,2025-03-20,Hyderabad,Scooter,7.9,60,No,4.1
ORD7697,2025-03-03,Delhi,Truck,6.3,36,No,4.3
ORD7698,2025-03-11,Pune,Van,7.0,60,No,3.1
ORD7699,2025-03-18,Pune,Van,4.6,80,Yes,4.8
ORD7700,2025-03-27,Chennai,Bike,23.8,104,Yes,4.1
ORD7701,2025-03-30,Bengaluru,Bike,15.7,62,No,4.3
ORD7702,2025-03-02,Mumbai,Scooter,29.3,106,No,4.9
ORD7703,2025-03-22,Delhi,Scooter,20.7,51,Yes,4.6
ORD7704,2025-03-23,Pune,Truck,53.1,111,No,4.3
ORD7705,2025-03-18,Pune,Scooter,13.1,69,No,4.8
ORD7706,2025-03-24,Pune,Van,12.6,97,Yes,4.6
ORD7707,2025-03-26,Pune,Scooter,7.7,49,Yes,3.3
ORD7708,2025-03-15,Bengaluru,Bike,37.6,97,No,3.8
ORD7709,2025-03-26,Pune,Truck,8.5,109,No,3.1
ORD7710,2025-03-23,Chennai,Van,6.4,73,No,3.8
ORD7711,2025-03-16,Chennai,Van,56.5,94,No,3.7
ORD7712,2025-03-19,Mumbai,Bike,6.2,105,No,3.4
ORD7713,2025-03-19,Delhi,Truck,20.4,112,No,4.9
ORD7714,2025-03-12,Delhi,Van,25.5,38,Yes,3.2
ORD7715,2025-03-23,Pune,Bike,39.0,37,No,3.2
ORD7716,2025-03-25,Chennai,Van,38.9,105,Yes,4.4
ORD7717,2025-03-06,Hyderabad,Van,3.6,31,Yes,4.2
ORD7718,2025-03-12,Delhi,Bike,10.3,43,No,3.4
ORD7719,2025-03-07,Hyderabad,Truck,56.5,43,Yes,3.6
ORD7720,2025-03-30,Pune,Bike,25.7,78,No,5.0
ORD7721,2025-03-10,Hyderabad,Van,23.8,58,No,3.1
ORD7722,2025-03-29,Pune,Scooter,2.9,32,No,3.0
ORD7723,2025-03-12,Bengaluru,Truck,4.5,98,Yes,4.8
ORD7724,2025-03-16,Mumbai,Van,6.8,84,No,3.1
ORD7725,2025-03-13,Chennai,Scooter,36.6,47,No,3.1
ORD7726,2025-03-13,Chennai,Van,20.2,13,Yes,4.5
ORD7727,2025-03-14,Bengaluru,Bike,2.1,72,Yes,3.3
ORD7728,2025-03-06,Pune,Truck,13.5,46,Yes,4.8
ORD7729,2025-03-19,Hyderabad,Scooter,48.0,53,Yes,4.0
ORD7730,2025-03-10,Delhi,Scooter,17.8,102,No,3.8
ORD7731,2025-03-09,Bengaluru,Van,43.6,84,Yes,4.0
ORD7732,2025-03-22,Bengaluru,Truck,18.4,48,No,3.3
ORD7733,2025-03-09,Hyderabad,Bike,34.2,113,No,3.3
ORD7734,2025-03-09,Delhi,Scooter,12.0,26,No,3.6
ORD7735,2025-03-01,Bengaluru,Scooter,25.6,34,Yes,4.0
ORD7736,2025-03-01,Hyderabad,Truck,16.6,10,No,4.9
ORD7737,2025-03-13,Pune,Truck,29.7,21,No,3.3
ORD7738,2025-03-21,Hyderabad,Bike,29.9,87,Yes,3.5
ORD7739,2025-03-21,Hyderabad,Van,37.2,105,Yes,4.3
ORD7740,2025-03-26,Hyderabad,Bike,54.6,21,No,3.5
ORD7741,2025-03-28,Bengaluru,Truck,16.9,20,No,4.6
ORD7742,2025-03-22,Chennai,Bike,42.4,22,No,3.8
ORD7743,2025-03-19,Bengaluru,Truck,32.3,69,No,4.4
ORD7744,2025-03-16,Hyderabad,Bike,17.9,70,Yes,4.1
ORD7745,2025-03-24,Delhi,Scooter,39.7,38,No,4.6
ORD7746,2025-03-23,Bengaluru,Bike,17.8,52,No,4.8
ORD7747,2025-03-13,Delhi,Bike,55.5,65,No,3.8
ORD7748,2025-03-18,Mumbai,Bike,29.0,94,No,4.1
ORD7749,2025-03-24,Hyderabad,Truck,24.2,58,Yes,4.7
ORD7750,2025-03-10,Bengaluru,Scooter,7.6,13,No,3.2
ORD7751,2025-03-14,Hyderabad,Truck,12.2,53,Yes,4.7
ORD7752,2025-03-03,Delhi,Van,9.6,93,No,3.9
ORD7753,2025-03-01,Chennai,Van,22.0,118,Yes,4.8
ORD7754,2025-03-10,Pune,Truck,11.2,78,No,4.9
ORD7755,2025-03-07,Chennai,Van,53.3,13,No,4.5
ORD7756,2025-03-24,Pune,Bike,48.5,81,No,3.2
ORD7757,2025-03-28,Delhi,Scooter,14.9,52,Yes,4.1
ORD7758,2025-03-04,Bengaluru,Truck,50.9,51,No,4.8
ORD7759,2025-03-20,Hyderabad,Truck,45.2,60,Yes,3.8
ORD7760,2025-03-07,Bengaluru,Scooter,53.2,83,Yes,3.3
ORD7761,2025-03-02,Delhi,Scooter,18.8,68,No,4.2
ORD7762,2025-03-02,Pune,Truck,5.4,24,No,3.1
ORD7763,2025-03-06,Hyderabad,Scooter,12.6,32,Yes,3.1
ORD7764,2025-03-02,Pune,Scooter,25.7,61,Yes,4.1
ORD7765,2025-03-02,Delhi,Scooter,57.2,25,No,4.8
ORD7766,2025-03-04,Mumbai,Bike,44.4,29,No,3.7
ORD7767,2025-03-23,Mumbai,Van,2.5,59,No,4.0
ORD7768,2025-03-06,Pune,Bike,21.3,91,No,4.8
ORD7769,2025-03-27,Bengaluru,Scooter,10.7,85,Yes,3.3
ORD7770,2025-03-19,Bengaluru,Scooter,14.8,111,No,3.3
ORD7771,2025-03-02,Chennai,Van,32.9,18,Yes,4.8
ORD7772,2025-03-04,Mumbai,Truck,8.7,61,Yes,4.4
ORD7773,2025-03-14,Mumbai,Bike,38.9,78,No,4.4
ORD7774,2025-03-03,Hyderabad,Truck,2.2,110,No,3.2
ORD7775,2025-03-16,Chennai,Van,42.5,41,No,4.1
ORD7776,2025-03-12,Delhi,Van,46.9,71,Yes,4.3
ORD7777,2025-03-02,Pune,Van,44.7,94,Yes,4.3
ORD7778,2025-03-10,Hyderabad,Scooter,2.6,76,No,4.0
ORD7779,2025-03-29,Chennai,Bike,57.3,11,No,4.3
ORD7780,2025-03-10,Hyderabad,Truck,59.5,78,Yes,4.5
ORD7781,2025-03-12,Chennai,Van,55.0,112,Yes,4.9
ORD7782,2025-03-26,Mumbai,Scooter,55.3,104,No,4.8
ORD7783,2025-03-17,Pune,Scooter,58.2,93,Yes,3.5
ORD7784,2025-03-29,Pune,Scooter,42.7,30,No,3.7
ORD7785,2025-03-26,Hyderabad,Van,16.8,51,Yes,3.7
ORD7786,2025-03-10,Bengaluru,Van,17.4,96,No,4.4
ORD7787,2025-03-29,Hyderabad,Truck,3.1,19,Yes,4.8
ORD7788,2025-03-01,Chennai,Truck,5.9,118,No,3.0
ORD7789,2025-03-22,Bengaluru,Bike,5.3,112,No,3.7
ORD7790,2025-03-05,Mumbai,Scooter,21.1,65,No,5.0
ORD7791,2025-03-12,Mumbai,Van,36.5,47,Yes,4.1
ORD7792,2025-03-04,Hyderabad,Truck,54.1,17,No,4.9
ORD7793,2025-03-25,Bengaluru,Bike,4.9,31,Yes,3.1
ORD7794,2025-03-26,Chennai,Bike,16.5,90,No,3.1
ORD7795,2025-03-13,Hyderabad,Van,26.0,53,No,4.0
ORD7796,2025-03-03,Bengaluru,Scooter,37.1,93,No,4.7
ORD7797,2025-03-01,Bengaluru,Truck,3.0,71,No,4.1
ORD7798,2025-03-29,Bengaluru,Scooter,47.2,66,Yes,3.2
ORD7799,2025-03-05,Delhi,Scooter,50.1,112,No,4.6
ORD7800,2025-03-25,Mumbai,Truck,50.7,72,No,3.9
ORD7801,2025-03-11,Chennai,Bike,22.8,43,No,3.3
ORD7802,2025-03-04,Mumbai,Truck,20.0,108,No,4.1
ORD7803,2025-03-30,Hyderabad,Scooter,43.8,103,No,4.1
ORD7804,2025-03-30,Chennai,Bike,53.4,85,No,3.4
ORD7805,2025-03-12,Bengaluru,Scooter,45.2,93,No,4.9
ORD7806,2025-03-10,Mumbai,Scooter,12.8,85,No,4.2
ORD7807,2025-03-24,Bengaluru,Truck,58.6,71,No,3.9
ORD7808,2025-03-06,Mumbai,Bike,56.3,70,No,3.5
ORD7809,2025-03-30,Bengaluru,Bike,5.9,89,Yes,3.8
ORD7810,2025-03-02,Pune,Bike,7.6,111,No,4.5
ORD7811,2025-03-30,Delhi,Van,58.5,57,No,4.9
ORD7812,2025-03-04,Chennai,Van,45.4,103,No,4.6
ORD7813,2025-03-11,Pune,Scooter,47.8,72,Yes,4.5
ORD7814,2025-03-17,Delhi,Scooter,43.5,25,No,4.1
ORD7815,2025-03-21,Delhi,Scooter,8.4,101,No,4.2
ORD7816,2025-03-02,Delhi,Van,51.1,88,Yes,4.0
ORD7817,2025-03-04,Mumbai,Scooter,42.9,63,No,3.6
ORD7818,2025-03-14,Chennai,Van,15.4,60,No,3.0
ORD7819,2025-03-05,Chennai,Truck,54.0,80,Yes,3.3
ORD7820,2025-03-09,Bengaluru,Scooter,16.9,76,No,4.0
ORD7821,2025-03-25,Mumbai,Bike,6.7,61,No,3.1
ORD7822,2025-03-26,Bengaluru,Van,12.1,32,No,3.1
ORD7823,2025-03-26,Hyderabad,Van,21.9,25,No,4.9
ORD7824,2025-03-06,Chennai,Truck,25.3,14,No,3.3
ORD7825,2025-03-11,Hyderabad,Truck,31.6,47,Yes,3.1
ORD7826,2025-03-01,Chennai,Truck,38.7,22,No,4.5
ORD7827,2025-03-04,Hyderabad,Scooter,18.3,112,No,3.9
ORD7828,2025-03-22,Pune,Van,27.5,86,No,4.9
ORD7829,2025-03-09,Mumbai,Truck,8.2,119,Yes,3.3
ORD7830,2025-03-14,Delhi,Van,29.5,95,Yes,4.9
ORD7831,2025-03-01,Delhi,Scooter,59.6,81,No,3.4
ORD7832,2025-03-11,Delhi,Scooter,8.0,20,No,4.8
ORD7833,2025-03-06,Bengaluru,Scooter,17.4,14,No,3.6
ORD7834,2025-03-22,Chennai,Bike,42.9,24,No,3.6
ORD7835,2025-03-09,Mumbai,Van,26.4,64,No,4.6
ORD7836,2025-03-14,Bengaluru,Truck,32.2,97,Yes,4.0
ORD7837,2025-03-28,Pune,Scooter,30.0,68,Yes,4.6
ORD7838,2025-03-03,Bengaluru,Bike,54.3,34,Yes,4.2
ORD7839,2025-03-01,Pune,Truck,39.8,19,No,3.8
ORD7840,2025-03-24,Hyderabad,Bike,30.7,66,Yes,3.2
ORD7841,2025-03-26,Mumbai,Scooter,26.3,42,No,4.9
ORD7842,2025-03-13,Pune,Van,55.0,103,No,3.4
ORD7843,2025-03-08,Hyderabad,Bike,27.5,23,No,4.8
ORD7844,2025-03-17,Pune,Van,29.3,26,No,3.3
ORD7845,2025-03-16,Chennai,Scooter,40.5,80,Yes,3.5
ORD7846,2025-03-20,Hyderabad,Van,3.2,74,Yes,3.2
ORD7847,2025-03-28,Bengaluru,Van,2.1,93,No,3.0
ORD7848,2025-03-18,Pune,Bike,51.6,16,No,4.9
ORD7849,2025-03-01,Chennai,Bike,23.3,73,Yes,3.1
ORD7850,2025-03-25,Hyderabad,Scooter,10.4,71,Yes,4.3
ORD7851,2025-03-01,Hyderabad,Bike,28.3,49,Yes,3.9
ORD7852,2025-03-12,Mumbai,Bike,32.5,79,No,3.5
ORD7853,2025-03-11,Mumbai,Van,51.8,115,No,4.7
ORD7854,2025-03-07,Hyderabad,Scooter,33.6,107,Yes,4.7
ORD7855,2025-03-19,Hyderabad,Van,50.0,118,Yes,4.5
ORD7856,2025-03-02,Mumbai,Bike,10.9,87,No,3.7
ORD7857,2025-03-20,Hyderabad,Truck,38.8,87,Yes,4.5
ORD7858,2025-03-21,Mumbai,Van,10.7,30,No,4.6
ORD7859,2025-03-06,Hyderabad,Van,16.0,41,Yes,4.4
ORD7860,2025-03-18,Bengaluru,Scooter,4.6,83,No,4.6
ORD7861,2025-03-23,Hyderabad,Bike,56.7,47,Yes,4.9
ORD7862,2025-03-11,Pune,Scooter,58.3,89,Yes,4.4
ORD7863,2025-03-13,Mumbai,Scooter,34.5,110,Yes,3.4
ORD7864,2025-03-10,Hyderabad,Bike,7.2,22,Yes,4.5
ORD7865,2025-03-18,Mumbai,Truck,55.8,12,No,3.5
ORD7866,2025-03-04,Chennai,Truck,3.6,95,No,3.4
ORD7867,2025-03-09,Hyderabad,Bike,32.5,74,No,4.0
ORD7868,2025-03-03,Delhi,Bike,31.4,54,No,3.7
ORD7869,2025-03-11,Pune,Scooter,2.9,41,Yes,3.4
ORD7870,2025-03-07,Bengaluru,Bike,25.9,65,No,3.0
ORD7871,2025-03-01,Chennai,Bike,25.6,42,No,3.3
ORD7872,2025-03-05,Delhi,Van,23.1,78,No,4.2
ORD7873,2025-03-05,Chennai,Bike,59.1,98,Yes,3.2
ORD7874,2025-03-13,Delhi,Scooter,34.6,84,No,4.5
ORD7875,2025-03-01,Chennai,Bike,32.8,51,Yes,4.3
ORD7876,2025-03-20,Chennai,Scooter,47.1,108,Yes,4.2
ORD7877,2025-03-04,Bengaluru,Bike,18.8,61,No,3.4
ORD7878,2025-03-23,Bengaluru,Van,55.7,65,No,4.2
ORD7879,2025-03-08,Pune,Truck,21.3,116,No,4.3
ORD7880,2025-03-30,Mumbai,Van,60.0,64,Yes,4.8
ORD7881,2025-03-23,Chennai,Van,26.6,52,Yes,3.7
ORD7882,2025-03-24,Mumbai,Van,45.3,38,Yes,4.2
ORD7883,2025-03-18,Chennai,Van,36.4,46,Yes,4.0
ORD7884,2025-03-27,Pune,Truck,37.4,95,Yes,3.6
ORD7885,2025-03-23,Hyderabad,Van,13.2,88,No,4.6
ORD7886,2025-03-25,Hyderabad,Bike,33.9,80,No,4.8
ORD7887,2025-03-12,Mumbai,Van,22.4,10,No,3.2
ORD7888,2025-03-03,Delhi,Scooter,57.0,58,No,3.2
ORD7889,2025-03-22,Delhi,Scooter,54.6,84,Yes,4.6
ORD7890,2025-03-13,Hyderabad,Scooter,5.7,53,Yes,4.6
ORD7891,2025-03-17,Hyderabad,Van,58.9,55,Yes,4.2
ORD7892,2025-03-03,Chennai,Bike,14.2,12,Yes,4.8
ORD7893,2025-03-28,Chennai,Van,34.7,110,Yes,3.0
ORD7894,2025-03-13,Delhi,Van,13.8,27,No,3.2
ORD7895,2025-03-22,Bengaluru,Truck,31.5,44,No,4.0
ORD7896,2025-03-26,Delhi,Scooter,14.3,106,No,4.7
ORD7897,2025-03-26,Hyderabad,Van,54.9,90,No,4.1
ORD7898,2025-03-10,Delhi,Scooter,32.9,23,Yes,3.5
ORD7899,2025-03-04,Hyderabad,Van,46.6,10,No,3.1
ORD7900,2025-03-01,Chennai,Van,9.7,73,Yes,3.6
ORD7901,2025-03-30,Pune,Truck,6.7,111,No,4.6
ORD7902,2025-03-14,Bengaluru,Truck,42.4,31,Yes,3.8
ORD7903,2025-03-06,Bengaluru,Van,24.3,118,No,3.7
ORD7904,2025-03-19,Pune,Bike,52.2,52,Yes,4.9
ORD7905,2025-03-04,Hyderabad,Scooter,9.2,70,Yes,4.0
ORD7906,2025-03-11,Bengaluru,Bike,53.9,86,No,3.8
ORD7907,2025-03-20,Hyderabad,Scooter,38.4,65,No,3.7
ORD7908,2025-03-13,Chennai,Bike,38.2,106,No,4.4
ORD7909,2025-03-28,Delhi,Truck,9.7,20,Yes,4.9
ORD7910,2025-03-10,Pune,Van,52.3,83,No,3.3
ORD7911,2025-03-17,Pune,Van,48.6,72,No,4.7
ORD7912,2025-03-07,Chennai,Scooter,34.2,114,No,3.4
ORD7913,2025-03-27,Pune,Van,47.4,66,Yes,3.8
ORD7914,2025-03-13,Chennai,Van,19.6,36,No,3.0
ORD7915,2025-03-16,Delhi,Scooter,46.1,40,Yes,3.4
ORD7916,2025-03-07,Bengaluru,Van,3.5,108,Yes,4.0
ORD7917,2025-03-18,Hyderabad,Truck,39.1,95,Yes,4.1
ORD7918,2025-03-07,Chennai,Bike,51.1,37,Yes,3.3
ORD7919,2025-03-06,Chennai,Van,12.2,45,Yes,4.1
ORD7920,2025-03-23,Hyderabad,Truck,20.6,109,No,4.3
ORD7921,2025-03-13,Delhi,Van,46.3,108,No,4.1
ORD7922,2025-03-03,Hyderabad,Scooter,41.7,40,No,3.7
ORD7923,2025-03-28,Hyderabad,Van,59.1,102,No,4.4
ORD7924,2025-03-01,Chennai,Bike,13.4,73,Yes,4.3
ORD7925,2025-03-18,Hyderabad,Van,32.2,111,Yes,3.9
ORD7926,2025-03-25,Mumbai,Van,37.0,93,No,3.7
ORD7927,2025-03-11,Mumbai,Van,39.0,15,Yes,4.7
ORD7928,2025-03-30,Mumbai,Van,33.2,52,Yes,3.1
ORD7929,2025-03-29,Pune,Bike,7.8,98,Yes,4.2
ORD7930,2025-03-01,Chennai,Van,21.8,48,Yes,3.0
ORD7931,2025-03-05,Chennai,Scooter,33.7,54,No,4.9
ORD7932,2025-03-09,Delhi,Van,59.5,118,Yes,4.5
ORD7933,2025-03-19,Delhi,Scooter,6.9,18,No,3.4
ORD7934,2025-03-14,Chennai,Scooter,41.2,90,Yes,4.8
ORD7935,2025-03-29,Delhi,Truck,51.1,64,Yes,3.7
ORD7936,2025-03-08,Bengaluru,Van,47.4,21,No,3.8
ORD7937,2025-03-09,Pune,Van,28.4,52,Yes,3.7
ORD7938,2025-03-17,Delhi,Truck,26.5,14,Yes,4.7
ORD7939,2025-03-23,Chennai,Truck,45.7,108,Yes,4.8
ORD7940,2025-03-11,Chennai,Truck,31.7,119,No,3.9
ORD7941,2025-03-16,Chennai,Bike,4.6,108,Yes,3.2
ORD7942,2025-03-21,Bengaluru,Truck,47.3,118,Yes,3.2
ORD7943,2025-03-17,Mumbai,Scooter,25.8,56,Yes,4.9
ORD7944,2025-03-22,Chennai,Van,20.0,93,Yes,4.0
ORD7945,2025-03-24,Bengaluru,Bike,15.3,39,No,4.2
ORD7946,2025-03-02,Hyderabad,Van,11.4,83,No,3.5
ORD7947,2025-03-03,Chennai,Truck,22.9,25,Yes,4.1
ORD7948,2025-03-17,Delhi,Bike,40.5,73,Yes,3.8
ORD7949,2025-03-27,Bengaluru,Van,37.5,98,No,4.8
ORD7950,2025-03-12,Hyderabad,Scooter,16.7,84,No,4.1
ORD7951,2025-03-25,Delhi,Van,30.9,82,No,3.5
ORD7952,2025-03-16,Bengaluru,Bike,15.0,59,No,4.4
ORD7953,2025-03-16,Mumbai,Truck,28.3,67,No,3.5
ORD7954,2025-03-26,Delhi,Van,37.2,118,Yes,3.0
ORD7955,2025-03-06,Bengaluru,Bike,4.8,57,Yes,4.0
ORD7956,2025-03-23,Mumbai,Truck,17.9,40,Yes,3.1
ORD7957,2025-03-23,Mumbai,Bike,37.7,56,No,3.0
ORD7958,2025-03-20,Delhi,Bike,18.2,115,Yes,3.1
ORD7959,2025-03-03,Hyderabad,Van,30.7,17,Yes,3.7
ORD7960,2025-03-30,Delhi,Bike,6.1,89,Yes,3.9
ORD7961,2025-03-13,Mumbai,Bike,12.8,54,No,3.2
ORD7962,2025-03-13,Bengaluru,Scooter,55.2,108,Yes,4.3
ORD7963,2025-03-27,Mumbai,Van,8.0,84,No,4.6
ORD7964,2025-03-29,Delhi,Truck,10.4,108,Yes,3.9
ORD7965,2025-03-21,Pune,Scooter,4.1,54,No,3.2
ORD7966,2025-03-15,Mumbai,Bike,26.1,26,Yes,4.3
ORD7967,2025-03-02,Hyderabad,Truck,32.8,22,No,3.3
ORD7968,2025-03-12,Pune,Truck,56.1,92,No,4.9
ORD7969,2025-03-15,Mumbai,Van,32.3,41,Yes,3.4
ORD7970,2025-03-15,Hyderabad,Bike,29.5,42,No,4.5
ORD7971,2025-03-25,Hyderabad,Van,57.7,28,Yes,3.1
ORD7972,2025-03-12,Bengaluru,Scooter,16.1,108,Yes,3.4
ORD7973,2025-03-07,Mumbai,Bike,41.7,71,No,3.8
ORD7974,2025-03-03,Bengaluru,Scooter,22.9,31,Yes,4.4
ORD7975,2025-03-10,Chennai,Bike,19.3,60,No,3.5
ORD7976,2025-03-22,Bengaluru,Bike,29.2,67,No,3.0
ORD7977,2025-03-11,Bengaluru,Van,27.5,69,Yes,4.1
ORD7978,2025-03-28,Hyderabad,Truck,3.9,35,Yes,4.5
ORD7979,2025-03-18,Hyderabad,Van,15.8,109,Yes,3.8
ORD7980,2025-03-07,Chennai,Van,20.8,60,Yes,4.0
ORD7981,2025-03-26,Pune,Van,18.2,19,No,4.9
ORD7982,2025-03-07,Hyderabad,Bike,11.6,20,No,4.0
ORD7983,2025-03-12,Hyderabad,Bike,56.8,95,No,3.8
ORD7984,2025-03-30,Bengaluru,Van,33.7,101,No,3.8
ORD7985,2025-03-17,Hyderabad,Scooter,40.3,49,Yes,4.5
ORD7986,2025-03-30,Mumbai,Scooter,38.7,29,No,3.9
ORD7987,2025-03-14,Chennai,Van,56.8,67,Yes,4.5
ORD7988,2025-03-15,Hyderabad,Bike,58.4,38,No,4.4
ORD7989,2025-03-20,Delhi,Scooter,16.7,79,No,3.5
ORD7990,2025-03-26,Bengaluru,Scooter,51.9,52,Yes,4.5
ORD7991,2025-03-08,Pune,Truck,9.0,68,Yes,3.4
ORD7992,2025-03-26,Bengaluru,Van,28.0,54,No,4.3
ORD7993,2025-03-17,Mumbai,Scooter,39.2,30,Yes,4.9
ORD7994,2025-03-07,Delhi,Truck,56.9,118,Yes,3.9
ORD7995,2025-03-09,Pune,Bike,50.0,46,Yes,3.5
ORD7996,2025-03-16,Chennai,Scooter,10.8,70,Yes,4.1
ORD7997,2025-03-03,Bengaluru,Bike,57.9,66,Yes,3.6
ORD7998,2025-03-11,Mumbai,Truck,33.1,23,Yes,4.7
ORD7999,2025-03-10,Hyderabad,Bike,43.5,69,No,3.9
ORD8000,2025-03-11,Chennai,Truck,25.4,104,Yes,4.1
ORD8001,2025-03-09,Bengaluru,Scooter,28.7,59,Yes,3.2
ORD8002,2025-03-30,Hyderabad,Bike,2.6,91,No,4.5
ORD8003,2025-03-11,Hyderabad,Truck,10.9,40,Yes,3.9
ORD8004,2025-03-11,Mumbai,Truck,3.9,57,No,3.8
ORD8005,2025-03-18,Pune,Van,15.3,12,No,3.1
ORD8006,2025-03-28,Hyderabad,Van,31.0,18,No,3.7
ORD8007,2025-03-04,Chennai,Scooter,19.1,80,Yes,4.9
ORD8008,2025-03-05,Pune,Bike,39.6,77,No,4.8
ORD8009,2025-03-05,Hyderabad,Bike,56.2,25,No,3.2
ORD8010,2025-03-30,Pune,Van,43.6,53,Yes,5.0
ORD8011,2025-03-18,Bengaluru,Bike,12.6,57,No,4.3
ORD8012,2025-03-18,Pune,Bike,17.6,61,Yes,4.4
ORD8013,2025-03-22,Chennai,Van,10.4,83,No,5.0
ORD8014,2025-03-28,Chennai,Bike,15.0,90,No,3.4
ORD8015,2025-03-26,Mumbai,Truck,45.3,97,Yes,3.7
ORD8016,2025-03-16,Mumbai,Bike,53.7,12,No,3.1
ORD8017,2025-03-23,Mumbai,Bike,44.9,67,No,4.3
ORD8018,2025-03-09,Delhi,Truck,40.4,15,No,3.8
ORD8019,2025-03-02,Delhi,Van,58.1,25,No,4.5
ORD8020,2025-03-27,Mumbai,Van,27.3,39,No,4.5
ORD8021,2025-03-16,Hyderabad,Bike,57.1,15,Yes,4.0
ORD8022,2025-03-10,Hyderabad,Van,55.9,111,No,3.6
ORD8023,2025-03-12,Chennai,Scooter,21.9,102,No,4.5
ORD8024,2025-03-17,Pune,Truck,14.0,41,Yes,3.2
ORD8025,2025-03-16,Hyderabad,Scooter,8.0,20,No,4.6
ORD8026,2025-03-29,Hyderabad,Scooter,59.3,83,Yes,3.3
ORD8027,2025-03-17,Bengaluru,Van,32.8,29,No,3.4
ORD8028,2025-03-17,Chennai,Scooter,15.8,92,No,4.8
ORD8029,2025-03-03,Mumbai,Truck,36.2,22,Yes,3.8
ORD8030,2025-03-09,Mumbai,Truck,27.9,71,Yes,3.7
ORD8031,2025-03-02,Hyderabad,Truck,46.9,83,Yes,4.4
ORD8032,2025-03-28,Mumbai,Bike,10.5,113,No,3.0
ORD8033,2025-03-17,Mumbai,Van,54.2,114,Yes,4.0
ORD8034,2025-03-15,Hyderabad,Bike,47.8,45,No,3.8
ORD8035,2025-03-09,Pune,Truck,45.0,50,No,4.0
ORD8036,2025-03-02,Hyderabad,Bike,55.3,67,No,3.0
ORD8037,2025-03-15,Mumbai,Truck,20.5,76,Yes,4.4
ORD8038,2025-03-23,Bengaluru,Van,44.0,72,Yes,3.9
ORD8039,2025-03-14,Chennai,Van,5.4,56,Yes,4.3
ORD8040,2025-03-01,Pune,Bike,22.8,23,Yes,4.8
ORD8041,2025-03-13,Bengaluru,Truck,33.3,105,Yes,3.6
ORD8042,2025-03-09,Hyderabad,Bike,56.0,29,Yes,3.0
ORD8043,2025-03-25,Chennai,Scooter,47.3,94,No,4.8
ORD8044,2025-03-01,Bengaluru,Truck,8.4,44,No,3.6
ORD8045,2025-03-29,Delhi,Van,46.5,24,No,4.6
ORD8046,2025-03-29,Bengaluru,Scooter,9.3,50,No,4.4
ORD8047,2025-03-29,Pune,Truck,49.5,110,Yes,4.3
ORD8048,2025-03-29,Pune,Truck,49.1,44,No,4.3
ORD8049,2025-03-25,Pune,Scooter,55.1,93,Yes,4.1
ORD8050,2025-03-26,Pune,Van,59.9,111,No,4.8
ORD8051,2025-03-20,Mumbai,Van,5.5,101,Yes,3.2
ORD8052,2025-03-20,Mumbai,Truck,3.4,107,No,3.9
ORD8053,2025-03-01,Mumbai,Van,41.3,80,Yes,4.2
ORD8054,2025-03-11,Hyderabad,Truck,9.3,100,Yes,3.5
ORD8055,2025-03-12,Mumbai,Truck,46.1,76,Yes,4.8
ORD8056,2025-03-24,Chennai,Van,15.4,55,Yes,3.5
ORD8057,2025-03-05,Bengaluru,Scooter,3.5,10,No,3.3
ORD8058,2025-03-19,Bengaluru,Van,5.0,31,No,3.0
ORD8059,2025-03-18,Hyderabad,Van,26.5,58,No,4.9
ORD8060,2025-03-30,Chennai,Bike,52.7,44,Yes,3.5
ORD8061,2025-03-07,Chennai,Scooter,59.5,32,Yes,3.7
ORD8062,2025-03-27,Chennai,Van,45.6,34,Yes,5.0
ORD8063,2025-03-26,Delhi,Bike,7.0,93,No,3.2
ORD8064,2025-03-19,Mumbai,Scooter,59.5,75,No,3.2
ORD8065,2025-03-20,Delhi,Van,6.2,78,No,3.6
ORD8066,2025-03-21,Bengaluru,Bike,13.2,70,Yes,4.5
ORD8067,2025-03-16,Hyderabad,Van,48.1,30,Yes,4.4
ORD8068,2025-03-26,Chennai,Bike,14.7,37,No,4.4
ORD8069,2025-03-10,Mumbai,Van,27.8,32,No,3.9
ORD8070,2025-03-08,Delhi,Van,27.1,83,No,3.2
ORD8071,2025-03-03,Pune,Van,15.7,70,No,4.1
ORD8072,2025-03-29,Delhi,Truck,42.2,112,No,4.5
ORD8073,2025-03-01,Mumbai,Bike,12.6,85,Yes,3.5
ORD8074,2025-03-18,Pune,Truck,32.3,43,Yes,3.8
ORD8075,2025-03-07,Pune,Truck,47.7,26,Yes,4.2
ORD8076,2025-03-13,Bengaluru,Bike,28.1,73,Yes,4.0
ORD8077,2025-03-25,Pune,Scooter,55.3,53,Yes,3.9
ORD8078,2025-03-15,Mumbai,Scooter,35.7,35,No,3.7
ORD8079,2025-03-15,Bengaluru,Truck,9.6,108,Yes,4.6
ORD8080,2025-03-08,Chennai,Van,49.5,102,No,3.0
ORD8081,2025-03-10,Chennai,Truck,51.8,105,Yes,4.0
ORD8082,2025-03-29,Bengaluru,Truck,38.0,25,Yes,4.0
ORD8083,2025-03-08,Bengaluru,Van,47.4,10,No,3.3
ORD8084,2025-03-14,Pune,Van,45.1,61,No,4.4
ORD8085,2025-03-02,Chennai,Van,31.2,82,Yes,4.9
ORD8086,2025-03-04,Hyderabad,Scooter,34.6,108,Yes,3.1
ORD8087,2025-03-29,Chennai,Van,24.6,39,Yes,3.8
ORD8088,2025-03-03,Bengaluru,Truck,42.3,107,Yes,3.0
ORD8089,2025-03-08,Pune,Bike,16.9,41,Yes,4.6
ORD8090,2025-03-03,Hyderabad,Bike,33.1,115,No,3.1
ORD8091,2025-03-30,Chennai,Scooter,29.1,93,No,4.4
ORD8092,2025-03-25,Delhi,Van,9.0,80,No,3.6
ORD8093,2025-03-08,Mumbai,Van,31.9,42,Yes,4.5
ORD8094,2025-03-23,Delhi,Van,23.1,70,Yes,4.3
ORD8095,2025-03-04,Mumbai,Bike,21.6,12,Yes,4.6
ORD8096,2025-03-22,Pune,Van,7.6,23,Yes,4.1
ORD8097,2025-03-01,Delhi,Truck,52.0,22,Yes,3.2
ORD8098,2025-03-27,Hyderabad,Scooter,44.3,39,No,3.9
ORD8099,2025-03-05,Chennai,Bike,34.6,38,Yes,4.4
ORD8100,2025-03-22,Bengaluru,Scooter,50.2,55,No,4.0
ORD8101,2025-03-12,Hyderabad,Truck,32.6,100,No,3.1
ORD8102,2025-03-16,Delhi,Bike,18.0,118,No,3.5
ORD8103,2025-03-10,Mumbai,Bike,45.6,21,No,3.5
ORD8104,2025-03-07,Hyderabad,Scooter,24.3,61,Yes,4.3
ORD8105,2025-03-30,Hyderabad,Scooter,55.6,25,Yes,4.3
ORD8106,2025-03-06,Delhi,Bike,20.9,101,Yes,4.3
ORD8107,2025-03-02,Delhi,Truck,18.0,71,No,3.7
ORD8108,2025-03-29,Chennai,Scooter,20.4,11,No,3.9
ORD8109,2025-03-23,Bengaluru,Bike,22.9,30,No,4.6
ORD8110,2025-03-27,Delhi,Truck,28.9,39,No,4.5
ORD8111,2025-03-30,Bengaluru,Truck,4.0,119,Yes,4.0
ORD8112,2025-03-06,Pune,Van,5.3,81,Yes,4.8
ORD8113,2025-03-17,Hyderabad,Van,24.4,36,No,3.6
ORD8114,2025-03-27,Pune,Scooter,19.2,31,Yes,3.4
ORD8115,2025-03-13,Pune,Scooter,38.1,109,No,3.7
ORD8116,2025-03-27,Chennai,Truck,38.0,46,Yes,4.6
ORD8117,2025-03-15,Hyderabad,Scooter,6.7,16,No,3.8
ORD8118,2025-03-25,Pune,Truck,15.2,11,No,3.5
ORD8119,2025-03-09,Hyderabad,Bike,38.4,79,No,4.7
ORD8120,2025-03-20,Hyderabad,Truck,54.1,118,No,3.6
ORD8121,2025-03-30,Hyderabad,Van,4.0,93,No,4.2
ORD8122,2025-03-24,Chennai,Truck,27.1,103,Yes,3.4
ORD8123,2025-03-28,Mumbai,Van,45.6,28,Yes,4.2
ORD8124,2025-03-12,Pune,Van,23.1,87,Yes,4.9
ORD8125,2025-03-15,Mumbai,Bike,45.5,111,Yes,4.1
ORD8126,2025-03-22,Bengaluru,Truck,13.0,39,No,4.9
ORD8127,2025-03-03,Bengaluru,Truck,9.8,104,Yes,3.0
ORD8128,2025-03-30,Mumbai,Truck,42.7,63,No,3.7
ORD8129,2025-03-26,Bengaluru,Truck,14.6,48,No,3.6
ORD8130,2025-03-27,Bengaluru,Truck,4.3,42,Yes,4.4
ORD8131,2025-03-22,Delhi,Scooter,40.4,10,Yes,3.1
ORD8132,2025-03-17,Delhi,Truck,44.2,104,Yes,3.9
ORD8133,2025-03-12,Mumbai,Scooter,47.8,91,Yes,3.1
ORD8134,2025-03-05,Hyderabad,Van,3.2,112,No,3.9
ORD8135,2025-03-26,Chennai,Bike,39.3,102,No,4.0
ORD8136,2025-03-23,Delhi,Truck,45.3,19,Yes,3.7
ORD8137,2025-03-19,Mumbai,Van,35.9,25,No,3.6
ORD8138,2025-03-07,Pune,Truck,45.7,117,Yes,3.6
ORD8139,2025-03-02,Mumbai,Bike,29.8,51,No,4.8
ORD8140,2025-03-05,Chennai,Van,46.2,85,Yes,4.3
ORD8141,2025-03-30,Mumbai,Van,51.9,30,Yes,4.0
ORD8142,2025-03-08,Chennai,Bike,2.0,118,No,3.4
ORD8143,2025-03-20,Delhi,Van,56.0,73,Yes,4.6
ORD8144,2025-03-28,Chennai,Bike,51.9,73,Yes,4.6
ORD8145,2025-03-08,Bengaluru,Truck,46.6,72,No,3.1
ORD8146,2025-03-17,Hyderabad,Scooter,15.8,18,Yes,3.4
ORD8147,2025-03-22,Pune,Van,24.7,76,No,4.7
ORD8148,2025-03-30,Delhi,Bike,42.3,31,Yes,3.6
ORD8149,2025-03-03,Delhi,Van,27.3,46,Yes,4.7
ORD8150,2025-03-25,Delhi,Truck,45.6,25,No,4.6
ORD8151,2025-03-26,Hyderabad,Scooter,51.9,58,Yes,4.2
ORD8152,2025-03-13,Hyderabad,Scooter,37.2,115,No,3.0
ORD8153,2025-03-06,Chennai,Van,42.2,66,No,3.3
ORD8154,2025-03-13,Chennai,Scooter,8.4,103,No,4.3
ORD8155,2025-03-14,Bengaluru,Truck,37.2,110,No,3.8
ORD8156,2025-03-17,Chennai,Van,7.2,32,Yes,3.0
ORD8157,2025-03-07,Chennai,Van,3.3,67,Yes,4.6
ORD8158,2025-03-16,Bengaluru,Bike,44.8,65,No,4.3
ORD8159,2025-03-01,Bengaluru,Truck,51.2,72,Yes,4.5
ORD8160,2025-03-18,Chennai,Van,42.3,86,Yes,4.0
ORD8161,2025-03-20,Bengaluru,Van,39.3,14,No,3.7
ORD8162,2025-03-05,Delhi,Van,41.7,91,Yes,3.2
ORD8163,2025-03-14,Mumbai,Van,57.8,19,Yes,3.2
ORD8164,2025-03-23,Mumbai,Scooter,18.8,96,Yes,4.2
ORD8165,2025-03-30,Hyderabad,Bike,42.1,61,Yes,3.6
ORD8166,2025-03-01,Hyderabad,Bike,27.7,57,No,3.4
ORD8167,2025-03-24,Delhi,Van,26.7,107,Yes,3.9
ORD8168,2025-03-14,Pune,Van,44.0,11,No,4.4
ORD8169,2025-03-05,Delhi,Bike,37.4,19,Yes,3.0
ORD8170,2025-03-04,Bengaluru,Van,50.0,105,No,3.1
ORD8171,2025-03-29,Bengaluru,Truck,44.8,114,Yes,3.9
ORD8172,2025-03-04,Pune,Scooter,50.2,18,Yes,5.0
ORD8173,2025-03-20,Chennai,Truck,7.5,37,Yes,4.4
ORD8174,2025-03-03,Hyderabad,Truck,35.3,57,No,4.9
ORD8175,2025-03-18,Chennai,Scooter,12.3,108,Yes,3.2
ORD8176,2025-03-13,Mumbai,Scooter,23.4,117,No,4.6
ORD8177,2025-03-04,Mumbai,Truck,40.8,116,Yes,4.7
ORD8178,2025-03-29,Bengaluru,Van,3.9,14,No,4.6
ORD8179,2025-03-09,Hyderabad,Scooter,2.0,90,No,4.6
ORD8180,2025-03-02,Delhi,Truck,57.7,74,No,3.4
ORD8181,2025-03-16,Hyderabad,Bike,27.9,73,Yes,4.4
ORD8182,2025-03-10,Delhi,Truck,4.9,101,No,3.3
ORD8183,2025-03-09,Chennai,Van,5.1,11,No,3.9
ORD8184,2025-03-25,Delhi,Scooter,57.2,105,Yes,3.3
ORD8185,2025-03-21,Pune,Van,58.4,95,Yes,3.7
ORD8186,2025-03-23,Bengaluru,Truck,22.1,56,Yes,3.4
ORD8187,2025-03-11,Hyderabad,Bike,12.5,50,No,4.4
ORD8188,2025-03-13,Delhi,Van,27.0,85,Yes,3.2
ORD8189,2025-03-13,Pune,Van,3.8,77,No,4.0
ORD8190,2025-03-04,Pune,Van,34.7,38,No,3.0
ORD8191,2025-03-23,Chennai,Scooter,18.0,118,Yes,4.7
ORD8192,2025-03-13,Delhi,Scooter,29.5,99,No,4.3
ORD8193,2025-03-26,Chennai,Bike,18.1,113,No,3.1
ORD8194,2025-03-22,Delhi,Truck,25.9,109,No,4.7
ORD8195,2025-03-27,Mumbai,Bike,46.2,96,No,3.7
ORD8196,2025-03-09,Bengaluru,Scooter,24.1,91,Yes,4.0
ORD8197,2025-03-10,Pune,Truck,12.8,90,No,4.3
ORD8198,2025-03-01,Hyderabad,Truck,54.9,86,Yes,3.5
ORD8199,2025-03-24,Bengaluru,Scooter,42.9,40,No,4.5
ORD8200,2025-03-28,Hyderabad,Scooter,8.3,79,No,3.9
ORD8201,2025-03-07,Delhi,Van,18.1,118,No,4.0
ORD8202,2025-03-21,Bengaluru,Van,30.0,70,No,3.4
ORD8203,2025-03-28,Mumbai,Bike,37.1,45,No,3.8
ORD8204,2025-03-09,Delhi,Van,23.0,77,No,4.2
ORD8205,2025-03-05,Mumbai,Truck,51.2,24,Yes,3.6
ORD8206,2025-03-22,Delhi,Scooter,23.4,103,No,3.4
ORD8207,2025-03-22,Chennai,Van,35.7,96,No,3.3
ORD8208,2025-03-07,Hyderabad,Scooter,25.7,109,No,4.6
ORD8209,2025-03-13,Hyderabad,Scooter,56.5,11,No,3.5
ORD8210,2025-03-08,Pune,Van,13.4,17,No,3.9
ORD8211,2025-03-04,Mumbai,Van,42.7,84,No,3.4
ORD8212,2025-03-25,Mumbai,Truck,48.6,24,No,4.9
ORD8213,2025-03-11,Mumbai,Scooter,44.5,56,Yes,4.0
ORD8214,2025-03-28,Chennai,Scooter,8.9,29,No,4.8
ORD8215,2025-03-26,Delhi,Van,6.6,18,No,4.9
ORD8216,2025-03-18,Bengaluru,Van,54.1,19,Yes,3.9
ORD8217,2025-03-18,Mumbai,Van,34.8,61,Yes,3.7
ORD8218,2025-03-25,Mumbai,Van,44.9,47,No,4.0
ORD8219,2025-03-18,Pune,Van,53.3,51,Yes,4.6
ORD8220,2025-03-15,Chennai,Scooter,16.3,94,Yes,3.2
ORD8221,2025-03-10,Pune,Scooter,29.7,56,Yes,4.0
ORD8222,2025-03-13,Bengaluru,Scooter,57.0,83,No,4.6
ORD8223,2025-03-13,Hyderabad,Truck,25.7,11,No,3.7
ORD8224,2025-03-05,Pune,Bike,29.9,17,No,4.2
ORD8225,2025-03-09,Mumbai,Van,28.5,109,Yes,4.1
ORD8226,2025-03-10,Hyderabad,Van,33.8,102,Yes,3.1
ORD8227,2025-03-04,Mumbai,Van,51.2,30,Yes,4.2
ORD8228,2025-03-02,Delhi,Bike,25.6,89,No,4.8
ORD8229,2025-03-07,Mumbai,Truck,22.5,105,No,4.4
ORD8230,2025-03-21,Mumbai,Van,38.4,71,No,3.4
ORD8231,2025-03-14,Pune,Scooter,8.2,90,Yes,4.3
ORD8232,2025-03-26,Mumbai,Van,57.1,32,Yes,3.5
ORD8233,2025-03-13,Chennai,Van,12.9,15,Yes,3.2
ORD8234,2025-03-26,Chennai,Van,23.0,47,No,4.0
ORD8235,2025-03-06,Mumbai,Scooter,45.1,46,Yes,4.4
ORD8236,2025-03-01,Chennai,Scooter,35.7,117,No,4.0
ORD8237,2025-03-08,Chennai,Van,14.5,61,No,3.4
ORD8238,2025-03-27,Bengaluru,Van,42.1,46,No,3.4
ORD8239,2025-03-07,Mumbai,Van,52.6,63,Yes,3.0
ORD8240,2025-03-07,Chennai,Van,7.7,117,Yes,3.9
ORD8241,2025-03-08,Hyderabad,Van,31.4,90,Yes,3.3
ORD8242,2025-03-19,Hyderabad,Bike,18.4,56,No,5.0
ORD8243,2025-03-18,Bengaluru,Van,12.0,37,No,3.3
ORD8244,2025-03-12,Pune,Truck,35.1,86,No,4.4
ORD8245,2025-03-18,Delhi,Van,58.9,42,No,4.6
ORD8246,2025-03-06,Hyderabad,Bike,56.0,87,Yes,3.0
ORD8247,2025-03-26,Bengaluru,Bike,55.4,18,Yes,4.3
ORD8248,2025-03-19,Pune,Van,54.1,77,Yes,3.5
ORD8249,2025-03-18,Chennai,Van,49.0,51,No,3.3
ORD8250,2025-03-10,Delhi,Truck,43.8,53,No,4.7
ORD8251,2025-03-13,Delhi,Bike,53.2,32,Yes,4.6
ORD8252,2025-03-18,Delhi,Truck,4.0,27,Yes,3.0
ORD8253,2025-03-05,Pune,Van,11.8,23,No,4.4
ORD8254,2025-03-01,Hyderabad,Scooter,50.3,67,No,3.4
ORD8255,2025-03-04,Delhi,Truck,11.3,113,Yes,4.3
ORD8256,2025-03-26,Mumbai,Bike,36.9,12,No,4.7
ORD8257,2025-03-23,Chennai,Truck,12.0,83,No,4.0
ORD8258,2025-03-13,Chennai,Truck,33.4,65,Yes,4.9
ORD8259,2025-03-22,Pune,Van,56.5,92,No,4.1
ORD8260,2025-03-16,Delhi,Bike,37.4,36,Yes,4.5
ORD8261,2025-03-06,Delhi,Truck,58.6,96,No,3.5
ORD8262,2025-03-21,Delhi,Van,25.9,70,Yes,4.1
ORD8263,2025-03-08,Chennai,Van,27.0,106,Yes,4.1
ORD8264,2025-03-15,Delhi,Scooter,30.5,26,Yes,3.6
ORD8265,2025-03-30,Delhi,Truck,30.8,94,No,4.5
ORD8266,2025-03-06,Chennai,Truck,9.9,17,No,3.0
ORD8267,2025-03-18,Bengaluru,Bike,30.8,88,Yes,4.6
ORD8268,2025-03-19,Chennai,Truck,48.8,23,Yes,3.4
ORD8269,2025-03-19,Bengaluru,Van,5.6,62,No,4.0
ORD8270,2025-03-18,Hyderabad,Scooter,21.8,45,No,3.5
ORD8271,2025-03-02,Hyderabad,Truck,7.5,108,No,4.9
ORD8272,2025-03-11,Bengaluru,Bike,2.8,37,No,3.9
ORD8273,2025-03-18,Chennai,Bike,51.0,63,No,4.8
ORD8274,2025-03-10,Mumbai,Scooter,21.9,57,Yes,4.6
ORD8275,2025-03-27,Chennai,Van,19.6,85,No,4.4
ORD8276,2025-03-05,Chennai,Scooter,14.1,86,No,4.8
ORD8277,2025-03-09,Bengaluru,Bike,19.3,82,Yes,4.9
ORD8278,2025-03-26,Pune,Truck,58.9,34,No,3.3
ORD8279,2025-03-19,Mumbai,Van,45.2,57,Yes,4.3
ORD8280,2025-03-06,Mumbai,Van,30.8,105,No,4.3
ORD8281,2025-03-08,Hyderabad,Bike,14.2,63,No,4.0
ORD8282,2025-03-02,Mumbai,Scooter,3.1,58,Yes,4.0
ORD8283,2025-03-18,Bengaluru,Truck,57.4,33,Yes,3.2
ORD8284,2025-03-29,Bengaluru,Scooter,43.1,21,Yes,4.3
ORD8285,2025-03-16,Mumbai,Scooter,8.9,62,Yes,3.8
ORD8286,2025-03-08,Mumbai,Bike,12.5,66,No,4.1
ORD8287,2025-03-17,Chennai,Bike,14.6,33,Yes,3.9
ORD8288,2025-03-18,Bengaluru,Bike,13.9,20,No,4.1
ORD8289,2025-03-07,Delhi,Van,32.2,74,No,3.7
ORD8290,2025-03-09,Chennai,Scooter,25.2,85,No,3.3
ORD8291,2025-03-07,Bengaluru,Truck,50.1,38,Yes,3.2
ORD8292,2025-03-27,Bengaluru,Scooter,57.3,25,No,3.6
ORD8293,2025-03-24,Hyderabad,Bike,33.2,16,Yes,4.5
ORD8294,2025-03-24,Pune,Scooter,10.1,56,Yes,4.1
ORD8295,2025-03-03,Chennai,Bike,19.6,57,Yes,5.0
ORD8296,2025-03-06,Bengaluru,Van,36.2,81,No,3.4
ORD8297,2025-03-28,Chennai,Van,17.8,106,Yes,4.4
ORD8298,2025-03-05,Bengaluru,Van,48.5,77,Yes,4.6
ORD8299,2025-03-03,Bengaluru,Van,18.4,73,No,4.0
ORD8300,2025-03-14,Delhi,Van,35.1,33,Yes,3.1
ORD8301,2025-03-18,Hyderabad,Scooter,19.4,60,Yes,4.8
ORD8302,2025-03-26,Chennai,Bike,5.9,108,No,3.5
ORD8303,2025-03-07,Bengaluru,Van,16.4,21,Yes,3.7
ORD8304,2025-03-11,Chennai,Bike,57.6,82,Yes,3.8
ORD8305,2025-03-20,Chennai,Bike,53.0,100,Yes,4.6
ORD8306,2025-03-14,Mumbai,Truck,21.4,73,Yes,4.0
ORD8307,2025-03-16,Chennai,Scooter,45.0,59,Yes,3.1
ORD8308,2025-03-21,Mumbai,Truck,50.3,67,Yes,4.0
ORD8309,2025-03-22,Chennai,Bike,54.3,114,Yes,4.0
ORD8310,2025-03-16,Chennai,Scooter,28.1,39,Yes,4.8
ORD8311,2025-03-23,Mumbai,Scooter,33.1,82,No,3.6
ORD8312,2025-03-04,Hyderabad,Truck,22.3,19,No,3.2
ORD8313,2025-03-16,Chennai,Scooter,13.4,74,Yes,3.0
ORD8314,2025-03-08,Bengaluru,Bike,25.4,97,Yes,4.6
ORD8315,2025-03-09,Hyderabad,Van,34.9,35,Yes,3.7
ORD8316,2025-03-29,Delhi,Truck,36.7,99,Yes,4.6
ORD8317,2025-03-05,Chennai,Truck,55.2,30,No,4.2
ORD8318,2025-03-18,Delhi,Scooter,39.6,49,Yes,3.2
ORD8319,2025-03-29,Hyderabad,Truck,22.4,113,Yes,3.8
ORD8320,2025-03-13,Bengaluru,Bike,40.6,96,Yes,4.5
ORD8321,2025-03-15,Chennai,Truck,25.9,111,Yes,3.3
ORD8322,2025-03-10,Mumbai,Van,10.6,97,No,3.6
ORD8323,2025-03-05,Delhi,Scooter,47.0,17,No,4.7
ORD8324,2025-03-24,Mumbai,Scooter,11.2,119,No,4.9
ORD8325,2025-03-04,Hyderabad,Van,48.0,63,Yes,4.1
ORD8326,2025-03-29,Chennai,Truck,51.7,116,Yes,3.7
ORD8327,2025-03-19,Chennai,Van,44.8,117,No,3.8
ORD8328,2025-03-15,Pune,Truck,38.2,18,Yes,3.5
ORD8329,2025-03-08,Delhi,Van,5.3,62,No,3.5
ORD8330,2025-03-21,Delhi,Scooter,56.1,24,Yes,4.5
ORD8331,2025-03-05,Bengaluru,Bike,6.1,50,Yes,3.3
ORD8332,2025-03-09,Hyderabad,Bike,48.1,103,No,4.2
ORD8333,2025-03-17,Delhi,Van,10.0,96,Yes,3.7
ORD8334,2025-03-08,Mumbai,Scooter,3.9,92,No,4.0
ORD8335,2025-03-14,Pune,Bike,55.9,41,Yes,4.6
ORD8336,2025-03-24,Pune,Scooter,12.8,101,Yes,3.4
ORD8337,2025-03-12,Mumbai,Truck,33.2,21,No,4.2
ORD8338,2025-03-09,Chennai,Truck,8.6,42,No,3.2
ORD8339,2025-03-22,Hyderabad,Bike,38.9,74,Yes,3.9
ORD8340,2025-03-28,Pune,Bike,52.4,118,No,3.0
ORD8341,2025-03-16,Bengaluru,Bike,15.2,31,Yes,4.7
ORD8342,2025-03-30,Pune,Scooter,19.4,40,No,3.7
ORD8343,2025-03-01,Bengaluru,Bike,38.1,68,Yes,3.4
ORD8344,2025-03-01,Bengaluru,Scooter,37.4,115,No,4.8
ORD8345,2025-03-10,Delhi,Bike,48.8,24,No,4.1
ORD8346,2025-03-28,Hyderabad,Truck,49.9,61,No,4.6
ORD8347,2025-03-30,Pune,Van,2.6,25,Yes,4.4
ORD8348,2025-03-29,Hyderabad,Bike,50.1,97,Yes,4.5
ORD8349,2025-03-25,Mumbai,Van,37.7,50,No,3.3
ORD8350,2025-03-12,Bengaluru,Van,19.2,73,No,4.8
ORD8351,2025-03-24,Mumbai,Truck,2.4,84,Yes,3.8
ORD8352,2025-03-29,Pune,Van,28.7,12,Yes,4.0
ORD8353,2025-03-25,Delhi,Scooter,36.0,75,No,3.6
ORD8354,2025-03-03,Chennai,Scooter,23.6,97,No,4.8
ORD8355,2025-03-21,Bengaluru,Bike,45.3,43,No,3.8
ORD8356,2025-03-23,Mumbai,Van,6.5,18,No,3.8
ORD8357,2025-03-01,Hyderabad,Truck,11.7,66,Yes,4.9
ORD8358,2025-03-08,Mumbai,Bike,52.3,64,Yes,4.0
ORD8359,2025-03-25,Delhi,Bike,55.5,85,Yes,4.0
ORD8360,2025-03-22,Bengaluru,Truck,28.1,101,No,3.5
ORD8361,2025-03-21,Pune,Scooter,34.3,14,No,3.2
ORD8362,2025-03-20,Chennai,Van,42.0,97,Yes,3.1
ORD8363,2025-03-26,Delhi,Scooter,26.0,43,Yes,4.9
ORD8364,2025-03-16,Hyderabad,Scooter,47.2,107,No,3.5
ORD8365,2025-03-06,Delhi,Van,32.5,71,No,4.0
ORD8366,2025-03-25,Mumbai,Scooter,51.0,99,Yes,3.3
ORD8367,2025-03-20,Delhi,Truck,41.0,55,Yes,3.9
ORD8368,2025-03-24,Bengaluru,Bike,45.0,90,Yes,3.4
ORD8369,2025-03-11,Pune,Bike,5.4,30,Yes,3.7
ORD8370,2025-03-14,Mumbai,Bike,45.7,43,Yes,3.8
ORD8371,2025-03-13,Mumbai,Van,29.2,44,No,4.7
ORD8372,2025-03-28,Bengaluru,Scooter,21.4,84,Yes,4.2
ORD8373,2025-03-23,Mumbai,Scooter,27.0,48,No,3.6
ORD8374,2025-03-28,Mumbai,Scooter,12.1,79,No,3.8
ORD8375,2025-03-04,Chennai,Van,2.1,75,No,4.8
ORD8376,2025-03-26,Hyderabad,Van,40.8,10,Yes,4.8
ORD8377,2025-03-02,Delhi,Van,50.2,61,Yes,4.4
ORD8378,2025-03-30,Pune,Truck,56.0,87,Yes,4.6
ORD8379,2025-03-22,Chennai,Truck,32.8,50,Yes,4.7
ORD8380,2025-03-03,Hyderabad,Scooter,31.2,73,Yes,3.8
ORD8381,2025-03-07,Chennai,Bike,51.9,106,Yes,4.8
ORD8382,2025-03-25,Chennai,Scooter,23.8,78,Yes,4.0
ORD8383,2025-03-18,Delhi,Bike,20.5,101,Yes,3.4
ORD8384,2025-03-14,Mumbai,Van,52.6,21,No,3.1
ORD8385,2025-03-10,Delhi,Truck,11.7,40,Yes,3.4
ORD8386,2025-03-10,Hyderabad,Van,47.6,33,No,4.3
ORD8387,2025-03-26,Bengaluru,Van,52.6,72,No,4.0
ORD8388,2025-03-06,Delhi,Van,46.7,65,Yes,4.3
ORD8389,2025-03-15,Delhi,Van,29.6,109,Yes,4.4
ORD8390,2025-03-30,Hyderabad,Scooter,55.3,90,Yes,5.0
ORD8391,2025-03-16,Mumbai,Truck,9.9,36,No,4.3
ORD8392,2025-03-08,Bengaluru,Van,27.2,23,Yes,4.7
ORD8393,2025-03-27,Bengaluru,Bike,57.8,53,Yes,4.9
ORD8394,2025-03-28,Bengaluru,Truck,8.6,29,No,4.8
ORD8395,2025-03-29,Bengaluru,Van,46.3,118,No,3.8
ORD8396,2025-03-23,Chennai,Truck,25.5,19,No,3.8
ORD8397,2025-03-05,Hyderabad,Van,4.2,117,No,3.6
ORD8398,2025-03-04,Hyderabad,Bike,5.0,110,Yes,3.1
ORD8399,2025-03-25,Mumbai,Scooter,27.0,113,No,4.2
ORD8400,2025-03-08,Bengaluru,Truck,51.8,18,Yes,3.1
ORD8401,2025-03-27,Mumbai,Scooter,47.3,74,No,3.9
ORD8402,2025-03-27,Chennai,Bike,36.6,58,No,3.3
ORD8403,2025-03-10,Bengaluru,Scooter,2.1,97,Yes,4.0
ORD8404,2025-03-28,Hyderabad,Van,24.3,46,Yes,4.1
ORD8405,2025-03-10,Bengaluru,Bike,23.1,51,No,4.5
ORD8406,2025-03-21,Delhi,Scooter,5.2,23,No,3.2
ORD8407,2025-03-24,Mumbai,Van,12.2,101,No,3.0
ORD8408,2025-03-08,Pune,Truck,50.9,12,Yes,4.6
ORD8409,2025-03-21,Pune,Bike,34.0,41,Yes,4.3
ORD8410,2025-03-12,Chennai,Truck,9.2,11,No,3.4
ORD8411,2025-03-07,Mumbai,Bike,5.2,87,Yes,4.5
ORD8412,2025-03-29,Bengaluru,Van,43.2,81,Yes,4.0
ORD8413,2025-03-14,Bengaluru,Scooter,23.5,111,No,4.3
ORD8414,2025-03-03,Bengaluru,Van,57.5,18,Yes,4.8
ORD8415,2025-03-08,Chennai,Truck,45.0,54,No,3.5
ORD8416,2025-03-26,Hyderabad,Truck,35.8,103,No,3.2
ORD8417,2025-03-27,Chennai,Bike,47.1,94,Yes,3.4
ORD8418,2025-03-28,Bengaluru,Scooter,47.9,34,No,4.1
ORD8419,2025-03-04,Mumbai,Bike,11.9,77,No,3.3
ORD8420,2025-03-13,Bengaluru,Bike,33.8,53,Yes,3.7
ORD8421,2025-03-01,Pune,Scooter,49.5,59,No,4.1
ORD8422,2025-03-24,Hyderabad,Bike,22.6,70,Yes,3.6
ORD8423,2025-03-06,Delhi,Van,7.3,97,Yes,4.6
ORD8424,2025-03-24,Mumbai,Truck,12.6,14,Yes,4.3
ORD8425,2025-03-01,Hyderabad,Scooter,36.7,50,No,4.0
ORD8426,2025-03-04,Chennai,Van,54.0,116,No,4.2
ORD8427,2025-03-11,Delhi,Van,38.5,44,Yes,4.5
ORD8428,2025-03-30,Mumbai,Scooter,40.7,105,Yes,4.4
ORD8429,2025-03-18,Mumbai,Bike,32.1,10,No,3.1
ORD8430,2025-03-17,Mumbai,Van,5.5,34,No,4.8
ORD8431,2025-03-09,Pune,Truck,48.5,92,No,3.7
ORD8432,2025-03-19,Hyderabad,Bike,37.1,39,No,4.8
ORD8433,2025-03-28,Bengaluru,Truck,43.2,110,Yes,3.8
ORD8434,2025-03-21,Bengaluru,Scooter,52.5,89,Yes,4.7
ORD8435,2025-03-16,Hyderabad,Truck,17.0,86,No,4.2
ORD8436,2025-03-30,Hyderabad,Scooter,45.2,112,Yes,3.3
ORD8437,2025-03-11,Bengaluru,Scooter,8.5,96,No,4.5
ORD8438,2025-03-20,Bengaluru,Scooter,47.3,60,No,4.3
ORD8439,2025-03-06,Pune,Bike,7.9,52,No,4.1
ORD8440,2025-03-14,Pune,Scooter,20.1,77,No,4.7
ORD8441,2025-03-26,Mumbai,Scooter,19.2,57,Yes,4.8
ORD8442,2025-03-04,Hyderabad,Scooter,40.6,45,No,4.7
ORD8443,2025-03-05,Chennai,Truck,47.2,71,Yes,3.2
ORD8444,2025-03-04,Delhi,Bike,25.7,48,No,4.9
ORD8445,2025-03-04,Pune,Bike,45.5,42,No,4.8
ORD8446,2025-03-08,Mumbai,Bike,44.7,100,No,3.8
ORD8447,2025-03-23,Delhi,Scooter,4.8,18,No,3.2
ORD8448,2025-03-11,Delhi,Bike,38.1,82,No,3.1
ORD8449,2025-03-21,Chennai,Bike,48.4,61,Yes,3.7
ORD8450,2025-03-29,Delhi,Scooter,34.7,44,No,4.3
ORD8451,2025-03-09,Pune,Bike,31.0,39,Yes,4.8
ORD8452,2025-03-09,Bengaluru,Truck,30.8,64,Yes,4.1
ORD8453,2025-03-18,Delhi,Truck,4.2,53,No,4.2
ORD8454,2025-03-18,Chennai,Scooter,50.3,74,Yes,4.9
ORD8455,2025-03-29,Chennai,Truck,14.7,78,No,3.5
ORD8456,2025-03-06,Hyderabad,Truck,9.4,98,No,3.9
ORD8457,2025-03-30,Mumbai,Scooter,36.4,40,No,4.2
ORD8458,2025-03-28,Hyderabad,Van,46.3,76,No,4.1
ORD8459,2025-03-17,Chennai,Truck,17.5,30,Yes,3.5
ORD8460,2025-03-26,Mumbai,Van,7.9,55,Yes,4.2
ORD8461,2025-03-21,Mumbai,Scooter,10.8,81,Yes,3.2
ORD8462,2025-03-23,Hyderabad,Van,14.7,31,Yes,3.2
ORD8463,2025-03-04,Bengaluru,Van,8.6,60,Yes,3.7
ORD8464,2025-03-19,Bengaluru,Scooter,33.8,49,Yes,3.8
ORD8465,2025-03-04,Pune,Bike,28.0,28,No,4.6
ORD8466,2025-03-17,Pune,Van,59.2,94,Yes,4.1
ORD8467,2025-03-22,Chennai,Van,58.6,83,Yes,3.2
ORD8468,2025-03-28,Delhi,Truck,37.1,66,No,3.7
ORD8469,2025-03-01,Chennai,Truck,19.4,96,No,3.9
ORD8470,2025-03-16,Chennai,Truck,23.3,101,No,3.8
ORD8471,2025-03-03,Bengaluru,Scooter,31.6,48,Yes,3.3
ORD8472,2025-03-12,Chennai,Van,23.4,103,Yes,3.6
ORD8473,2025-03-19,Bengaluru,Bike,57.4,19,No,4.7
ORD8474,2025-03-25,Chennai,Bike,14.5,52,Yes,4.7
ORD8475,2025-03-25,Hyderabad,Scooter,46.1,104,No,3.2
ORD8476,2025-03-01,Delhi,Truck,31.6,16,Yes,4.8
ORD8477,2025-03-14,Pune,Scooter,39.0,70,Yes,5.0
ORD8478,2025-03-29,Hyderabad,Bike,19.7,14,Yes,3.4
ORD8479,2025-03-09,Delhi,Scooter,58.5,59,Yes,3.1
ORD8480,2025-03-24,Hyderabad,Van,45.4,105,No,4.2
ORD8481,2025-03-02,Delhi,Truck,22.8,43,Yes,5.0
ORD8482,2025-03-28,Chennai,Van,32.9,12,Yes,3.0
ORD8483,2025-03-30,Pune,Van,8.6,40,No,4.5
ORD8484,2025-03-16,Chennai,Van,44.8,11,No,4.4
ORD8485,2025-03-07,Bengaluru,Truck,54.0,79,Yes,4.5
ORD8486,2025-03-07,Bengaluru,Scooter,40.8,42,Yes,4.2
ORD8487,2025-03-13,Bengaluru,Bike,44.8,107,Yes,3.9
ORD8488,2025-03-19,Mumbai,Scooter,9.0,40,Yes,4.8
ORD8489,2025-03-19,Mumbai,Bike,40.9,106,No,3.5
ORD8490,2025-03-18,Hyderabad,Truck,19.2,56,Yes,4.5
ORD8491,2025-03-20,Delhi,Scooter,47.6,39,No,4.2
ORD8492,2025-03-30,Pune,Van,31.7,83,Yes,4.0
ORD8493,2025-03-26,Hyderabad,Bike,43.7,53,Yes,3.1
ORD8494,2025-03-06,Mumbai,Bike,18.1,75,No,5.0
ORD8495,2025-03-28,Bengaluru,Van,54.4,85,Yes,3.9
ORD8496,2025-03-15,Bengaluru,Scooter,17.7,42,No,4.9
ORD8497,2025-03-22,Pune,Truck,13.6,53,No,3.0
ORD8498,2025-03-03,Delhi,Scooter,16.9,17,Yes,3.5
ORD8499,2025-03-02,Bengaluru,Van,53.4,48,Yes,3.7
ORD8500,2025-03-07,Delhi,Van,24.1,80,Yes,3.1
ORD8501,2025-03-19,Delhi,Van,4.0,114,No,3.9
ORD8502,2025-03-28,Delhi,Bike,14.2,56,No,4.0
ORD8503,2025-03-10,Delhi,Van,42.6,13,No,4.9
ORD8504,2025-03-06,Mumbai,Scooter,5.0,24,No,3.3
ORD8505,2025-03-18,Pune,Bike,8.0,21,No,4.9
ORD8506,2025-03-29,Hyderabad,Van,17.9,110,No,4.8
ORD8507,2025-03-05,Chennai,Truck,37.7,16,Yes,4.2
ORD8508,2025-03-20,Chennai,Scooter,2.0,25,No,3.3
ORD8509,2025-03-20,Chennai,Scooter,50.3,29,Yes,3.6
ORD8510,2025-03-02,Mumbai,Bike,9.0,91,No,3.5
ORD8511,2025-03-22,Chennai,Bike,15.2,10,Yes,4.6
ORD8512,2025-03-05,Mumbai,Truck,53.1,82,No,4.8
ORD8513,2025-03-20,Chennai,Truck,58.2,89,No,4.8
ORD8514,2025-03-26,Chennai,Bike,20.1,82,Yes,4.3
ORD8515,2025-03-30,Chennai,Bike,35.5,46,Yes,4.7
ORD8516,2025-03-20,Hyderabad,Truck,46.8,69,No,4.4
ORD8517,2025-03-08,Bengaluru,Van,44.7,48,No,4.0
ORD8518,2025-03-25,Mumbai,Truck,19.5,80,Yes,4.0
ORD8519,2025-03-05,Hyderabad,Truck,3.3,36,No,4.3
ORD8520,2025-03-20,Chennai,Bike,2.9,108,No,3.3
ORD8521,2025-03-30,Pune,Truck,8.7,11,Yes,3.8
ORD8522,2025-03-30,Delhi,Truck,34.0,105,No,3.2
ORD8523,2025-03-16,Pune,Van,57.4,65,No,4.6
ORD8524,2025-03-03,Chennai,Van,57.3,41,No,3.8
ORD8525,2025-03-26,Bengaluru,Scooter,30.2,95,Yes,3.9
ORD8526,2025-03-26,Chennai,Truck,30.7,19,No,3.5
ORD8527,2025-03-13,Bengaluru,Van,4.1,108,Yes,3.2
ORD8528,2025-03-21,Mumbai,Truck,3.6,16,No,4.5
ORD8529,2025-03-30,Mumbai,Scooter,9.4,84,Yes,3.7
ORD8530,2025-03-26,Mumbai,Bike,7.9,116,Yes,3.2
ORD8531,2025-03-30,Bengaluru,Van,33.9,16,No,4.8
ORD8532,2025-03-06,Bengaluru,Scooter,27.3,69,No,4.3
ORD8533,2025-03-04,Hyderabad,Truck,2.9,23,Yes,3.8
ORD8534,2025-03-21,Chennai,Van,36.2,71,No,3.6
ORD8535,2025-03-21,Pune,Scooter,47.1,35,Yes,3.5
ORD8536,2025-03-10,Hyderabad,Truck,35.6,11,No,3.9
ORD8537,2025-03-18,Pune,Scooter,2.0,37,Yes,3.0
ORD8538,2025-03-20,Delhi,Truck,39.5,32,Yes,4.3
ORD8539,2025-03-18,Mumbai,Van,58.2,68,Yes,3.8
ORD8540,2025-03-25,Mumbai,Scooter,53.7,114,No,4.5
ORD8541,2025-03-30,Hyderabad,Scooter,54.5,16,No,4.2
ORD8542,2025-03-12,Hyderabad,Bike,57.8,16,Yes,4.7
ORD8543,2025-03-30,Hyderabad,Truck,48.2,73,No,4.9
ORD8544,2025-03-03,Chennai,Van,23.0,48,Yes,4.0
ORD8545,2025-03-12,Bengaluru,Bike,59.2,95,Yes,5.0
ORD8546,2025-03-25,Mumbai,Bike,32.1,68,No,4.8
ORD8547,2025-03-27,Pune,Van,32.3,106,No,4.8
ORD8548,2025-03-12,Bengaluru,Bike,13.5,38,Yes,4.2
ORD8549,2025-03-02,Chennai,Bike,33.1,70,Yes,3.8
ORD8550,2025-03-27,Mumbai,Bike,18.4,85,Yes,4.7
ORD8551,2025-03-29,Hyderabad,Van,17.7,35,Yes,3.7
ORD8552,2025-03-23,Hyderabad,Van,51.9,95,Yes,4.6
ORD8553,2025-03-26,Chennai,Bike,57.4,88,No,3.7
ORD8554,2025-03-28,Pune,Bike,41.3,104,No,4.4
ORD8555,2025-03-18,Delhi,Bike,24.5,90,Yes,4.4
ORD8556,2025-03-02,Chennai,Van,19.7,14,Yes,3.1
ORD8557,2025-03-02,Delhi,Bike,51.6,103,Yes,3.9
ORD8558,2025-03-21,Hyderabad,Truck,42.1,58,Yes,3.4
ORD8559,2025-03-26,Pune,Truck,12.3,16,Yes,4.8
ORD8560,2025-03-21,Delhi,Van,30.1,112,No,4.9
ORD8561,2025-03-28,Delhi,Bike,35.4,97,No,4.0
ORD8562,2025-03-08,Chennai,Scooter,32.1,95,No,3.5
ORD8563,2025-03-01,Delhi,Truck,13.6,54,No,3.2
ORD8564,2025-03-13,Bengaluru,Bike,20.4,38,No,4.4
ORD8565,2025-03-18,Chennai,Scooter,34.6,99,No,4.4
ORD8566,2025-03-08,Hyderabad,Scooter,41.4,59,No,4.6
ORD8567,2025-03-13,Chennai,Truck,20.4,16,No,3.2
ORD8568,2025-03-24,Pune,Van,5.6,52,Yes,3.9
ORD8569,2025-03-07,Pune,Scooter,28.8,105,No,3.1
ORD8570,2025-03-03,Chennai,Van,48.0,57,No,4.8
ORD8571,2025-03-28,Pune,Scooter,22.4,108,Yes,3.9
ORD8572,2025-03-10,Hyderabad,Bike,13.3,105,Yes,4.9
ORD8573,2025-03-19,Delhi,Bike,53.9,47,Yes,3.4
ORD8574,2025-03-27,Chennai,Bike,4.1,67,Yes,4.6
ORD8575,2025-03-13,Mumbai,Bike,14.7,50,No,4.7
ORD8576,2025-03-19,Delhi,Bike,2.9,76,Yes,3.5
ORD8577,2025-03-08,Delhi,Bike,41.8,116,Yes,4.2
ORD8578,2025-03-18,Chennai,Scooter,57.7,100,No,4.7
ORD8579,2025-03-30,Hyderabad,Truck,59.2,110,Yes,3.9
ORD8580,2025-03-27,Chennai,Truck,33.8,56,No,4.8
ORD8581,2025-03-15,Delhi,Bike,50.1,91,Yes,3.2
ORD8582,2025-03-07,Pune,Bike,50.0,110,Yes,4.7
ORD8583,2025-03-24,Delhi,Truck,14.0,100,No,3.7
ORD8584,2025-03-07,Hyderabad,Truck,32.1,22,No,4.0
ORD8585,2025-03-03,Chennai,Truck,18.5,51,Yes,3.2
ORD8586,2025-03-29,Pune,Scooter,46.9,91,No,4.9
ORD8587,2025-03-18,Hyderabad,Scooter,46.7,114,No,4.0
ORD8588,2025-03-14,Hyderabad,Truck,18.2,29,No,4.1
ORD8589,2025-03-25,Mumbai,Bike,52.4,16,Yes,3.7
ORD8590,2025-03-20,Bengaluru,Bike,24.6,22,No,3.6
ORD8591,2025-03-17,Pune,Van,10.1,40,Yes,5.0
ORD8592,2025-03-09,Delhi,Truck,55.4,108,Yes,3.3
ORD8593,2025-03-10,Bengaluru,Scooter,16.6,70,No,4.2
ORD8594,2025-03-08,Mumbai,Truck,50.6,110,No,4.9
ORD8595,2025-03-26,Pune,Truck,44.8,70,No,4.7
ORD8596,2025-03-19,Mumbai,Bike,47.3,74,No,4.5
ORD8597,2025-03-20,Pune,Van,42.5,73,No,4.3
ORD8598,2025-03-29,Hyderabad,Scooter,51.8,105,Yes,3.4
ORD8599,2025-03-02,Mumbai,Bike,12.5,22,No,3.4
ORD8600,2025-03-26,Bengaluru,Truck,59.2,66,No,4.5
ORD8601,2025-03-27,Pune,Scooter,37.7,106,No,3.3
ORD8602,2025-03-20,Delhi,Truck,34.2,105,No,4.6
ORD8603,2025-03-22,Delhi,Van,56.7,107,Yes,4.6
ORD8604,2025-03-21,Mumbai,Scooter,56.7,18,No,3.1
ORD8605,2025-03-12,Hyderabad,Truck,57.9,107,No,3.4
ORD8606,2025-03-04,Delhi,Van,54.7,33,Yes,3.1
ORD8607,2025-03-03,Bengaluru,Bike,34.1,13,No,4.3
ORD8608,2025-03-30,Bengaluru,Scooter,59.6,70,Yes,3.9
ORD8609,2025-03-23,Chennai,Truck,6.1,74,Yes,3.2
ORD8610,2025-03-01,Bengaluru,Truck,4.0,29,No,4.7
ORD8611,2025-03-26,Chennai,Scooter,46.2,14,No,3.9
ORD8612,2025-03-25,Chennai,Scooter,48.7,103,Yes,4.1
ORD8613,2025-03-15,Hyderabad,Bike,23.3,42,No,3.6
ORD8614,2025-03-01,Bengaluru,Van,5.9,82,No,3.5
ORD8615,2025-03-09,Bengaluru,Scooter,38.8,72,No,3.6
ORD8616,2025-03-27,Bengaluru,Scooter,10.2,105,No,3.2
ORD8617,2025-03-05,Mumbai,Van,31.7,30,Yes,4.1
ORD8618,2025-03-30,Hyderabad,Truck,47.1,97,No,3.4
ORD8619,2025-03-20,Mumbai,Bike,35.0,73,Yes,3.3
ORD8620,2025-03-23,Chennai,Bike,32.7,54,Yes,4.5
ORD8621,2025-03-25,Bengaluru,Scooter,38.8,94,No,3.2
ORD8622,2025-03-21,Pune,Scooter,6.6,115,Yes,3.3
ORD8623,2025-03-19,Hyderabad,Van,22.6,36,No,4.0
ORD8624,2025-03-21,Chennai,Van,51.0,10,No,4.0
ORD8625,2025-03-06,Hyderabad,Van,46.9,84,Yes,3.3
ORD8626,2025-03-08,Delhi,Van,53.3,20,No,3.1
ORD8627,2025-03-03,Delhi,Truck,45.8,104,No,4.0
ORD8628,2025-03-20,Chennai,Truck,29.3,50,Yes,3.9
ORD8629,2025-03-02,Bengaluru,Bike,20.8,12,Yes,5.0
ORD8630,2025-03-26,Hyderabad,Bike,33.0,64,Yes,4.5
ORD8631,2025-03-28,Chennai,Bike,25.0,111,Yes,3.2
ORD8632,2025-03-14,Mumbai,Bike,57.5,89,No,4.9
ORD8633,2025-03-23,Pune,Scooter,58.0,97,Yes,3.5
ORD8634,2025-03-11,Mumbai,Truck,40.3,11,Yes,4.7
ORD8635,2025-03-18,Mumbai,Scooter,38.2,98,No,3.1
ORD8636,2025-03-07,Mumbai,Scooter,54.9,17,No,3.9
ORD8637,2025-03-22,Mumbai,Van,34.3,29,No,3.8
ORD8638,2025-03-30,Mumbai,Bike,30.2,67,Yes,4.0
ORD8639,2025-03-01,Mumbai,Bike,52.5,69,Yes,4.3
ORD8640,2025-03-08,Chennai,Truck,51.6,45,No,3.2
ORD8641,2025-03-24,Pune,Truck,24.2,94,No,4.6
ORD8642,2025-03-06,Chennai,Bike,58.4,31,Yes,3.1
ORD8643,2025-03-11,Pune,Bike,19.8,88,No,3.2
ORD8644,2025-03-10,Pune,Van,39.1,90,No,4.6
ORD8645,2025-03-02,Mumbai,Van,51.4,109,Yes,4.7
ORD8646,2025-03-01,Mumbai,Truck,36.0,16,No,3.7
ORD8647,2025-03-04,Pune,Truck,36.4,98,No,4.5
ORD8648,2025-03-26,Mumbai,Bike,7.7,63,Yes,3.8
ORD8649,2025-03-30,Mumbai,Scooter,20.5,76,No,4.0
ORD8650,2025-03-09,Mumbai,Bike,26.2,51,No,3.3
ORD8651,2025-03-13,Hyderabad,Bike,23.5,117,No,3.2
ORD8652,2025-03-04,Delhi,Bike,19.8,78,No,3.3
ORD8653,2025-03-03,Pune,Scooter,3.2,40,No,3.4
ORD8654,2025-03-28,Bengaluru,Van,20.8,16,No,4.7
ORD8655,2025-03-18,Delhi,Scooter,51.8,107,Yes,3.0
ORD8656,2025-03-02,Chennai,Bike,43.7,43,No,3.4
ORD8657,2025-03-09,Bengaluru,Scooter,8.1,89,Yes,3.6
ORD8658,2025-03-07,Hyderabad,Truck,8.1,58,No,3.8
ORD8659,2025-03-02,Bengaluru,Bike,31.5,51,Yes,3.8
ORD8660,2025-03-12,Delhi,Van,36.6,92,Yes,4.6
ORD8661,2025-03-30,Bengaluru,Van,5.5,78,No,3.7
ORD8662,2025-03-17,Hyderabad,Scooter,49.3,64,Yes,3.8
ORD8663,2025-03-29,Mumbai,Truck,9.4,103,Yes,3.1
ORD8664,2025-03-29,Delhi,Bike,53.0,67,Yes,4.7
ORD8665,2025-03-14,Delhi,Bike,50.7,59,Yes,4.1
ORD8666,2025-03-14,Chennai,Van,42.4,33,Yes,4.6
ORD8667,2025-03-15,Hyderabad,Bike,41.8,32,No,3.5
ORD8668,2025-03-29,Bengaluru,Van,34.1,101,No,3.4
ORD8669,2025-03-17,Delhi,Scooter,27.7,40,Yes,3.1
ORD8670,2025-03-04,Delhi,Van,41.4,78,Yes,4.3
ORD8671,2025-03-25,Pune,Truck,52.6,55,Yes,4.0
ORD8672,2025-03-14,Chennai,Truck,14.2,79,Yes,3.6
ORD8673,2025-03-07,Hyderabad,Bike,43.9,101,Yes,3.1
ORD8674,2025-03-19,Chennai,Van,13.4,97,No,4.5
ORD8675,2025-03-25,Delhi,Bike,54.0,91,No,3.8
ORD8676,2025-03-02,Bengaluru,Van,36.1,64,Yes,3.8
ORD8677,2025-03-29,Mumbai,Bike,8.7,54,Yes,3.3
ORD8678,2025-03-09,Chennai,Truck,2.1,46,No,4.8
ORD8679,2025-03-15,Delhi,Truck,29.0,29,No,3.4
ORD8680,2025-03-19,Bengaluru,Bike,39.4,33,Yes,3.2
ORD8681,2025-03-10,Pune,Scooter,58.2,109,No,4.8
ORD8682,2025-03-28,Pune,Bike,23.1,44,No,3.8
ORD8683,2025-03-08,Hyderabad,Bike,5.0,33,Yes,3.9
ORD8684,2025-03-25,Pune,Van,36.9,100,No,4.5
ORD8685,2025-03-13,Delhi,Bike,11.7,54,No,3.5
ORD8686,2025-03-10,Delhi,Truck,58.8,57,Yes,4.4
ORD8687,2025-03-17,Bengaluru,Truck,24.5,101,No,3.0
ORD8688,2025-03-02,Hyderabad,Bike,33.6,55,Yes,3.1
ORD8689,2025-03-18,Hyderabad,Scooter,17.2,95,Yes,3.6
ORD8690,2025-03-02,Delhi,Scooter,54.5,36,Yes,4.7
ORD8691,2025-03-19,Bengaluru,Truck,6.2,31,No,3.8
ORD8692,2025-03-25,Pune,Truck,16.1,48,Yes,4.3
ORD8693,2025-03-16,Bengaluru,Truck,4.4,33,Yes,3.8
ORD8694,2025-03-15,Delhi,Van,56.5,48,Yes,3.6
ORD8695,2025-03-08,Mumbai,Truck,22.5,12,Yes,4.8
ORD8696,2025-03-07,Bengaluru,Bike,20.2,105,No,4.8
ORD8697,2025-03-30,Pune,Truck,50.4,83,No,3.3
ORD8698,2025-03-18,Mumbai,Van,53.3,106,Yes,4.1
ORD8699,2025-03-09,Chennai,Van,38.7,84,No,4.8
ORD8700,2025-03-16,Pune,Scooter,52.0,92,Yes,3.4
ORD8701,2025-03-02,Delhi,Scooter,56.9,80,No,3.8
ORD8702,2025-03-08,Pune,Scooter,27.0,84,Yes,4.4
ORD8703,2025-03-21,Bengaluru,Scooter,32.5,37,No,4.0
ORD8704,2025-03-09,Bengaluru,Scooter,12.7,24,No,4.4
ORD8705,2025-03-09,Hyderabad,Bike,53.8,46,No,3.2
ORD8706,2025-03-21,Delhi,Van,38.8,62,No,4.5
ORD8707,2025-03-01,Bengaluru,Bike,56.2,75,Yes,4.1
ORD8708,2025-03-24,Hyderabad,Scooter,23.9,16,Yes,4.4
ORD8709,2025-03-10,Mumbai,Bike,58.6,13,Yes,4.8
ORD8710,2025-03-03,Chennai,Truck,34.6,49,Yes,3.2
ORD8711,2025-03-01,Mumbai,Scooter,44.4,31,No,3.4
ORD8712,2025-03-23,Hyderabad,Scooter,38.7,46,No,4.9
ORD8713,2025-03-29,Pune,Van,4.6,103,No,3.6
ORD8714,2025-03-11,Pune,Scooter,18.1,48,Yes,3.4
ORD8715,2025-03-09,Delhi,Truck,56.2,51,No,4.0
ORD8716,2025-03-22,Pune,Van,35.0,106,No,3.2
ORD8717,2025-03-24,Pune,Van,7.5,82,No,4.9
ORD8718,2025-03-26,Pune,Scooter,39.1,65,No,3.9
ORD8719,2025-03-14,Delhi,Bike,24.2,57,Yes,4.6
ORD8720,2025-03-04,Chennai,Truck,49.6,61,Yes,4.8
ORD8721,2025-03-06,Delhi,Scooter,14.8,11,Yes,3.7
ORD8722,2025-03-28,Pune,Bike,59.7,50,No,3.2
ORD8723,2025-03-27,Hyderabad,Truck,48.2,113,Yes,3.3
ORD8724,2025-03-13,Hyderabad,Bike,6.0,117,Yes,4.2
ORD8725,2025-03-01,Mumbai,Bike,14.6,78,No,4.4
ORD8726,2025-03-04,Hyderabad,Bike,51.3,110,Yes,3.6
ORD8727,2025-03-30,Bengaluru,Van,15.7,32,Yes,3.6
ORD8728,2025-03-12,Chennai,Scooter,59.0,32,Yes,3.1
ORD8729,2025-03-01,Delhi,Scooter,24.7,27,No,4.7
ORD8730,2025-03-09,Chennai,Van,2.4,31,No,4.3
ORD8731,2025-03-21,Bengaluru,Scooter,42.1,106,No,4.5
ORD8732,2025-03-15,Mumbai,Truck,24.7,86,Yes,3.9
ORD8733,2025-03-25,Chennai,Scooter,36.8,71,No,4.9
ORD8734,2025-03-04,Hyderabad,Truck,31.2,24,Yes,4.1
ORD8735,2025-03-01,Mumbai,Bike,24.6,45,Yes,3.7
ORD8736,2025-03-10,Pune,Bike,49.9,51,Yes,4.2
ORD8737,2025-03-07,Pune,Truck,46.9,21,No,4.0
ORD8738,2025-03-04,Mumbai,Van,58.1,76,Yes,3.6
ORD8739,2025-03-27,Delhi,Bike,29.0,43,No,3.6
ORD8740,2025-03-29,Bengaluru,Bike,20.4,20,Yes,5.0
ORD8741,2025-03-04,Chennai,Scooter,46.7,55,Yes,4.5
ORD8742,2025-03-16,Mumbai,Van,26.1,76,Yes,4.8
ORD8743,2025-03-01,Bengaluru,Scooter,4.9,98,No,3.0
ORD8744,2025-03-07,Pune,Van,46.1,80,No,4.6
ORD8745,2025-03-13,Pune,Scooter,30.6,56,Yes,4.4
ORD8746,2025-03-29,Delhi,Bike,38.7,85,Yes,3.3
ORD8747,2025-03-22,Mumbai,Bike,54.1,15,No,4.6
ORD8748,2025-03-19,Mumbai,Scooter,14.5,63,No,4.5
ORD8749,2025-03-06,Delhi,Van,3.6,93,No,4.5
ORD8750,2025-03-02,Hyderabad,Scooter,7.0,117,No,4.1
ORD8751,2025-03-18,Chennai,Scooter,27.0,105,No,3.4
ORD8752,2025-03-16,Mumbai,Truck,12.7,68,Yes,4.0
ORD8753,2025-03-09,Chennai,Van,36.4,20,No,4.1
ORD8754,2025-03-10,Hyderabad,Van,46.3,104,Yes,4.1
ORD8755,2025-03-21,Mumbai,Bike,39.6,26,Yes,4.6
ORD8756,2025-03-14,Mumbai,Bike,22.5,26,Yes,4.7
ORD8757,2025-03-17,Delhi,Bike,26.6,92,Yes,3.8
ORD8758,2025-03-10,Hyderabad,Bike,8.3,114,No,4.9
ORD8759,2025-03-25,Hyderabad,Scooter,52.1,18,Yes,3.1
ORD8760,2025-03-05,Pune,Bike,49.0,12,Yes,4.1
ORD8761,2025-03-08,Mumbai,Van,29.4,39,Yes,4.0
ORD8762,2025-03-06,Pune,Bike,15.5,25,Yes,4.1
ORD8763,2025-03-08,Bengaluru,Scooter,13.7,115,Yes,3.3
ORD8764,2025-03-21,Mumbai,Truck,58.2,117,Yes,4.3
ORD8765,2025-03-04,Mumbai,Scooter,6.9,27,Yes,3.8
ORD8766,2025-03-02,Pune,Bike,59.6,90,Yes,4.4
ORD8767,2025-03-10,Pune,Truck,6.0,100,No,4.7
ORD8768,2025-03-27,Mumbai,Scooter,56.6,67,Yes,3.7
ORD8769,2025-03-02,Delhi,Truck,51.0,15,Yes,3.1
ORD8770,2025-03-09,Hyderabad,Scooter,14.6,22,Yes,3.9
ORD8771,2025-03-17,Pune,Scooter,49.7,32,No,4.0
ORD8772,2025-03-07,Hyderabad,Truck,41.4,38,Yes,3.7
ORD8773,2025-03-15,Hyderabad,Truck,2.8,16,No,4.4
ORD8774,2025-03-22,Hyderabad,Scooter,35.8,31,No,3.9
ORD8775,2025-03-13,Hyderabad,Van,4.7,61,No,3.3
ORD8776,2025-03-07,Hyderabad,Van,32.7,33,No,3.6
ORD8777,2025-03-01,Pune,Scooter,18.8,26,Yes,4.2
ORD8778,2025-03-11,Bengaluru,Truck,28.0,117,No,3.3
ORD8779,2025-03-21,Delhi,Scooter,19.8,65,Yes,4.0
ORD8780,2025-03-13,Hyderabad,Scooter,19.9,86,Yes,3.1
ORD8781,2025-03-23,Pune,Scooter,25.4,19,No,4.4
ORD8782,2025-03-21,Mumbai,Scooter,16.3,47,Yes,4.4
ORD8783,2025-03-14,Bengaluru,Bike,41.9,87,Yes,3.1
ORD8784,2025-03-02,Delhi,Van,11.6,77,Yes,4.0
ORD8785,2025-03-01,Bengaluru,Bike,6.8,42,No,4.6
ORD8786,2025-03-10,Bengaluru,Truck,4.7,102,No,4.5
ORD8787,2025-03-28,Mumbai,Scooter,2.3,88,Yes,4.3
ORD8788,2025-03-05,Chennai,Scooter,13.7,65,No,3.8
ORD8789,2025-03-04,Bengaluru,Van,42.0,62,No,3.6
ORD8790,2025-03-10,Hyderabad,Truck,5.1,99,No,4.9
ORD8791,2025-03-09,Bengaluru,Scooter,52.6,81,Yes,3.7
ORD8792,2025-03-29,Delhi,Van,38.9,51,No,3.2
ORD8793,2025-03-20,Chennai,Scooter,55.0,48,No,4.6
ORD8794,2025-03-14,Chennai,Scooter,3.4,78,Yes,4.8
ORD8795,2025-03-24,Pune,Truck,41.5,27,No,3.7
ORD8796,2025-03-08,Hyderabad,Scooter,59.2,103,No,3.0
ORD8797,2025-03-20,Pune,Bike,23.9,36,No,4.5
ORD8798,2025-03-13,Bengaluru,Truck,26.7,102,Yes,4.3
ORD8799,2025-03-03,Pune,Van,49.2,32,No,3.4
ORD8800,2025-03-05,Delhi,Truck,24.0,86,Yes,3.7
ORD8801,2025-03-14,Pune,Bike,50.3,101,No,4.0
ORD8802,2025-03-14,Delhi,Bike,36.9,80,Yes,3.8
ORD8803,2025-03-24,Chennai,Bike,25.4,79,Yes,3.9
ORD8804,2025-03-08,Chennai,Scooter,10.5,91,Yes,4.8
ORD8805,2025-03-28,Hyderabad,Bike,57.7,105,No,4.5
ORD8806,2025-03-26,Pune,Bike,16.7,90,Yes,3.8
ORD8807,2025-03-23,Bengaluru,Scooter,14.8,84,No,4.1
ORD8808,2025-03-10,Mumbai,Scooter,6.8,105,No,4.9
ORD8809,2025-03-08,Mumbai,Van,38.4,93,Yes,5.0
ORD8810,2025-03-16,Pune,Van,24.1,25,Yes,4.1
ORD8811,2025-03-12,Bengaluru,Van,9.3,30,Yes,4.0
ORD8812,2025-03-10,Mumbai,Truck,40.6,14,Yes,4.8
ORD8813,2025-03-02,Chennai,Bike,42.8,32,No,3.5
ORD8814,2025-03-27,Mumbai,Van,9.3,12,No,4.2
ORD8815,2025-03-12,Delhi,Van,49.8,20,Yes,4.2
ORD8816,2025-03-17,Pune,Bike,48.7,71,No,4.8
ORD8817,2025-03-27,Hyderabad,Truck,57.1,75,No,4.4
ORD8818,2025-03-12,Hyderabad,Scooter,8.6,74,No,3.8
ORD8819,2025-03-02,Pune,Bike,51.0,36,Yes,4.2
ORD8820,2025-03-26,Pune,Bike,6.3,33,No,3.9
ORD8821,2025-03-09,Mumbai,Scooter,53.2,16,No,3.9
ORD8822,2025-03-26,Bengaluru,Truck,35.6,37,No,4.5
ORD8823,2025-03-25,Pune,Truck,56.9,21,No,4.1
ORD8824,2025-03-02,Hyderabad,Bike,12.4,98,No,4.7
ORD8825,2025-03-13,Pune,Truck,46.8,29,No,3.9
ORD8826,2025-03-24,Bengaluru,Van,37.3,60,Yes,4.2
ORD8827,2025-03-21,Chennai,Van,40.9,89,Yes,3.6
ORD8828,2025-03-18,Bengaluru,Scooter,24.8,99,No,4.3
ORD8829,2025-03-09,Pune,Van,12.4,72,Yes,3.4
ORD8830,2025-03-01,Bengaluru,Van,59.8,107,No,4.3
ORD8831,2025-03-03,Delhi,Van,50.2,100,No,3.2
ORD8832,2025-03-07,Hyderabad,Van,18.9,62,No,4.8
ORD8833,2025-03-21,Hyderabad,Scooter,31.3,20,No,4.9
ORD8834,2025-03-06,Mumbai,Scooter,42.8,65,Yes,4.1
ORD8835,2025-03-23,Chennai,Bike,15.2,59,Yes,4.3
ORD8836,2025-03-30,Bengaluru,Bike,19.4,53,No,4.6
ORD8837,2025-03-11,Chennai,Scooter,54.7,18,Yes,3.4
ORD8838,2025-03-17,Bengaluru,Truck,25.6,77,No,4.3
ORD8839,2025-03-23,Hyderabad,Scooter,25.5,100,No,4.5
ORD8840,2025-03-10,Pune,Scooter,58.9,27,No,3.5
ORD8841,2025-03-21,Hyderabad,Bike,10.5,75,Yes,3.6
ORD8842,2025-03-12,Mumbai,Bike,8.4,92,Yes,3.4
ORD8843,2025-03-08,Pune,Van,38.9,96,Yes,3.0
ORD8844,2025-03-02,Hyderabad,Truck,49.7,69,No,5.0
ORD8845,2025-03-25,Mumbai,Scooter,28.6,81,Yes,4.7
ORD8846,2025-03-14,Chennai,Truck,25.0,69,Yes,3.1
ORD8847,2025-03-13,Hyderabad,Truck,48.4,25,No,4.7
ORD8848,2025-03-06,Mumbai,Scooter,37.2,79,Yes,3.1
ORD8849,2025-03-25,Delhi,Truck,5.0,80,Yes,4.7
ORD8850,2025-03-22,Hyderabad,Van,14.4,112,Yes,3.4
ORD8851,2025-03-06,Mumbai,Scooter,48.9,85,No,4.2
ORD8852,2025-03-17,Pune,Scooter,4.9,55,No,3.5
ORD8853,2025-03-12,Pune,Van,31.5,45,No,4.4
ORD8854,2025-03-24,Delhi,Bike,48.7,34,No,3.0
ORD8855,2025-03-09,Chennai,Truck,59.1,56,Yes,3.6
ORD8856,2025-03-06,Delhi,Bike,11.6,29,Yes,4.4
ORD8857,2025-03-16,Bengaluru,Bike,59.6,19,No,3.5
ORD8858,2025-03-17,Mumbai,Van,42.7,59,Yes,4.4
ORD8859,2025-03-08,Delhi,Van,8.9,116,Yes,3.3
ORD8860,2025-03-09,Hyderabad,Bike,57.2,23,Yes,3.4
ORD8861,2025-03-07,Pune,Scooter,51.1,39,Yes,4.2
ORD8862,2025-03-12,Bengaluru,Bike,41.5,50,No,3.6
ORD8863,2025-03-27,Bengaluru,Truck,53.1,25,No,4.5
ORD8864,2025-03-17,Chennai,Van,53.8,34,No,3.2
ORD8865,2025-03-01,Pune,Bike,26.9,69,No,4.4
ORD8866,2025-03-10,Delhi,Bike,20.6,54,Yes,3.4
ORD8867,2025-03-29,Pune,Van,47.7,70,Yes,3.1
ORD8868,2025-03-16,Mumbai,Scooter,29.6,85,No,3.9
ORD8869,2025-03-21,Bengaluru,Truck,55.9,61,Yes,4.8
ORD8870,2025-03-13,Pune,Van,28.6,66,Yes,3.7
ORD8871,2025-03-22,Delhi,Scooter,50.9,107,No,4.3
ORD8872,2025-03-05,Mumbai,Scooter,44.8,56,No,4.5
ORD8873,2025-03-29,Mumbai,Van,25.2,113,No,4.5
ORD8874,2025-03-18,Bengaluru,Bike,19.0,69,No,4.0
ORD8875,2025-03-04,Bengaluru,Bike,12.5,84,Yes,4.9
ORD8876,2025-03-21,Mumbai,Truck,59.1,79,Yes,4.0
ORD8877,2025-03-07,Mumbai,Van,28.3,88,Yes,5.0
ORD8878,2025-03-10,Delhi,Scooter,29.4,30,Yes,3.3
ORD8879,2025-03-26,Mumbai,Bike,19.8,98,Yes,4.6
ORD8880,2025-03-17,Pune,Bike,23.8,102,Yes,4.1
ORD8881,2025-03-05,Chennai,Bike,16.1,110,No,4.3
ORD8882,2025-03-15,Mumbai,Van,11.4,40,Yes,3.4
ORD8883,2025-03-14,Mumbai,Scooter,29.3,70,No,3.8
ORD8884,2025-03-02,Mumbai,Van,56.9,105,Yes,3.8
ORD8885,2025-03-18,Mumbai,Scooter,49.3,30,No,3.8
ORD8886,2025-03-16,Bengaluru,Bike,22.7,51,No,4.4
ORD8887,2025-03-02,Bengaluru,Scooter,19.0,101,Yes,3.2
ORD8888,2025-03-26,Mumbai,Van,36.6,11,Yes,4.3
ORD8889,2025-03-16,Bengaluru,Van,47.1,67,No,4.1
ORD8890,2025-03-23,Mumbai,Scooter,37.9,77,No,3.4
ORD8891,2025-03-11,Bengaluru,Truck,24.9,76,No,3.3
ORD8892,2025-03-23,Bengaluru,Truck,21.0,117,No,3.2
ORD8893,2025-03-18,Delhi,Truck,14.4,82,Yes,3.5
ORD8894,2025-03-04,Chennai,Truck,26.5,118,Yes,3.4
ORD8895,2025-03-20,Hyderabad,Scooter,19.9,25,Yes,3.5
ORD8896,2025-03-15,Hyderabad,Truck,28.9,58,Yes,3.1
ORD8897,2025-03-30,Chennai,Scooter,27.4,110,Yes,4.3
ORD8898,2025-03-23,Pune,Bike,12.6,11,No,5.0
ORD8899,2025-03-05,Hyderabad,Van,56.0,54,Yes,4.0
ORD8900,2025-03-21,Mumbai,Truck,46.3,84,Yes,3.9
ORD8901,2025-03-14,Bengaluru,Truck,14.0,108,Yes,3.6
ORD8902,2025-03-13,Delhi,Bike,24.9,110,Yes,3.8
ORD8903,2025-03-16,Pune,Scooter,33.5,95,No,3.9
ORD8904,2025-03-02,Mumbai,Van,4.3,96,Yes,3.3
ORD8905,2025-03-29,Pune,Bike,11.9,92,No,4.8
ORD8906,2025-03-05,Bengaluru,Van,16.7,58,No,3.6
ORD8907,2025-03-20,Pune,Truck,37.0,16,Yes,3.1
ORD8908,2025-03-06,Chennai,Bike,49.4,28,Yes,3.2
ORD8909,2025-03-21,Bengaluru,Van,11.9,42,No,4.0
ORD8910,2025-03-01,Hyderabad,Bike,34.7,49,No,3.9
ORD8911,2025-03-18,Chennai,Bike,8.4,33,Yes,4.4
ORD8912,2025-03-18,Pune,Van,46.4,36,Yes,3.8
ORD8913,2025-03-18,Pune,Bike,6.9,85,No,4.4
ORD8914,2025-03-08,Delhi,Bike,47.6,76,No,4.8
ORD8915,2025-03-09,Chennai,Bike,32.8,89,Yes,4.1
ORD8916,2025-03-19,Chennai,Truck,30.3,15,No,3.0
ORD8917,2025-03-06,Mumbai,Van,40.7,49,Yes,3.3
ORD8918,2025-03-03,Chennai,Van,35.2,110,Yes,3.5
ORD8919,2025-03-04,Hyderabad,Scooter,54.4,87,Yes,3.3
ORD8920,2025-03-27,Mumbai,Van,29.2,109,No,4.9
ORD8921,2025-03-01,Pune,Scooter,4.9,23,No,3.8
ORD8922,2025-03-24,Mumbai,Scooter,11.5,59,No,4.7
ORD8923,2025-03-04,Bengaluru,Scooter,33.0,27,Yes,4.3
ORD8924,2025-03-26,Bengaluru,Van,38.0,67,No,3.2
ORD8925,2025-03-21,Hyderabad,Van,51.9,10,Yes,4.1
ORD8926,2025-03-30,Pune,Van,5.8,116,Yes,5.0
ORD8927,2025-03-02,Mumbai,Bike,15.4,48,Yes,4.3
ORD8928,2025-03-15,Bengaluru,Van,19.5,85,Yes,4.8
ORD8929,2025-03-13,Chennai,Scooter,50.9,38,No,4.7
ORD8930,2025-03-07,Bengaluru,Bike,12.6,64,Yes,4.8
ORD8931,2025-03-05,Hyderabad,Scooter,31.4,40,Yes,4.7
ORD8932,2025-03-07,Mumbai,Truck,32.3,68,Yes,3.9
ORD8933,2025-03-18,Bengaluru,Truck,35.4,74,Yes,4.9
ORD8934,2025-03-30,Mumbai,Van,11.5,91,Yes,4.1
ORD8935,2025-03-30,Hyderabad,Bike,50.0,62,Yes,3.4
ORD8936,2025-03-25,Hyderabad,Truck,35.9,113,Yes,4.3
ORD8937,2025-03-02,Delhi,Bike,39.2,46,No,3.1
ORD8938,2025-03-17,Pune,Truck,16.3,66,No,3.1
ORD8939,2025-03-03,Mumbai,Bike,6.6,106,Yes,3.7
ORD8940,2025-03-15,Mumbai,Truck,41.0,108,No,4.4
ORD8941,2025-03-11,Delhi,Scooter,45.8,99,Yes,3.3
ORD8942,2025-03-18,Pune,Scooter,40.2,12,No,4.4
ORD8943,2025-03-25,Hyderabad,Van,42.7,100,No,4.6
ORD8944,2025-03-06,Pune,Scooter,4.4,16,Yes,3.2
ORD8945,2025-03-26,Mumbai,Van,12.4,37,No,4.4
ORD8946,2025-03-22,Chennai,Truck,35.4,19,Yes,4.2
ORD8947,2025-03-09,Pune,Van,40.1,109,No,3.6
ORD8948,2025-03-09,Delhi,Truck,14.1,91,No,4.2
ORD8949,2025-03-02,Hyderabad,Scooter,39.7,106,Yes,3.4
ORD8950,2025-03-06,Chennai,Truck,2.8,72,Yes,4.8
ORD8951,2025-03-01,Bengaluru,Bike,8.9,97,Yes,5.0
ORD8952,2025-03-22,Delhi,Truck,4.5,47,Yes,4.7
ORD8953,2025-03-01,Hyderabad,Bike,51.5,86,Yes,3.6
ORD8954,2025-03-12,Pune,Truck,41.0,27,No,4.8
ORD8955,2025-03-20,Delhi,Bike,59.9,63,Yes,3.2
ORD8956,2025-03-07,Pune,Truck,51.8,96,Yes,3.5
ORD8957,2025-03-15,Pune,Bike,30.7,43,No,4.1
ORD8958,2025-03-06,Chennai,Van,53.2,70,Yes,4.1
ORD8959,2025-03-29,Mumbai,Scooter,7.4,52,Yes,3.2
ORD8960,2025-03-17,Delhi,Truck,51.9,54,Yes,4.4
ORD8961,2025-03-22,Pune,Scooter,40.5,100,No,3.2
ORD8962,2025-03-30,Bengaluru,Scooter,33.7,32,No,3.1
ORD8963,2025-03-21,Hyderabad,Truck,38.6,46,No,4.9
ORD8964,2025-03-19,Pune,Bike,30.0,16,Yes,4.9
ORD8965,2025-03-30,Chennai,Van,14.0,39,Yes,4.7
ORD8966,2025-03-25,Hyderabad,Van,18.4,82,Yes,3.7
ORD8967,2025-03-27,Bengaluru,Van,24.3,42,No,3.7
ORD8968,2025-03-06,Chennai,Bike,50.3,17,Yes,3.2
ORD8969,2025-03-04,Delhi,Bike,25.2,26,No,3.6
ORD8970,2025-03-11,Mumbai,Scooter,6.3,20,Yes,3.3
ORD8971,2025-03-11,Pune,Van,35.3,29,No,4.6
ORD8972,2025-03-10,Mumbai,Bike,25.6,110,Yes,4.9
ORD8973,2025-03-08,Mumbai,Scooter,26.1,46,Yes,3.0
ORD8974,2025-03-01,Chennai,Van,44.9,91,Yes,4.3
ORD8975,2025-03-01,Chennai,Scooter,19.5,70,No,3.8
ORD8976,2025-03-29,Chennai,Bike,28.5,89,Yes,3.3
ORD8977,2025-03-15,Delhi,Truck,51.3,113,Yes,4.1
ORD8978,2025-03-03,Pune,Bike,30.0,48,No,4.9
ORD8979,2025-03-30,Delhi,Bike,44.8,70,Yes,4.8
ORD8980,2025-03-06,Hyderabad,Bike,23.4,34,Yes,4.8
ORD8981,2025-03-04,Mumbai,Scooter,24.1,34,No,4.6
ORD8982,2025-03-04,Bengaluru,Van,42.9,54,Yes,3.5
ORD8983,2025-03-14,Bengaluru,Bike,34.2,31,No,3.1
ORD8984,2025-03-19,Hyderabad,Van,11.2,39,Yes,4.4
ORD8985,2025-03-18,Pune,Truck,23.8,51,Yes,3.5
ORD8986,2025-03-30,Bengaluru,Van,43.9,110,Yes,3.5
ORD8987,2025-03-03,Delhi,Scooter,53.6,119,Yes,3.7
ORD8988,2025-03-03,Pune,Scooter,56.2,108,Yes,4.4
ORD8989,2025-03-20,Bengaluru,Van,49.7,30,Yes,4.0
ORD8990,2025-03-19,Delhi,Truck,29.3,59,No,4.4
ORD8991,2025-03-05,Chennai,Truck,27.2,45,Yes,3.3
ORD8992,2025-03-12,Hyderabad,Van,31.6,37,No,3.9
ORD8993,2025-03-22,Pune,Truck,35.0,106,Yes,4.3
ORD8994,2025-03-04,Delhi,Van,17.6,51,Yes,3.6
ORD8995,2025-03-18,Pune,Van,41.2,76,No,4.8
ORD8996,2025-03-03,Chennai,Bike,43.6,40,No,4.3
ORD8997,2025-03-20,Chennai,Truck,16.9,26,Yes,3.2
ORD8998,2025-03-27,Bengaluru,Truck,21.7,24,Yes,4.7
ORD8999,2025-03-09,Chennai,Bike,37.5,36,Yes,4.0
ORD9000,2025-03-10,Pune,Van,40.6,102,No,3.8
ORD9001,2025-03-15,Bengaluru,Bike,57.1,102,No,5.0
ORD9002,2025-03-04,Bengaluru,Scooter,13.2,22,Yes,3.5
ORD9003,2025-03-13,Hyderabad,Truck,53.1,69,No,3.0
ORD9004,2025-03-18,Mumbai,Scooter,32.8,51,No,4.8
ORD9005,2025-03-11,Mumbai,Truck,52.3,24,Yes,4.8
ORD9006,2025-03-24,Bengaluru,Truck,47.1,33,No,4.4
ORD9007,2025-03-18,Chennai,Bike,58.2,109,Yes,4.0
ORD9008,2025-03-01,Hyderabad,Truck,55.7,46,Yes,4.1
ORD9009,2025-03-18,Mumbai,Van,11.8,89,Yes,4.1
ORD9010,2025-03-12,Delhi,Scooter,35.6,92,Yes,3.9
ORD9011,2025-03-09,Chennai,Scooter,3.7,66,No,3.2
ORD9012,2025-03-03,Pune,Van,41.9,119,No,3.4
ORD9013,2025-03-17,Delhi,Van,33.4,42,Yes,3.5
ORD9014,2025-03-23,Mumbai,Bike,10.3,73,No,4.0
ORD9015,2025-03-05,Hyderabad,Bike,40.7,15,No,4.8
ORD9016,2025-03-10,Pune,Van,23.3,70,Yes,4.0
ORD9017,2025-03-11,Pune,Van,7.5,114,Yes,3.6
ORD9018,2025-03-16,Hyderabad,Van,2.2,111,No,4.1
ORD9019,2025-03-28,Hyderabad,Scooter,37.2,90,No,3.8
ORD9020,2025-03-29,Pune,Bike,47.8,91,No,3.1
ORD9021,2025-03-18,Bengaluru,Truck,29.5,45,No,4.0
ORD9022,2025-03-08,Pune,Scooter,23.1,48,No,4.6
ORD9023,2025-03-14,Hyderabad,Scooter,45.8,69,Yes,3.9
ORD9024,2025-03-04,Delhi,Scooter,2.4,104,Yes,4.5
ORD9025,2025-03-29,Chennai,Bike,48.8,35,No,4.0
ORD9026,2025-03-18,Pune,Van,10.5,53,No,3.8
ORD9027,2025-03-04,Chennai,Scooter,19.0,117,Yes,4.0
ORD9028,2025-03-27,Hyderabad,Van,37.6,34,No,3.0
ORD9029,2025-03-14,Pune,Scooter,48.7,98,Yes,4.9
ORD9030,2025-03-26,Chennai,Truck,10.5,36,Yes,4.1
ORD9031,2025-03-20,Bengaluru,Scooter,40.3,83,No,3.9
ORD9032,2025-03-29,Pune,Van,25.7,100,No,3.6
ORD9033,2025-03-19,Chennai,Scooter,16.9,19,No,4.8
ORD9034,2025-03-13,Hyderabad,Truck,24.8,72,No,4.2
ORD9035,2025-03-24,Mumbai,Scooter,24.3,57,Yes,3.4
ORD9036,2025-03-15,Delhi,Truck,50.5,66,Yes,3.6
ORD9037,2025-03-11,Pune,Van,33.1,83,Yes,3.8
ORD9038,2025-03-14,Chennai,Van,50.8,24,No,3.0
ORD9039,2025-03-14,Pune,Van,11.6,114,Yes,3.9
ORD9040,2025-03-14,Delhi,Bike,50.6,69,Yes,3.9
ORD9041,2025-03-20,Pune,Van,20.0,64,Yes,4.5
ORD9042,2025-03-02,Pune,Bike,43.6,105,Yes,4.5
ORD9043,2025-03-04,Hyderabad,Scooter,30.9,91,No,3.6
ORD9044,2025-03-13,Pune,Van,36.7,80,No,4.7
ORD9045,2025-03-09,Bengaluru,Scooter,39.3,44,Yes,3.1
ORD9046,2025-03-20,Delhi,Scooter,39.1,71,Yes,5.0
ORD9047,2025-03-11,Mumbai,Scooter,56.1,48,Yes,4.0
ORD9048,2025-03-30,Hyderabad,Bike,41.5,86,No,4.0
ORD9049,2025-03-07,Bengaluru,Truck,35.4,82,Yes,4.1
ORD9050,2025-03-21,Delhi,Van,17.7,23,Yes,4.2
ORD9051,2025-03-24,Delhi,Scooter,50.4,105,Yes,4.4
ORD9052,2025-03-12,Bengaluru,Bike,18.9,22,Yes,4.9
ORD9053,2025-03-22,Chennai,Van,28.9,79,Yes,4.4
ORD9054,2025-03-14,Delhi,Van,24.4,92,No,4.7
ORD9055,2025-03-08,Mumbai,Scooter,32.0,32,No,4.7
ORD9056,2025-03-14,Hyderabad,Van,58.2,102,Yes,3.8
ORD9057,2025-03-29,Chennai,Scooter,4.5,50,Yes,3.1
ORD9058,2025-03-19,Bengaluru,Truck,32.4,11,Yes,3.9
ORD9059,2025-03-30,Delhi,Truck,13.9,79,No,3.1
ORD9060,2025-03-30,Chennai,Scooter,9.4,52,No,3.3
ORD9061,2025-03-27,Hyderabad,Van,31.0,49,No,3.6
ORD9062,2025-03-19,Bengaluru,Bike,33.1,97,Yes,4.4
ORD9063,2025-03-16,Mumbai,Scooter,42.5,44,No,4.6
ORD9064,2025-03-15,Mumbai,Scooter,18.4,106,Yes,4.0
ORD9065,2025-03-02,Mumbai,Scooter,2.8,32,No,4.9
ORD9066,2025-03-14,Mumbai,Truck,26.6,113,No,3.9
ORD9067,2025-03-20,Pune,Truck,19.2,81,Yes,3.6
ORD9068,2025-03-26,Bengaluru,Scooter,56.9,24,Yes,3.5
ORD9069,2025-03-19,Chennai,Truck,28.1,81,No,3.2
ORD9070,2025-03-22,Pune,Truck,48.5,46,Yes,3.1
ORD9071,2025-03-08,Hyderabad,Van,58.3,55,Yes,4.9
ORD9072,2025-03-17,Chennai,Van,6.1,28,Yes,3.1
ORD9073,2025-03-14,Mumbai,Truck,40.8,96,Yes,4.6
ORD9074,2025-03-23,Hyderabad,Bike,49.6,40,Yes,4.0
ORD9075,2025-03-28,Mumbai,Truck,2.5,29,Yes,3.3
ORD9076,2025-03-12,Delhi,Van,6.9,74,Yes,4.1
ORD9077,2025-03-13,Mumbai,Bike,38.4,40,No,4.6
ORD9078,2025-03-07,Delhi,Bike,34.1,86,Yes,3.4
ORD9079,2025-03-18,Pune,Van,7.6,49,No,4.7
ORD9080,2025-03-01,Chennai,Van,58.2,49,Yes,4.3
ORD9081,2025-03-10,Pune,Truck,18.4,99,No,4.5
ORD9082,2025-03-23,Bengaluru,Bike,52.8,55,Yes,3.3
ORD9083,2025-03-06,Hyderabad,Van,42.9,108,No,3.7
ORD9084,2025-03-30,Mumbai,Scooter,53.0,31,No,4.5
ORD9085,2025-03-24,Delhi,Bike,36.8,11,No,5.0
ORD9086,2025-03-07,Bengaluru,Van,53.3,60,Yes,3.7
ORD9087,2025-03-23,Bengaluru,Van,42.6,35,No,3.3
ORD9088,2025-03-24,Delhi,Truck,28.7,106,Yes,4.8
ORD9089,2025-03-02,Bengaluru,Truck,15.3,16,Yes,3.6
ORD9090,2025-03-24,Delhi,Bike,56.3,28,No,4.7
ORD9091,2025-03-24,Hyderabad,Scooter,48.4,101,Yes,3.7
ORD9092,2025-03-27,Chennai,Bike,32.6,58,Yes,3.1
ORD9093,2025-03-20,Hyderabad,Truck,16.2,59,No,4.8
ORD9094,2025-03-30,Chennai,Bike,13.4,35,Yes,4.2
ORD9095,2025-03-26,Delhi,Bike,22.8,43,Yes,4.3
ORD9096,2025-03-09,Chennai,Van,25.9,105,No,4.2
ORD9097,2025-03-08,Bengaluru,Bike,49.1,21,No,4.7
ORD9098,2025-03-12,Pune,Truck,10.0,76,Yes,3.5
ORD9099,2025-03-28,Bengaluru,Truck,33.9,99,No,4.9
ORD9100,2025-03-26,Mumbai,Scooter,17.9,22,No,3.2
ORD9101,2025-03-24,Delhi,Bike,16.1,40,No,3.4
ORD9102,2025-03-18,Hyderabad,Scooter,7.7,88,No,4.7
ORD9103,2025-03-23,Pune,Scooter,10.8,30,No,4.2
ORD9104,2025-03-09,Delhi,Bike,58.2,55,No,4.6
ORD9105,2025-03-01,Pune,Scooter,7.3,100,Yes,5.0
ORD9106,2025-03-12,Mumbai,Van,8.9,40,No,4.6
ORD9107,2025-03-05,Pune,Van,22.5,101,No,3.3
ORD9108,2025-03-04,Chennai,Van,56.8,106,Yes,4.9
ORD9109,2025-03-14,Pune,Truck,35.4,47,Yes,3.1
ORD9110,2025-03-29,Hyderabad,Van,15.2,54,Yes,3.5
ORD9111,2025-03-09,Hyderabad,Truck,55.5,64,No,4.7
ORD9112,2025-03-07,Bengaluru,Bike,27.8,104,Yes,4.8
ORD9113,2025-03-11,Mumbai,Van,40.7,19,No,4.6
ORD9114,2025-03-26,Hyderabad,Scooter,29.4,98,No,3.3
ORD9115,2025-03-10,Chennai,Truck,2.3,95,Yes,3.4
ORD9116,2025-03-10,Chennai,Van,5.0,20,No,3.9
ORD9117,2025-03-23,Hyderabad,Van,33.8,105,No,3.0
ORD9118,2025-03-21,Delhi,Scooter,6.7,56,Yes,4.6
ORD9119,2025-03-05,Bengaluru,Bike,50.7,107,No,3.4
ORD9120,2025-03-28,Hyderabad,Truck,50.3,12,Yes,3.5
ORD9121,2025-03-08,Mumbai,Scooter,38.6,17,No,4.4
ORD9122,2025-03-17,Chennai,Van,3.7,99,No,4.5
ORD9123,2025-03-19,Mumbai,Truck,36.0,17,No,4.8
ORD9124,2025-03-15,Chennai,Bike,45.3,19,Yes,3.3
ORD9125,2025-03-15,Delhi,Van,5.3,41,Yes,4.7
ORD9126,2025-03-24,Bengaluru,Bike,3.2,57,No,4.0
ORD9127,2025-03-15,Hyderabad,Scooter,2.3,44,Yes,3.6
ORD9128,2025-03-21,Pune,Scooter,2.1,82,Yes,3.0
ORD9129,2025-03-04,Hyderabad,Bike,14.3,65,Yes,4.7
ORD9130,2025-03-28,Bengaluru,Truck,34.6,72,Yes,3.8
ORD9131,2025-03-17,Pune,Bike,2.9,42,No,4.8
ORD9132,2025-03-04,Hyderabad,Van,17.6,54,No,4.0
ORD9133,2025-03-11,Chennai,Scooter,47.6,111,Yes,4.7
ORD9134,2025-03-01,Hyderabad,Bike,25.7,40,No,4.1
ORD9135,2025-03-22,Delhi,Scooter,52.2,103,No,3.3
ORD9136,2025-03-10,Mumbai,Van,30.6,104,No,4.9
ORD9137,2025-03-27,Chennai,Van,32.5,103,Yes,3.1
ORD9138,2025-03-15,Hyderabad,Van,25.2,78,Yes,4.1
ORD9139,2025-03-02,Delhi,Van,53.1,23,Yes,4.7
ORD9140,2025-03-19,Hyderabad,Truck,18.2,80,Yes,4.0
ORD9141,2025-03-02,Chennai,Bike,17.3,90,No,4.0
ORD9142,2025-03-20,Bengaluru,Van,56.5,96,No,4.7
ORD9143,2025-03-13,Pune,Truck,10.3,114,No,4.1
ORD9144,2025-03-21,Pune,Truck,2.4,69,No,3.0
ORD9145,2025-03-03,Chennai,Van,42.0,98,No,4.8
ORD9146,2025-03-26,Mumbai,Scooter,8.7,118,Yes,4.4
ORD9147,2025-03-11,Bengaluru,Scooter,32.9,19,Yes,4.9
ORD9148,2025-03-20,Delhi,Scooter,17.1,25,Yes,3.7
ORD9149,2025-03-29,Delhi,Scooter,20.9,105,No,4.8
ORD9150,2025-03-10,Pune,Truck,44.9,74,Yes,4.7
ORD9151,2025-03-18,Mumbai,Truck,54.0,91,Yes,4.6
ORD9152,2025-03-15,Pune,Truck,15.2,15,Yes,4.1
ORD9153,2025-03-28,Mumbai,Bike,53.1,43,Yes,3.4
ORD9154,2025-03-29,Hyderabad,Scooter,47.3,52,No,3.0
ORD9155,2025-03-14,Pune,Truck,7.9,30,Yes,5.0
ORD9156,2025-03-02,Mumbai,Van,45.1,60,Yes,3.2
ORD9157,2025-03-23,Pune,Bike,6.7,94,Yes,3.2
ORD9158,2025-03-21,Bengaluru,Bike,13.9,29,Yes,3.8
ORD9159,2025-03-30,Pune,Van,52.8,64,Yes,3.5
ORD9160,2025-03-25,Mumbai,Van,18.6,21,Yes,4.3
ORD9161,2025-03-11,Chennai,Scooter,19.3,34,Yes,4.2
ORD9162,2025-03-04,Bengaluru,Truck,20.5,113,No,4.2
ORD9163,2025-03-18,Chennai,Truck,59.2,31,Yes,4.1
ORD9164,2025-03-01,Bengaluru,Truck,20.2,82,Yes,3.2
ORD9165,2025-03-14,Mumbai,Van,19.1,30,No,4.7
ORD9166,2025-03-18,Hyderabad,Truck,56.9,15,No,3.7
ORD9167,2025-03-08,Bengaluru,Scooter,15.0,69,Yes,3.8
ORD9168,2025-03-01,Mumbai,Van,51.3,41,No,3.3
ORD9169,2025-03-15,Delhi,Van,19.1,67,Yes,3.6
ORD9170,2025-03-25,Delhi,Bike,12.2,87,No,4.5
ORD9171,2025-03-21,Delhi,Bike,3.5,30,No,4.3
ORD9172,2025-03-12,Bengaluru,Van,25.4,90,Yes,3.1
ORD9173,2025-03-10,Mumbai,Bike,39.4,97,Yes,4.6
ORD9174,2025-03-27,Pune,Truck,8.2,60,Yes,3.5
ORD9175,2025-03-28,Hyderabad,Van,24.5,81,No,4.2
ORD9176,2025-03-24,Delhi,Van,40.6,100,Yes,3.2
ORD9177,2025-03-27,Delhi,Van,52.0,22,Yes,4.4
ORD9178,2025-03-10,Mumbai,Truck,3.7,17,Yes,3.5
ORD9179,2025-03-02,Pune,Bike,5.3,83,Yes,4.3
ORD9180,2025-03-27,Hyderabad,Van,45.4,65,No,3.7
ORD9181,2025-03-10,Hyderabad,Van,14.6,56,No,4.8
ORD9182,2025-03-16,Bengaluru,Scooter,31.4,20,Yes,3.1
ORD9183,2025-03-09,Bengaluru,Scooter,2.9,63,No,4.5
ORD9184,2025-03-09,Mumbai,Truck,31.5,117,No,3.1
ORD9185,2025-03-18,Bengaluru,Van,35.2,51,No,4.5
ORD9186,2025-03-05,Delhi,Van,57.1,92,Yes,4.7
ORD9187,2025-03-18,Hyderabad,Scooter,34.0,99,No,4.4
ORD9188,2025-03-02,Pune,Scooter,46.4,23,Yes,3.5
ORD9189,2025-03-27,Hyderabad,Van,40.3,107,No,3.1
ORD9190,2025-03-30,Mumbai,Scooter,45.4,63,No,4.9
ORD9191,2025-03-22,Pune,Truck,2.9,14,Yes,4.6
ORD9192,2025-03-17,Pune,Van,12.0,105,Yes,3.8
ORD9193,2025-03-21,Mumbai,Bike,57.1,111,No,4.1
ORD9194,2025-03-09,Bengaluru,Scooter,27.2,19,No,4.7
ORD9195,2025-03-24,Mumbai,Scooter,18.8,88,No,3.8
ORD9196,2025-03-05,Mumbai,Bike,29.0,26,Yes,4.7
ORD9197,2025-03-30,Delhi,Van,19.9,74,No,4.9
ORD9198,2025-03-28,Bengaluru,Scooter,4.9,105,No,3.9
ORD9199,2025-03-12,Chennai,Van,54.0,85,No,4.9
ORD9200,2025-03-13,Delhi,Truck,51.8,108,No,3.4
ORD9201,2025-03-16,Chennai,Scooter,40.7,70,Yes,3.2
ORD9202,2025-03-14,Pune,Scooter,6.1,18,No,4.4
ORD9203,2025-03-26,Bengaluru,Van,29.5,53,No,4.4
ORD9204,2025-03-06,Bengaluru,Truck,16.3,71,Yes,4.1
ORD9205,2025-03-17,Hyderabad,Van,11.5,99,Yes,4.4
ORD9206,2025-03-19,Hyderabad,Truck,45.9,59,Yes,4.2
ORD9207,2025-03-12,Pune,Van,4.9,92,Yes,4.2
ORD9208,2025-03-15,Mumbai,Truck,52.4,52,No,5.0
ORD9209,2025-03-03,Chennai,Bike,45.3,49,Yes,3.2
ORD9210,2025-03-02,Mumbai,Truck,22.1,80,No,3.1
ORD9211,2025-03-29,Bengaluru,Truck,38.2,28,Yes,3.7
ORD9212,2025-03-27,Bengaluru,Truck,27.7,110,Yes,4.0
ORD9213,2025-03-10,Mumbai,Scooter,46.9,116,Yes,3.1
ORD9214,2025-03-02,Chennai,Van,49.0,71,Yes,4.5
ORD9215,2025-03-27,Bengaluru,Bike,34.6,53,No,4.2
ORD9216,2025-03-09,Hyderabad,Truck,21.8,45,No,3.4
ORD9217,2025-03-20,Pune,Truck,26.0,44,No,4.0
ORD9218,2025-03-28,Hyderabad,Truck,39.3,23,No,4.8
ORD9219,2025-03-26,Pune,Truck,6.8,95,Yes,3.4
ORD9220,2025-03-04,Hyderabad,Scooter,53.3,75,No,4.8
ORD9221,2025-03-23,Delhi,Van,16.8,68,No,3.1
ORD9222,2025-03-26,Hyderabad,Scooter,59.4,109,Yes,4.3
ORD9223,2025-03-25,Mumbai,Truck,18.2,80,No,3.1
ORD9224,2025-03-13,Bengaluru,Van,36.9,107,No,4.5
ORD9225,2025-03-21,Bengaluru,Bike,25.3,69,Yes,4.5
ORD9226,2025-03-05,Mumbai,Van,17.9,20,Yes,3.6
ORD9227,2025-03-22,Delhi,Scooter,41.9,42,No,4.4
ORD9228,2025-03-25,Bengaluru,Bike,38.9,85,Yes,3.9
ORD9229,2025-03-13,Bengaluru,Van,41.4,43,Yes,4.7
ORD9230,2025-03-21,Bengaluru,Bike,11.4,24,No,4.9
ORD9231,2025-03-24,Pune,Bike,35.9,98,No,3.5
ORD9232,2025-03-11,Bengaluru,Bike,9.0,61,No,3.4
ORD9233,2025-03-25,Delhi,Van,12.6,45,No,4.8
ORD9234,2025-03-29,Mumbai,Van,33.1,118,Yes,4.5
ORD9235,2025-03-19,Delhi,Truck,8.6,90,Yes,5.0
ORD9236,2025-03-05,Mumbai,Van,39.8,77,No,3.4
ORD9237,2025-03-02,Mumbai,Scooter,30.3,111,No,4.4
ORD9238,2025-03-06,Delhi,Van,6.0,109,Yes,4.8
ORD9239,2025-03-13,Mumbai,Scooter,31.0,40,Yes,3.8
ORD9240,2025-03-22,Chennai,Scooter,21.7,12,Yes,4.1
ORD9241,2025-03-27,Pune,Scooter,56.9,44,No,4.1
ORD9242,2025-03-18,Mumbai,Van,20.9,29,Yes,5.0
ORD9243,2025-03-25,Mumbai,Truck,18.7,24,Yes,4.9
ORD9244,2025-03-09,Pune,Truck,7.7,58,No,3.3
ORD9245,2025-03-25,Bengaluru,Van,16.0,44,Yes,3.2
ORD9246,2025-03-13,Pune,Bike,6.7,91,Yes,4.7
ORD9247,2025-03-27,Bengaluru,Bike,42.3,39,No,4.0
ORD9248,2025-03-17,Pune,Bike,49.3,93,No,4.8
ORD9249,2025-03-27,Chennai,Truck,41.8,37,No,3.5
ORD9250,2025-03-01,Delhi,Scooter,25.6,117,No,4.1
ORD9251,2025-03-22,Delhi,Bike,20.8,78,No,3.1
ORD9252,2025-03-04,Chennai,Truck,20.3,48,Yes,3.2
ORD9253,2025-03-26,Mumbai,Bike,49.3,117,No,4.4
ORD9254,2025-03-22,Mumbai,Bike,47.3,41,Yes,4.1
ORD9255,2025-03-21,Chennai,Van,54.9,11,Yes,3.2
ORD9256,2025-03-18,Pune,Scooter,12.7,21,Yes,4.6
ORD9257,2025-03-18,Mumbai,Van,23.0,18,Yes,4.3
ORD9258,2025-03-12,Pune,Bike,51.5,47,Yes,4.6
ORD9259,2025-03-19,Mumbai,Scooter,27.2,47,No,4.1
ORD9260,2025-03-26,Hyderabad,Bike,40.6,25,Yes,4.5
ORD9261,2025-03-04,Mumbai,Truck,31.6,21,No,3.2
ORD9262,2025-03-27,Delhi,Scooter,36.9,20,Yes,4.6
ORD9263,2025-03-22,Chennai,Truck,47.1,109,Yes,3.6
ORD9264,2025-03-14,Bengaluru,Scooter,29.2,72,No,4.8
ORD9265,2025-03-12,Pune,Truck,51.9,41,No,3.5
ORD9266,2025-03-03,Hyderabad,Bike,42.2,12,No,4.5
ORD9267,2025-03-20,Hyderabad,Scooter,15.8,54,No,4.9
ORD9268,2025-03-02,Pune,Van,50.6,65,No,3.3
ORD9269,2025-03-10,Chennai,Van,20.7,80,No,4.0
ORD9270,2025-03-28,Delhi,Bike,11.4,76,No,4.0
ORD9271,2025-03-24,Chennai,Bike,21.2,62,Yes,3.6
ORD9272,2025-03-10,Delhi,Scooter,46.8,35,No,3.9
ORD9273,2025-03-20,Delhi,Scooter,44.6,27,No,4.1
ORD9274,2025-03-28,Mumbai,Van,48.8,105,Yes,4.3
ORD9275,2025-03-05,Pune,Truck,40.1,67,No,4.5
ORD9276,2025-03-17,Bengaluru,Scooter,16.1,87,Yes,4.2
ORD9277,2025-03-02,Delhi,Truck,2.2,23,Yes,3.2
ORD9278,2025-03-12,Mumbai,Truck,5.1,78,Yes,4.0
ORD9279,2025-03-14,Pune,Scooter,46.2,71,No,4.8
ORD9280,2025-03-09,Hyderabad,Van,57.7,98,Yes,4.6
ORD9281,2025-03-12,Chennai,Bike,40.3,14,No,3.8
ORD9282,2025-03-15,Bengaluru,Bike,17.0,72,No,3.9
ORD9283,2025-03-30,Delhi,Scooter,47.5,55,No,4.5
ORD9284,2025-03-02,Bengaluru,Truck,3.0,115,No,3.9
ORD9285,2025-03-16,Mumbai,Truck,22.0,36,No,4.1
ORD9286,2025-03-15,Hyderabad,Van,43.4,28,Yes,4.2
ORD9287,2025-03-15,Pune,Bike,42.7,44,No,4.6
ORD9288,2025-03-24,Hyderabad,Truck,52.7,99,Yes,3.0
ORD9289,2025-03-12,Chennai,Scooter,41.5,116,No,3.1
ORD9290,2025-03-22,Bengaluru,Bike,58.2,15,No,4.0
ORD9291,2025-03-03,Pune,Scooter,7.4,59,No,4.6
ORD9292,2025-03-27,Pune,Scooter,17.3,23,No,4.6
ORD9293,2025-03-05,Hyderabad,Van,19.6,97,Yes,4.9
ORD9294,2025-03-15,Delhi,Truck,44.4,74,No,4.3
ORD9295,2025-03-10,Pune,Bike,30.3,56,Yes,4.8
ORD9296,2025-03-02,Chennai,Scooter,13.0,85,Yes,3.1
ORD9297,2025-03-25,Pune,Truck,54.8,12,No,4.7
ORD9298,2025-03-04,Pune,Scooter,8.2,57,Yes,4.2
ORD9299,2025-03-18,Bengaluru,Van,9.5,96,No,4.6
ORD9300,2025-03-02,Mumbai,Scooter,58.8,76,No,4.9
ORD9301,2025-03-17,Bengaluru,Scooter,51.4,44,No,3.9
ORD9302,2025-03-03,Hyderabad,Van,40.9,112,No,3.2
ORD9303,2025-03-02,Mumbai,Bike,50.0,85,No,4.3
ORD9304,2025-03-16,Pune,Truck,6.1,118,Yes,3.9
ORD9305,2025-03-17,Mumbai,Truck,56.6,65,Yes,4.9
ORD9306,2025-03-11,Chennai,Scooter,27.0,99,No,3.4
ORD9307,2025-03-26,Bengaluru,Bike,4.7,99,No,3.3
ORD9308,2025-03-07,Pune,Bike,44.9,14,Yes,4.2
ORD9309,2025-03-06,Hyderabad,Van,35.9,102,Yes,3.7
ORD9310,2025-03-11,Delhi,Bike,11.2,43,No,3.6
ORD9311,2025-03-07,Delhi,Bike,27.1,97,No,3.7
ORD9312,2025-03-10,Bengaluru,Scooter,49.5,95,No,4.6
ORD9313,2025-03-07,Chennai,Truck,14.0,87,No,3.2
ORD9314,2025-03-06,Delhi,Van,52.2,60,Yes,3.3
ORD9315,2025-03-29,Hyderabad,Bike,34.8,59,Yes,4.7
ORD9316,2025-03-28,Chennai,Truck,43.2,33,Yes,3.1
ORD9317,2025-03-09,Pune,Bike,4.1,112,Yes,3.9
ORD9318,2025-03-18,Chennai,Bike,46.6,30,Yes,3.6
ORD9319,2025-03-24,Hyderabad,Scooter,55.8,55,No,4.9
ORD9320,2025-03-23,Chennai,Scooter,37.2,59,Yes,3.0
ORD9321,2025-03-04,Bengaluru,Bike,13.9,19,No,3.5
ORD9322,2025-03-16,Pune,Scooter,39.7,59,No,3.2
ORD9323,2025-03-07,Delhi,Truck,20.7,47,Yes,3.4
ORD9324,2025-03-15,Delhi,Truck,49.8,92,No,3.2
ORD9325,2025-03-21,Chennai,Truck,12.2,41,No,4.0
ORD9326,2025-03-07,Pune,Van,10.5,48,Yes,3.6
ORD9327,2025-03-30,Pune,Truck,23.2,12,No,3.8
ORD9328,2025-03-23,Chennai,Scooter,25.0,101,Yes,4.9
ORD9329,2025-03-11,Hyderabad,Bike,29.8,45,No,4.1
ORD9330,2025-03-29,Chennai,Truck,59.3,41,Yes,4.6
ORD9331,2025-03-08,Bengaluru,Scooter,30.3,114,Yes,4.0
ORD9332,2025-03-28,Pune,Bike,26.1,65,Yes,3.9
ORD9333,2025-03-17,Chennai,Bike,13.7,12,Yes,3.2
ORD9334,2025-03-20,Mumbai,Bike,57.9,113,No,4.2
ORD9335,2025-03-03,Mumbai,Scooter,51.7,44,No,4.5
ORD9336,2025-03-20,Pune,Van,21.8,89,Yes,3.1
ORD9337,2025-03-08,Pune,Scooter,7.7,23,No,4.0
ORD9338,2025-03-13,Chennai,Bike,7.2,30,No,3.5
ORD9339,2025-03-20,Pune,Scooter,48.3,90,Yes,4.9
ORD9340,2025-03-20,Hyderabad,Truck,3.2,51,No,4.5
ORD9341,2025-03-20,Mumbai,Truck,44.3,22,No,4.1
ORD9342,2025-03-28,Pune,Van,43.8,80,Yes,3.6
ORD9343,2025-03-16,Bengaluru,Scooter,34.4,42,No,3.7
ORD9344,2025-03-16,Delhi,Scooter,59.1,20,No,4.4
ORD9345,2025-03-24,Pune,Truck,15.9,67,No,3.4
ORD9346,2025-03-27,Chennai,Van,31.9,53,Yes,4.3
ORD9347,2025-03-20,Pune,Scooter,23.9,43,No,3.6
ORD9348,2025-03-09,Mumbai,Van,17.1,65,No,3.3
ORD9349,2025-03-14,Delhi,Van,29.2,80,No,3.7
ORD9350,2025-03-07,Bengaluru,Truck,57.8,46,Yes,3.4
ORD9351,2025-03-07,Hyderabad,Van,12.6,30,No,4.7
ORD9352,2025-03-03,Delhi,Truck,59.6,81,Yes,3.9
ORD9353,2025-03-11,Chennai,Truck,34.3,28,No,4.3
ORD9354,2025-03-20,Delhi,Bike,28.9,112,Yes,4.3
ORD9355,2025-03-05,Chennai,Bike,8.0,93,Yes,3.4
ORD9356,2025-03-07,Hyderabad,Scooter,26.8,69,Yes,4.9
ORD9357,2025-03-06,Pune,Bike,38.0,14,Yes,4.3
ORD9358,2025-03-28,Mumbai,Scooter,17.7,102,Yes,4.3
ORD9359,2025-03-22,Hyderabad,Truck,32.9,50,No,3.4
ORD9360,2025-03-15,Chennai,Truck,39.0,41,No,4.2
ORD9361,2025-03-19,Pune,Scooter,5.9,91,No,4.5
ORD9362,2025-03-02,Delhi,Van,8.6,74,No,3.4
ORD9363,2025-03-25,Bengaluru,Scooter,15.3,94,No,4.6
ORD9364,2025-03-13,Mumbai,Bike,8.7,117,Yes,4.3
ORD9365,2025-03-29,Mumbai,Van,15.6,18,Yes,4.6
ORD9366,2025-03-22,Delhi,Bike,17.9,100,Yes,4.7
ORD9367,2025-03-30,Bengaluru,Van,28.8,66,Yes,3.8
ORD9368,2025-03-13,Mumbai,Bike,35.4,73,Yes,4.9
ORD9369,2025-03-15,Bengaluru,Scooter,8.5,12,No,4.7
ORD9370,2025-03-19,Delhi,Scooter,31.8,46,Yes,3.2
ORD9371,2025-03-21,Chennai,Scooter,11.8,31,Yes,4.3
ORD9372,2025-03-05,Chennai,Van,51.3,32,Yes,3.9
ORD9373,2025-03-10,Hyderabad,Bike,48.4,76,No,4.2
ORD9374,2025-03-18,Chennai,Van,29.0,13,No,3.1
ORD9375,2025-03-16,Mumbai,Bike,7.7,87,Yes,5.0
ORD9376,2025-03-26,Pune,Van,23.7,101,No,4.0
ORD9377,2025-03-05,Delhi,Truck,43.4,96,Yes,4.0
ORD9378,2025-03-13,Mumbai,Scooter,40.9,79,Yes,3.5
ORD9379,2025-03-07,Pune,Bike,51.8,56,Yes,3.9
ORD9380,2025-03-28,Hyderabad,Van,39.1,21,Yes,3.5
ORD9381,2025-03-30,Chennai,Bike,60.0,117,No,4.8
ORD9382,2025-03-03,Delhi,Truck,15.8,95,Yes,3.7
ORD9383,2025-03-20,Pune,Scooter,3.0,39,No,4.5
ORD9384,2025-03-11,Delhi,Bike,42.1,116,No,4.1
ORD9385,2025-03-20,Pune,Scooter,50.3,88,No,4.2
ORD9386,2025-03-10,Bengaluru,Bike,19.0,22,Yes,3.4
ORD9387,2025-03-05,Bengaluru,Scooter,53.7,115,Yes,4.9
ORD9388,2025-03-10,Delhi,Truck,35.6,49,No,5.0
ORD9389,2025-03-12,Chennai,Truck,25.2,90,Yes,3.6
ORD9390,2025-03-08,Hyderabad,Bike,7.2,54,No,3.2
ORD9391,2025-03-06,Hyderabad,Van,21.1,57,No,3.7
ORD9392,2025-03-14,Pune,Scooter,20.6,71,Yes,3.2
ORD9393,2025-03-03,Mumbai,Scooter,52.2,21,No,4.9
ORD9394,2025-03-15,Mumbai,Truck,13.8,90,No,3.8
ORD9395,2025-03-01,Pune,Scooter,33.4,52,No,3.9
ORD9396,2025-03-01,Bengaluru,Van,23.1,27,No,3.2
ORD9397,2025-03-29,Mumbai,Scooter,47.1,10,Yes,4.5
ORD9398,2025-03-13,Delhi,Bike,6.3,62,Yes,4.1
ORD9399,2025-03-30,Delhi,Van,33.0,44,Yes,3.7
ORD9400,2025-03-20,Mumbai,Scooter,39.2,71,Yes,4.4
ORD9401,2025-03-11,Delhi,Van,13.1,73,Yes,3.9
ORD9402,2025-03-11,Hyderabad,Truck,58.1,68,Yes,4.5
ORD9403,2025-03-24,Pune,Scooter,21.9,63,Yes,3.4
ORD9404,2025-03-10,Chennai,Truck,13.2,101,Yes,4.8
ORD9405,2025-03-20,Delhi,Van,49.2,54,Yes,5.0
ORD9406,2025-03-18,Hyderabad,Bike,43.9,106,Yes,3.4
ORD9407,2025-03-28,Pune,Truck,2.5,40,Yes,4.7
ORD9408,2025-03-20,Hyderabad,Bike,35.7,26,No,4.8
ORD9409,2025-03-23,Pune,Bike,36.2,35,Yes,4.8
ORD9410,2025-03-24,Delhi,Scooter,22.0,39,Yes,3.9
ORD9411,2025-03-29,Hyderabad,Bike,27.7,34,Yes,3.9
ORD9412,2025-03-21,Pune,Truck,23.3,28,No,3.7
ORD9413,2025-03-14,Chennai,Van,25.1,18,Yes,4.4
ORD9414,2025-03-19,Mumbai,Van,8.1,106,No,4.1
ORD9415,2025-03-27,Bengaluru,Bike,33.7,23,Yes,3.9
ORD9416,2025-03-29,Hyderabad,Scooter,35.7,18,No,3.3
ORD9417,2025-03-17,Bengaluru,Scooter,3.3,25,No,4.5
ORD9418,2025-03-19,Mumbai,Truck,18.8,112,Yes,4.6
ORD9419,2025-03-02,Chennai,Truck,23.9,116,No,5.0
ORD9420,2025-03-16,Bengaluru,Bike,26.8,95,Yes,4.4
ORD9421,2025-03-01,Delhi,Scooter,12.1,46,Yes,4.1
ORD9422,2025-03-15,Hyderabad,Truck,39.7,87,No,3.1
ORD9423,2025-03-10,Pune,Bike,13.3,86,Yes,3.6
ORD9424,2025-03-07,Pune,Truck,29.0,60,No,3.5
ORD9425,2025-03-20,Hyderabad,Van,21.4,15,No,4.6
ORD9426,2025-03-16,Hyderabad,Truck,5.3,26,Yes,4.3
ORD9427,2025-03-04,Mumbai,Bike,22.8,111,No,3.1
ORD9428,2025-03-07,Chennai,Van,15.6,35,Yes,3.1
ORD9429,2025-03-23,Delhi,Bike,48.6,104,No,4.5
ORD9430,2025-03-16,Pune,Scooter,28.5,98,No,3.2
ORD9431,2025-03-30,Mumbai,Bike,50.0,90,Yes,4.5
ORD9432,2025-03-22,Delhi,Van,51.0,19,No,4.7
ORD9433,2025-03-20,Mumbai,Bike,34.4,14,Yes,3.2
ORD9434,2025-03-11,Chennai,Truck,39.2,22,No,3.1
ORD9435,2025-03-27,Pune,Bike,52.1,112,No,4.5
ORD9436,2025-03-14,Delhi,Bike,22.7,74,Yes,3.6
ORD9437,2025-03-28,Mumbai,Van,13.5,40,No,3.7
ORD9438,2025-03-27,Hyderabad,Bike,58.6,58,Yes,3.6
ORD9439,2025-03-27,Hyderabad,Scooter,36.7,99,No,3.9
ORD9440,2025-03-10,Delhi,Van,39.9,81,Yes,4.6
ORD9441,2025-03-05,Bengaluru,Truck,41.1,101,Yes,4.2
ORD9442,2025-03-28,Bengaluru,Bike,19.4,100,No,3.7
ORD9443,2025-03-30,Pune,Van,28.4,101,No,4.7
ORD9444,2025-03-17,Pune,Truck,54.3,30,Yes,3.0
ORD9445,2025-03-29,Chennai,Scooter,28.2,60,Yes,3.8
ORD9446,2025-03-30,Pune,Truck,54.4,82,No,3.9
ORD9447,2025-03-29,Hyderabad,Truck,19.8,56,No,4.6
ORD9448,2025-03-16,Pune,Van,18.7,33,No,4.6
ORD9449,2025-03-15,Delhi,Van,12.5,94,No,3.6
ORD9450,2025-03-26,Hyderabad,Scooter,16.2,80,No,4.3
ORD9451,2025-03-28,Pune,Scooter,35.4,43,Yes,3.4
ORD9452,2025-03-09,Pune,Van,51.9,83,Yes,3.4
ORD9453,2025-03-01,Hyderabad,Van,22.1,30,No,3.4
ORD9454,2025-03-14,Bengaluru,Truck,55.1,13,Yes,4.8
ORD9455,2025-03-18,Delhi,Truck,28.1,92,No,4.9
ORD9456,2025-03-15,Bengaluru,Scooter,12.5,111,Yes,3.7
ORD9457,2025-03-05,Mumbai,Van,5.1,31,No,3.7
ORD9458,2025-03-26,Mumbai,Scooter,36.6,64,No,3.2
ORD9459,2025-03-01,Bengaluru,Van,10.6,47,No,3.4
ORD9460,2025-03-13,Bengaluru,Scooter,33.1,15,No,4.1
ORD9461,2025-03-13,Chennai,Truck,4.3,41,No,3.1
ORD9462,2025-03-10,Delhi,Truck,53.3,114,No,3.0
ORD9463,2025-03-28,Delhi,Bike,17.6,46,No,4.6
ORD9464,2025-03-11,Delhi,Van,42.0,77,No,4.3
ORD9465,2025-03-21,Bengaluru,Scooter,37.6,114,Yes,3.2
ORD9466,2025-03-14,Pune,Bike,46.2,29,Yes,3.1
ORD9467,2025-03-21,Hyderabad,Van,2.9,18,No,4.4
ORD9468,2025-03-19,Chennai,Truck,7.0,48,No,4.5
ORD9469,2025-03-25,Bengaluru,Truck,50.1,16,Yes,4.4
ORD9470,2025-03-19,Bengaluru,Scooter,18.0,57,Yes,3.7
ORD9471,2025-03-18,Hyderabad,Scooter,7.0,31,No,4.6
ORD9472,2025-03-06,Delhi,Scooter,12.6,29,No,4.0
ORD9473,2025-03-24,Delhi,Truck,24.1,45,No,4.9
ORD9474,2025-03-06,Mumbai,Scooter,4.9,103,No,3.1
ORD9475,2025-03-21,Delhi,Truck,44.4,34,No,3.8
ORD9476,2025-03-29,Delhi,Van,40.5,36,Yes,4.4
ORD9477,2025-03-23,Chennai,Truck,55.0,49,No,4.6
ORD9478,2025-03-22,Bengaluru,Truck,11.5,35,No,3.3
ORD9479,2025-03-20,Delhi,Scooter,12.4,41,No,3.6
ORD9480,2025-03-25,Mumbai,Scooter,27.0,72,Yes,3.7
ORD9481,2025-03-26,Mumbai,Bike,10.2,69,Yes,4.2
ORD9482,2025-03-16,Hyderabad,Truck,48.8,78,No,3.3
ORD9483,2025-03-24,Hyderabad,Truck,14.2,24,No,4.0
ORD9484,2025-03-14,Chennai,Bike,9.1,25,Yes,3.2
ORD9485,2025-03-11,Mumbai,Scooter,9.4,85,No,4.0
ORD9486,2025-03-01,Hyderabad,Van,19.9,24,Yes,4.6
ORD9487,2025-03-22,Bengaluru,Scooter,59.2,34,Yes,4.9
ORD9488,2025-03-09,Delhi,Van,19.2,92,No,4.8
ORD9489,2025-03-23,Delhi,Van,33.7,113,Yes,3.2
ORD9490,2025-03-07,Delhi,Van,20.2,105,No,3.1
ORD9491,2025-03-26,Delhi,Van,21.3,64,Yes,4.2
ORD9492,2025-03-06,Bengaluru,Van,35.5,58,Yes,3.3
ORD9493,2025-03-24,Hyderabad,Van,4.5,23,Yes,4.2
ORD9494,2025-03-16,Pune,Van,18.8,90,No,4.9
ORD9495,2025-03-15,Mumbai,Bike,32.7,51,Yes,3.7
ORD9496,2025-03-28,Mumbai,Van,26.7,67,No,3.7
ORD9497,2025-03-26,Chennai,Truck,54.6,22,No,4.9
ORD9498,2025-03-02,Pune,Scooter,17.7,35,No,4.0
ORD9499,2025-03-28,Pune,Truck,20.3,69,Yes,4.0
ORD9500,2025-03-17,Chennai,Bike,31.5,21,Yes,4.7
ORD9501,2025-03-17,Hyderabad,Truck,33.2,103,No,4.1
ORD9502,2025-03-16,Chennai,Truck,32.2,108,Yes,3.2
ORD9503,2025-03-03,Pune,Scooter,34.6,35,Yes,4.0
ORD9504,2025-03-28,Chennai,Van,57.8,61,Yes,3.5
ORD9505,2025-03-06,Chennai,Scooter,35.3,60,Yes,5.0
ORD9506,2025-03-09,Bengaluru,Scooter,45.6,53,No,3.7
ORD9507,2025-03-17,Bengaluru,Truck,50.7,43,No,4.9
ORD9508,2025-03-07,Delhi,Scooter,59.9,63,No,3.4
ORD9509,2025-03-20,Delhi,Bike,53.1,31,No,4.2
ORD9510,2025-03-08,Delhi,Van,25.2,77,No,3.3
ORD9511,2025-03-29,Chennai,Scooter,50.6,100,No,3.5
ORD9512,2025-03-06,Chennai,Bike,48.6,66,Yes,3.7
ORD9513,2025-03-01,Pune,Scooter,18.9,10,No,3.6
ORD9514,2025-03-20,Bengaluru,Truck,28.2,40,Yes,5.0
ORD9515,2025-03-24,Mumbai,Truck,52.2,11,Yes,3.4
ORD9516,2025-03-29,Hyderabad,Van,9.8,16,Yes,3.2
ORD9517,2025-03-21,Pune,Truck,55.0,75,Yes,4.2
ORD9518,2025-03-15,Hyderabad,Truck,15.1,118,No,4.9
ORD9519,2025-03-07,Hyderabad,Scooter,32.4,84,No,4.3
ORD9520,2025-03-09,Pune,Scooter,21.7,89,Yes,3.7
ORD9521,2025-03-03,Mumbai,Truck,18.4,44,Yes,5.0
ORD9522,2025-03-18,Pune,Bike,41.7,101,No,3.5
ORD9523,2025-03-16,Hyderabad,Bike,48.1,23,No,3.6
ORD9524,2025-03-11,Hyderabad,Scooter,8.4,33,Yes,4.0
ORD9525,2025-03-19,Chennai,Van,26.1,34,No,4.3
ORD9526,2025-03-09,Hyderabad,Bike,34.1,56,No,3.4
ORD9527,2025-03-28,Pune,Van,35.7,67,Yes,3.6
ORD9528,2025-03-20,Hyderabad,Bike,25.0,114,Yes,4.4
ORD9529,2025-03-29,Delhi,Van,26.1,44,Yes,5.0
ORD9530,2025-03-11,Chennai,Van,7.5,29,No,4.3
ORD9531,2025-03-07,Bengaluru,Bike,16.5,30,No,3.9
ORD9532,2025-03-15,Chennai,Truck,18.7,42,No,3.4
ORD9533,2025-03-16,Pune,Scooter,27.0,15,No,4.8
ORD9534,2025-03-18,Hyderabad,Scooter,42.6,31,Yes,3.3
ORD9535,2025-03-29,Mumbai,Bike,27.8,91,Yes,4.4
ORD9536,2025-03-24,Delhi,Scooter,49.7,66,No,4.1
ORD9537,2025-03-10,Bengaluru,Bike,18.6,18,Yes,4.5
ORD9538,2025-03-13,Pune,Bike,42.4,68,No,4.6
ORD9539,2025-03-04,Pune,Van,20.9,34,Yes,3.1
ORD9540,2025-03-17,Chennai,Bike,55.3,74,No,3.0
ORD9541,2025-03-22,Delhi,Truck,19.0,112,Yes,3.9
ORD9542,2025-03-26,Bengaluru,Van,5.4,21,Yes,3.6
ORD9543,2025-03-25,Mumbai,Van,58.8,113,Yes,3.7
ORD9544,2025-03-13,Hyderabad,Truck,54.2,119,Yes,3.1
ORD9545,2025-03-24,Pune,Truck,25.3,80,Yes,4.5
ORD9546,2025-03-30,Mumbai,Scooter,53.6,106,No,4.4
ORD9547,2025-03-16,Hyderabad,Truck,50.1,38,No,4.3
ORD9548,2025-03-22,Bengaluru,Scooter,15.4,36,No,3.4
ORD9549,2025-03-29,Delhi,Van,11.7,50,Yes,4.6
ORD9550,2025-03-30,Bengaluru,Bike,5.4,97,No,4.2
ORD9551,2025-03-23,Chennai,Van,12.9,15,No,3.8
ORD9552,2025-03-25,Mumbai,Scooter,16.5,58,No,3.6
ORD9553,2025-03-04,Delhi,Bike,4.0,33,No,4.9
ORD9554,2025-03-10,Pune,Truck,27.7,60,Yes,3.6
ORD9555,2025-03-07,Pune,Bike,50.9,111,Yes,4.1
ORD9556,2025-03-01,Hyderabad,Scooter,39.8,91,Yes,4.3
ORD9557,2025-03-16,Bengaluru,Bike,6.6,84,Yes,3.5
ORD9558,2025-03-13,Delhi,Bike,51.0,59,No,3.5
ORD9559,2025-03-10,Pune,Van,56.6,70,No,4.3
ORD9560,2025-03-15,Bengaluru,Truck,43.4,61,No,3.6
ORD9561,2025-03-06,Mumbai,Van,4.1,117,No,4.0
ORD9562,2025-03-18,Mumbai,Truck,41.2,46,No,4.4
ORD9563,2025-03-27,Chennai,Truck,37.1,17,No,4.5
ORD9564,2025-03-10,Bengaluru,Van,52.4,76,Yes,3.2
ORD9565,2025-03-04,Bengaluru,Scooter,29.5,117,No,3.1
ORD9566,2025-03-17,Mumbai,Bike,42.5,84,No,3.4
ORD9567,2025-03-20,Hyderabad,Van,18.5,96,No,3.9
ORD9568,2025-03-19,Hyderabad,Truck,22.4,95,No,4.1
ORD9569,2025-03-12,Bengaluru,Scooter,16.5,98,Yes,4.8
ORD9570,2025-03-18,Chennai,Bike,31.2,72,No,3.5
ORD9571,2025-03-18,Bengaluru,Bike,12.4,38,No,3.2
ORD9572,2025-03-02,Bengaluru,Van,44.4,32,No,3.8
ORD9573,2025-03-08,Bengaluru,Scooter,54.9,111,Yes,5.0
ORD9574,2025-03-09,Bengaluru,Bike,45.3,43,No,3.8
ORD9575,2025-03-29,Pune,Bike,46.7,31,Yes,4.4
ORD9576,2025-03-15,Hyderabad,Scooter,18.1,72,No,4.5
ORD9577,2025-03-15,Chennai,Bike,37.9,26,No,3.8
ORD9578,2025-03-21,Hyderabad,Bike,41.0,96,Yes,4.9
ORD9579,2025-03-19,Pune,Truck,48.3,92,No,4.3
ORD9580,2025-03-16,Delhi,Truck,56.4,11,No,4.0
ORD9581,2025-03-04,Delhi,Van,41.1,71,Yes,3.3
ORD9582,2025-03-13,Delhi,Bike,27.1,22,No,3.1
ORD9583,2025-03-09,Mumbai,Van,14.2,21,No,3.8
ORD9584,2025-03-08,Pune,Truck,44.1,119,No,3.7
ORD9585,2025-03-02,Chennai,Van,10.2,111,No,4.3
ORD9586,2025-03-27,Hyderabad,Van,2.4,44,No,3.9
ORD9587,2025-03-26,Pune,Scooter,36.0,64,Yes,3.3
ORD9588,2025-03-25,Pune,Bike,28.9,75,Yes,4.2
ORD9589,2025-03-07,Chennai,Truck,35.1,35,Yes,4.0
ORD9590,2025-03-10,Delhi,Van,34.4,20,No,3.8
ORD9591,2025-03-25,Hyderabad,Van,35.5,113,No,4.1
ORD9592,2025-03-12,Pune,Truck,31.1,91,Yes,3.2
ORD9593,2025-03-17,Mumbai,Van,36.7,102,No,4.7
ORD9594,2025-03-28,Bengaluru,Scooter,9.7,16,Yes,3.9
ORD9595,2025-03-04,Hyderabad,Scooter,40.1,39,No,4.4
ORD9596,2025-03-12,Mumbai,Bike,59.4,56,No,4.8
ORD9597,2025-03-18,Hyderabad,Truck,17.6,116,Yes,4.9
ORD9598,2025-03-16,Hyderabad,Van,5.4,33,Yes,4.4
ORD9599,2025-03-18,Chennai,Van,4.7,66,Yes,4.6
ORD9600,2025-03-18,Bengaluru,Van,57.9,52,Yes,4.5
ORD9601,2025-03-19,Delhi,Truck,24.7,30,No,4.3
ORD9602,2025-03-16,Chennai,Van,10.6,40,Yes,3.2
ORD9603,2025-03-19,Mumbai,Bike,31.0,107,No,3.2
ORD9604,2025-03-14,Mumbai,Truck,59.2,58,Yes,4.0
ORD9605,2025-03-30,Delhi,Truck,41.9,21,Yes,5.0
ORD9606,2025-03-05,Pune,Bike,51.8,24,No,3.7
ORD9607,2025-03-19,Delhi,Bike,31.3,51,Yes,3.5
ORD9608,2025-03-26,Bengaluru,Scooter,25.0,50,Yes,3.0
ORD9609,2025-03-11,Bengaluru,Truck,44.4,23,No,3.3
ORD9610,2025-03-11,Chennai,Truck,49.0,72,Yes,3.7
ORD9611,2025-03-27,Bengaluru,Scooter,12.3,112,No,4.8
ORD9612,2025-03-29,Delhi,Scooter,54.5,66,Yes,3.1
ORD9613,2025-03-12,Delhi,Van,26.8,113,No,3.7
ORD9614,2025-03-26,Bengaluru,Van,7.5,97,Yes,4.3
ORD9615,2025-03-10,Mumbai,Bike,15.7,31,No,3.2
ORD9616,2025-03-08,Hyderabad,Van,5.3,108,Yes,4.8
ORD9617,2025-03-30,Chennai,Truck,24.0,45,No,4.3
ORD9618,2025-03-21,Chennai,Bike,3.3,18,No,4.2
ORD9619,2025-03-01,Hyderabad,Truck,50.1,33,No,3.3
ORD9620,2025-03-28,Pune,Scooter,44.3,110,Yes,4.2
ORD9621,2025-03-08,Chennai,Bike,20.4,56,Yes,3.5
ORD9622,2025-03-24,Pune,Van,25.6,104,Yes,3.3
ORD9623,2025-03-21,Bengaluru,Scooter,48.2,73,No,3.2
ORD9624,2025-03-18,Delhi,Truck,43.1,66,No,4.2
ORD9625,2025-03-11,Bengaluru,Truck,43.4,85,No,4.3
ORD9626,2025-03-29,Bengaluru,Van,55.6,25,Yes,4.7
ORD9627,2025-03-07,Pune,Bike,17.3,53,No,4.2
ORD9628,2025-03-25,Delhi,Truck,22.2,29,Yes,3.4
ORD9629,2025-03-29,Hyderabad,Truck,9.4,77,No,3.2
ORD9630,2025-03-17,Hyderabad,Scooter,26.2,37,No,3.5
ORD9631,2025-03-30,Hyderabad,Truck,41.4,79,Yes,4.8
ORD9632,2025-03-05,Hyderabad,Scooter,7.7,89,Yes,3.7
ORD9633,2025-03-06,Hyderabad,Scooter,48.7,102,Yes,4.4
ORD9634,2025-03-25,Delhi,Truck,45.1,82,Yes,3.5
ORD9635,2025-03-13,Bengaluru,Bike,14.0,15,Yes,4.7
ORD9636,2025-03-23,Bengaluru,Bike,36.9,106,Yes,4.6
ORD9637,2025-03-17,Hyderabad,Bike,51.5,26,Yes,4.1
ORD9638,2025-03-01,Chennai,Scooter,2.3,35,Yes,4.5
ORD9639,2025-03-15,Pune,Van,12.6,60,No,3.9
ORD9640,2025-03-13,Hyderabad,Van,16.1,37,No,4.3
ORD9641,2025-03-24,Bengaluru,Truck,41.0,67,Yes,3.2
ORD9642,2025-03-02,Bengaluru,Bike,37.7,37,Yes,3.9
ORD9643,2025-03-16,Bengaluru,Bike,25.7,77,No,4.7
ORD9644,2025-03-13,Mumbai,Truck,27.0,38,No,3.3
ORD9645,2025-03-26,Bengaluru,Van,43.9,82,Yes,4.2
ORD9646,2025-03-01,Pune,Truck,35.1,94,No,4.2
ORD9647,2025-03-06,Delhi,Scooter,28.6,14,No,5.0
ORD9648,2025-03-13,Chennai,Scooter,3.1,42,No,4.3
ORD9649,2025-03-09,Hyderabad,Van,55.5,14,Yes,4.7
ORD9650,2025-03-18,Mumbai,Truck,11.2,119,Yes,4.3
ORD9651,2025-03-29,Chennai,Bike,4.5,114,Yes,3.0
ORD9652,2025-03-21,Hyderabad,Van,44.4,102,Yes,4.6
ORD9653,2025-03-29,Mumbai,Van,49.3,119,Yes,4.4
ORD9654,2025-03-12,Mumbai,Van,25.6,74,No,3.4
ORD9655,2025-03-30,Pune,Bike,35.5,69,Yes,3.8
ORD9656,2025-03-02,Chennai,Van,18.6,84,No,3.0
ORD9657,2025-03-09,Pune,Van,58.1,106,No,4.9
ORD9658,2025-03-01,Chennai,Bike,41.1,29,No,3.9
ORD9659,2025-03-13,Bengaluru,Scooter,14.7,54,No,3.2
ORD9660,2025-03-19,Hyderabad,Truck,23.6,87,No,4.5
ORD9661,2025-03-27,Hyderabad,Van,4.5,20,Yes,4.4
ORD9662,2025-03-28,Delhi,Van,24.6,38,Yes,3.4
ORD9663,2025-03-25,Chennai,Scooter,57.4,77,No,3.3
ORD9664,2025-03-29,Mumbai,Bike,14.8,39,Yes,3.7
ORD9665,2025-03-16,Hyderabad,Truck,34.2,84,Yes,3.4
ORD9666,2025-03-12,Chennai,Van,53.0,63,Yes,4.6
ORD9667,2025-03-21,Delhi,Bike,54.9,29,Yes,3.7
ORD9668,2025-03-17,Mumbai,Scooter,30.2,87,Yes,4.5
ORD9669,2025-03-27,Bengaluru,Van,46.2,66,Yes,3.1
ORD9670,2025-03-14,Chennai,Van,55.5,77,Yes,3.7
ORD9671,2025-03-26,Delhi,Truck,27.4,41,No,3.7
ORD9672,2025-03-10,Chennai,Truck,54.4,24,Yes,3.5
ORD9673,2025-03-24,Chennai,Scooter,53.1,40,Yes,4.9
ORD9674,2025-03-29,Pune,Truck,55.9,48,Yes,3.4
ORD9675,2025-03-08,Pune,Bike,55.1,30,No,3.9
ORD9676,2025-03-20,Bengaluru,Bike,20.0,68,No,3.8
ORD9677,2025-03-07,Chennai,Bike,4.8,113,No,4.9
ORD9678,2025-03-02,Chennai,Bike,54.2,59,Yes,4.5
ORD9679,2025-03-12,Mumbai,Truck,25.1,116,No,3.2
ORD9680,2025-03-09,Pune,Scooter,38.3,27,No,4.4
ORD9681,2025-03-05,Hyderabad,Bike,21.2,10,No,3.4
ORD9682,2025-03-16,Pune,Truck,30.4,24,Yes,3.8
ORD9683,2025-03-22,Bengaluru,Truck,46.7,38,Yes,4.5
ORD9684,2025-03-20,Bengaluru,Bike,50.4,43,Yes,3.5
ORD9685,2025-03-29,Pune,Truck,28.1,99,Yes,4.4
ORD9686,2025-03-02,Delhi,Truck,39.6,113,Yes,4.8
ORD9687,2025-03-11,Delhi,Scooter,50.3,107,No,3.8
ORD9688,2025-03-25,Pune,Bike,49.8,90,No,3.8
ORD9689,2025-03-26,Hyderabad,Bike,32.9,53,No,5.0
ORD9690,2025-03-22,Mumbai,Truck,50.9,41,Yes,3.5
ORD9691,2025-03-08,Pune,Truck,41.3,31,Yes,5.0
ORD9692,2025-03-21,Mumbai,Van,23.9,105,Yes,3.8
ORD9693,2025-03-04,Mumbai,Van,47.9,83,Yes,3.6
ORD9694,2025-03-24,Bengaluru,Scooter,24.7,73,No,3.3
ORD9695,2025-03-15,Mumbai,Scooter,5.9,47,No,4.5
ORD9696,2025-03-16,Pune,Bike,55.2,119,No,4.0
ORD9697,2025-03-05,Chennai,Truck,56.4,112,Yes,4.0
ORD9698,2025-03-12,Mumbai,Bike,58.7,28,No,3.2
ORD9699,2025-03-05,Mumbai,Bike,40.1,101,No,3.0
ORD9700,2025-03-01,Bengaluru,Scooter,41.6,80,Yes,3.2
ORD9701,2025-03-08,Pune,Truck,7.0,107,No,3.3
ORD9702,2025-03-11,Bengaluru,Truck,45.8,17,No,3.1
ORD9703,2025-03-22,Chennai,Truck,38.2,64,No,4.2
ORD9704,2025-03-20,Chennai,Van,43.3,59,No,3.8
ORD9705,2025-03-02,Mumbai,Van,9.4,105,Yes,5.0
ORD9706,2025-03-19,Chennai,Truck,17.7,43,Yes,4.6
ORD9707,2025-03-24,Delhi,Truck,54.1,16,Yes,3.9
ORD9708,2025-03-01,Hyderabad,Scooter,50.9,42,No,3.8
ORD9709,2025-03-15,Delhi,Truck,33.8,36,Yes,5.0
ORD9710,2025-03-28,Chennai,Scooter,36.7,62,No,3.7
ORD9711,2025-03-21,Bengaluru,Truck,33.7,99,No,4.0
ORD9712,2025-03-14,Chennai,Truck,51.8,33,Yes,3.8
ORD9713,2025-03-06,Mumbai,Van,37.2,30,Yes,4.1
ORD9714,2025-03-21,Bengaluru,Truck,10.3,35,Yes,3.4
ORD9715,2025-03-03,Delhi,Van,4.9,23,Yes,3.7
ORD9716,2025-03-13,Chennai,Bike,13.9,20,No,3.5
ORD9717,2025-03-03,Bengaluru,Van,27.7,23,Yes,3.8
ORD9718,2025-03-19,Pune,Bike,53.8,111,Yes,3.8
ORD9719,2025-03-02,Pune,Truck,53.7,20,Yes,3.4
ORD9720,2025-03-24,Mumbai,Bike,34.8,108,No,4.7
ORD9721,2025-03-15,Mumbai,Bike,33.0,67,Yes,4.8
ORD9722,2025-03-18,Mumbai,Truck,51.5,55,Yes,3.7
ORD9723,2025-03-10,Pune,Scooter,31.1,40,No,4.8
ORD9724,2025-03-13,Mumbai,Truck,11.4,95,Yes,3.8
ORD9725,2025-03-08,Pune,Van,34.6,55,No,4.2
ORD9726,2025-03-28,Chennai,Van,27.2,45,Yes,4.0
ORD9727,2025-03-24,Chennai,Bike,21.4,78,No,4.8
ORD9728,2025-03-04,Bengaluru,Scooter,41.2,23,No,3.8
ORD9729,2025-03-16,Bengaluru,Scooter,2.3,119,Yes,4.7
ORD9730,2025-03-02,Mumbai,Bike,24.2,114,Yes,4.5
ORD9731,2025-03-08,Delhi,Scooter,16.3,61,Yes,4.6
ORD9732,2025-03-26,Chennai,Van,19.4,13,No,3.7
ORD9733,2025-03-24,Hyderabad,Truck,46.0,70,No,3.3
ORD9734,2025-03-12,Chennai,Scooter,7.9,28,No,3.1
ORD9735,2025-03-26,Mumbai,Truck,4.0,63,Yes,3.2
ORD9736,2025-03-08,Pune,Scooter,38.2,48,No,3.8
ORD9737,2025-03-11,Mumbai,Van,23.3,15,No,3.6
ORD9738,2025-03-09,Mumbai,Truck,39.7,70,Yes,4.9
ORD9739,2025-03-15,Pune,Truck,23.3,70,No,3.4
ORD9740,2025-03-30,Pune,Bike,7.2,64,No,4.5
ORD9741,2025-03-27,Delhi,Bike,46.4,13,No,4.3
ORD9742,2025-03-20,Bengaluru,Van,30.4,58,No,4.6
ORD9743,2025-03-10,Hyderabad,Scooter,12.9,74,No,3.8
ORD9744,2025-03-17,Mumbai,Bike,41.1,10,Yes,4.0
ORD9745,2025-03-10,Pune,Van,39.6,65,No,5.0
ORD9746,2025-03-24,Chennai,Bike,24.9,47,No,4.6
ORD9747,2025-03-30,Delhi,Truck,57.0,45,No,4.5
ORD9748,2025-03-14,Hyderabad,Scooter,31.0,49,Yes,3.4
ORD9749,2025-03-27,Pune,Truck,43.1,107,Yes,3.7
ORD9750,2025-03-22,Delhi,Bike,27.5,68,Yes,3.0
ORD9751,2025-03-06,Pune,Scooter,59.3,32,No,4.2
ORD9752,2025-03-06,Bengaluru,Bike,40.7,39,No,4.0
ORD9753,2025-03-14,Mumbai,Scooter,24.5,42,Yes,4.3
ORD9754,2025-03-10,Chennai,Scooter,3.4,25,Yes,3.3
ORD9755,2025-03-22,Mumbai,Scooter,36.6,119,No,4.7
ORD9756,2025-03-03,Hyderabad,Scooter,3.0,71,No,4.8
ORD9757,2025-03-16,Hyderabad,Bike,13.3,118,Yes,3.3
ORD9758,2025-03-01,Hyderabad,Van,30.3,35,Yes,3.1
ORD9759,2025-03-05,Bengaluru,Truck,50.7,96,Yes,4.3
ORD9760,2025-03-29,Pune,Van,23.3,47,Yes,3.3
ORD9761,2025-03-09,Bengaluru,Bike,31.4,15,Yes,3.8
ORD9762,2025-03-07,Hyderabad,Scooter,22.5,99,Yes,4.4
ORD9763,2025-03-02,Bengaluru,Truck,37.6,62,No,3.7
ORD9764,2025-03-22,Bengaluru,Bike,27.1,92,Yes,3.9
ORD9765,2025-03-23,Hyderabad,Truck,21.0,48,No,3.5
ORD9766,2025-03-08,Chennai,Bike,27.0,34,Yes,3.5
ORD9767,2025-03-21,Pune,Scooter,44.6,44,Yes,4.8
ORD9768,2025-03-11,Delhi,Van,28.0,56,Yes,4.7
ORD9769,2025-03-24,Bengaluru,Bike,45.8,115,No,3.0
ORD9770,2025-03-13,Hyderabad,Truck,7.6,107,No,3.4
ORD9771,2025-03-27,Chennai,Bike,59.1,55,No,4.0
ORD9772,2025-03-14,Pune,Scooter,12.5,22,Yes,4.4
ORD9773,2025-03-23,Bengaluru,Scooter,14.0,48,Yes,3.0
ORD9774,2025-03-09,Delhi,Van,20.8,55,No,3.5
ORD9775,2025-03-13,Chennai,Scooter,13.7,17,Yes,4.0
ORD9776,2025-03-17,Chennai,Van,26.3,117,Yes,3.8
ORD9777,2025-03-04,Delhi,Scooter,31.8,47,No,4.1
ORD9778,2025-03-23,Hyderabad,Bike,49.9,29,Yes,4.0
ORD9779,2025-03-25,Delhi,Scooter,27.7,84,Yes,3.2
ORD9780,2025-03-06,Delhi,Bike,10.7,113,No,3.8
ORD9781,2025-03-21,Hyderabad,Van,28.8,101,Yes,3.5
ORD9782,2025-03-30,Hyderabad,Truck,17.6,58,No,3.2
ORD9783,2025-03-11,Mumbai,Scooter,6.3,64,Yes,4.4
ORD9784,2025-03-09,Chennai,Bike,13.8,72,Yes,3.6
ORD9785,2025-03-29,Chennai,Scooter,8.9,65,No,4.4
ORD9786,2025-03-26,Hyderabad,Scooter,42.0,67,Yes,3.2
ORD9787,2025-03-27,Mumbai,Van,49.9,30,Yes,3.6
ORD9788,2025-03-26,Delhi,Scooter,46.8,30,Yes,4.2
ORD9789,2025-03-26,Delhi,Truck,49.5,19,Yes,3.9
ORD9790,2025-03-06,Bengaluru,Truck,31.8,107,No,3.4
ORD9791,2025-03-28,Chennai,Scooter,28.0,33,No,3.1
ORD9792,2025-03-01,Delhi,Bike,43.4,21,Yes,4.4
ORD9793,2025-03-02,Pune,Truck,3.4,76,Yes,3.1
ORD9794,2025-03-03,Mumbai,Van,50.6,96,Yes,3.2
ORD9795,2025-03-10,Chennai,Scooter,41.9,114,Yes,4.5
ORD9796,2025-03-15,Hyderabad,Van,2.9,36,Yes,4.1
ORD9797,2025-03-30,Pune,Van,23.2,10,Yes,3.9
ORD9798,2025-03-08,Mumbai,Van,55.0,105,No,4.7
ORD9799,2025-03-24,Delhi,Bike,39.8,80,No,3.3
ORD9800,2025-03-12,Pune,Bike,24.2,53,Yes,4.6
ORD9801,2025-03-21,Chennai,Truck,54.6,88,No,4.5
ORD9802,2025-03-06,Delhi,Truck,38.3,12,No,3.3
ORD9803,2025-03-03,Bengaluru,Van,33.5,58,No,4.3
ORD9804,2025-03-03,Delhi,Truck,22.8,42,Yes,4.8
ORD9805,2025-03-05,Hyderabad,Bike,10.5,10,Yes,3.1
ORD9806,2025-03-15,Pune,Van,7.8,102,Yes,4.7
ORD9807,2025-03-28,Pune,Bike,25.6,68,No,4.5
ORD9808,2025-03-28,Delhi,Van,15.6,31,No,4.0
ORD9809,2025-03-01,Pune,Bike,8.6,57,No,3.3
ORD9810,2025-03-22,Hyderabad,Scooter,26.8,67,No,4.2
ORD9811,2025-03-11,Mumbai,Scooter,43.8,88,No,4.4
ORD9812,2025-03-25,Delhi,Bike,40.7,41,Yes,4.8
ORD9813,2025-03-06,Mumbai,Van,40.6,30,Yes,3.1
ORD9814,2025-03-18,Bengaluru,Bike,9.8,68,No,4.9
ORD9815,2025-03-09,Mumbai,Van,22.8,46,Yes,4.8
ORD9816,2025-03-09,Bengaluru,Van,16.5,87,No,3.3
ORD9817,2025-03-14,Pune,Scooter,49.8,73,Yes,4.8
ORD9818,2025-03-14,Delhi,Bike,33.9,71,Yes,3.2
ORD9819,2025-03-21,Chennai,Truck,14.2,75,No,4.4
ORD9820,2025-03-17,Delhi,Scooter,7.9,114,Yes,3.5
ORD9821,2025-03-22,Hyderabad,Bike,55.7,109,Yes,4.1
ORD9822,2025-03-24,Delhi,Scooter,23.5,31,Yes,4.8
ORD9823,2025-03-02,Chennai,Bike,17.3,36,Yes,4.6
ORD9824,2025-03-07,Delhi,Truck,56.9,60,Yes,4.2
ORD9825,2025-03-15,Chennai,Truck,56.6,14,Yes,4.8
ORD9826,2025-03-25,Delhi,Bike,41.3,84,Yes,3.7
ORD9827,2025-03-12,Hyderabad,Truck,8.9,117,Yes,4.5
ORD9828,2025-03-25,Hyderabad,Scooter,15.1,44,Yes,4.3
ORD9829,2025-03-24,Mumbai,Bike,19.4,91,No,3.1
ORD9830,2025-03-30,Hyderabad,Scooter,11.0,112,Yes,4.9
ORD9831,2025-03-22,Delhi,Truck,58.8,65,No,3.4
ORD9832,2025-03-29,Bengaluru,Bike,51.6,117,Yes,4.0
ORD9833,2025-03-13,Chennai,Scooter,44.1,92,No,3.1
ORD9834,2025-03-29,Chennai,Scooter,40.8,53,No,4.4
ORD9835,2025-03-09,Mumbai,Bike,17.1,41,No,3.2
ORD9836,2025-03-02,Delhi,Scooter,41.6,69,Yes,3.8
ORD9837,2025-03-23,Pune,Scooter,28.1,55,No,3.4
ORD9838,2025-03-11,Hyderabad,Bike,52.5,78,Yes,3.4
ORD9839,2025-03-29,Pune,Bike,11.4,73,No,4.2
ORD9840,2025-03-17,Chennai,Truck,59.0,58,No,4.3
ORD9841,2025-03-11,Chennai,Scooter,20.0,62,Yes,4.3
ORD9842,2025-03-06,Chennai,Truck,25.0,38,Yes,3.9
ORD9843,2025-03-22,Pune,Van,58.2,107,No,4.0
ORD9844,2025-03-12,Bengaluru,Scooter,35.8,99,Yes,3.4
ORD9845,2025-03-20,Bengaluru,Van,21.8,53,No,3.3
ORD9846,2025-03-05,Bengaluru,Bike,31.6,83,No,3.2
ORD9847,2025-03-29,Mumbai,Bike,51.4,119,Yes,4.9
ORD9848,2025-03-07,Mumbai,Scooter,9.6,10,No,3.6
ORD9849,2025-03-28,Pune,Bike,22.5,81,No,4.2
ORD9850,2025-03-13,Mumbai,Van,9.8,99,No,4.4
ORD9851,2025-03-15,Delhi,Scooter,23.5,97,Yes,3.9
ORD9852,2025-03-22,Mumbai,Bike,19.0,15,Yes,3.2
ORD9853,2025-03-04,Bengaluru,Scooter,10.1,82,No,4.4
ORD9854,2025-03-25,Delhi,Scooter,45.0,108,No,3.2
ORD9855,2025-03-24,Delhi,Scooter,51.2,58,No,4.9
ORD9856,2025-03-08,Mumbai,Van,9.4,95,Yes,3.7
ORD9857,2025-03-11,Delhi,Van,30.0,25,Yes,4.2
ORD9858,2025-03-25,Bengaluru,Van,53.4,72,Yes,3.5
ORD9859,2025-03-12,Bengaluru,Truck,45.1,34,No,4.2
ORD9860,2025-03-09,Bengaluru,Van,2.1,51,Yes,3.8
ORD9861,2025-03-28,Hyderabad,Truck,21.3,41,No,4.9
ORD9862,2025-03-23,Pune,Van,17.6,115,No,3.1
ORD9863,2025-03-08,Bengaluru,Bike,26.7,24,Yes,4.8
ORD9864,2025-03-09,Pune,Truck,32.5,37,No,3.1
ORD9865,2025-03-03,Mumbai,Van,29.2,35,Yes,4.1
ORD9866,2025-03-04,Mumbai,Scooter,39.4,102,No,3.4
ORD9867,2025-03-21,Chennai,Van,39.4,60,Yes,4.1
ORD9868,2025-03-05,Pune,Van,26.5,111,Yes,4.7
ORD9869,2025-03-21,Chennai,Truck,51.1,99,Yes,3.3
ORD9870,2025-03-28,Bengaluru,Scooter,22.4,108,Yes,4.0
ORD9871,2025-03-05,Delhi,Van,42.3,106,No,3.5
ORD9872,2025-03-18,Pune,Van,27.8,41,Yes,3.6
ORD9873,2025-03-19,Bengaluru,Bike,7.7,101,No,5.0
ORD9874,2025-03-22,Pune,Scooter,15.7,51,No,4.8
ORD9875,2025-03-14,Mumbai,Bike,22.5,25,Yes,3.3
ORD9876,2025-03-23,Delhi,Scooter,28.0,47,Yes,3.9
ORD9877,2025-03-23,Delhi,Bike,50.4,97,No,4.1
ORD9878,2025-03-26,Pune,Truck,16.4,75,Yes,3.1
ORD9879,2025-03-16,Pune,Bike,21.2,33,Yes,3.4
ORD9880,2025-03-12,Mumbai,Bike,42.7,76,Yes,3.8
ORD9881,2025-03-12,Delhi,Truck,7.7,112,Yes,4.0
ORD9882,2025-03-19,Hyderabad,Truck,42.5,107,Yes,3.1
ORD9883,2025-03-22,Chennai,Truck,42.4,37,No,3.1
ORD9884,2025-03-01,Chennai,Scooter,36.1,61,No,3.4
ORD9885,2025-03-27,Delhi,Truck,2.9,34,No,4.9
ORD9886,2025-03-10,Pune,Truck,54.1,11,No,3.0
ORD9887,2025-03-18,Delhi,Truck,41.4,46,Yes,4.2
ORD9888,2025-03-18,Delhi,Bike,36.1,94,Yes,4.7
ORD9889,2025-03-30,Chennai,Scooter,25.9,45,Yes,4.9
ORD9890,2025-03-02,Bengaluru,Scooter,26.2,64,Yes,3.5
ORD9891,2025-03-09,Bengaluru,Scooter,35.6,76,Yes,4.2
ORD9892,2025-03-04,Pune,Scooter,43.2,12,Yes,4.9
ORD9893,2025-03-04,Bengaluru,Scooter,34.3,34,Yes,3.0
ORD9894,2025-03-03,Chennai,Bike,11.6,94,Yes,3.8
ORD9895,2025-03-28,Chennai,Scooter,32.8,45,No,3.7
ORD9896,2025-03-04,Pune,Scooter,44.3,91,No,5.0
ORD9897,2025-03-20,Bengaluru,Van,21.1,26,No,4.0
ORD9898,2025-03-01,Hyderabad,Truck,53.3,105,No,3.1
ORD9899,2025-03-25,Hyderabad,Truck,31.8,61,Yes,3.9
ORD9900,2025-03-28,Pune,Van,2.3,20,No,4.3
ORD9901,2025-03-10,Mumbai,Bike,31.2,55,No,3.9
ORD9902,2025-03-28,Hyderabad,Truck,48.4,21,Yes,4.4
ORD9903,2025-03-14,Mumbai,Truck,45.2,58,No,3.7
ORD9904,2025-03-27,Chennai,Van,7.9,107,No,4.9
ORD9905,2025-03-14,Hyderabad,Van,50.8,37,Yes,4.2
ORD9906,2025-03-05,Pune,Scooter,55.3,44,No,4.2
ORD9907,2025-03-11,Chennai,Truck,20.2,78,No,5.0
ORD9908,2025-03-29,Hyderabad,Bike,22.3,55,No,3.6
ORD9909,2025-03-25,Mumbai,Bike,11.6,27,No,4.0
ORD9910,2025-03-17,Chennai,Bike,28.3,114,No,4.7
ORD9911,2025-03-20,Pune,Van,30.3,102,Yes,3.2
ORD9912,2025-03-29,Pune,Truck,7.3,29,No,3.4
ORD9913,2025-03-17,Bengaluru,Bike,27.3,19,No,3.8
ORD9914,2025-03-25,Chennai,Van,48.7,44,No,3.7
ORD9915,2025-03-04,Mumbai,Van,33.5,93,No,3.0
ORD9916,2025-03-01,Bengaluru,Van,53.1,98,No,4.9
ORD9917,2025-03-13,Chennai,Bike,9.5,112,No,4.2
ORD9918,2025-03-27,Bengaluru,Van,52.8,22,Yes,4.3
ORD9919,2025-03-09,Delhi,Truck,2.3,58,No,4.2
ORD9920,2025-03-18,Mumbai,Scooter,17.4,41,No,3.4
ORD9921,2025-03-16,Hyderabad,Van,17.4,22,No,4.0
ORD9922,2025-03-23,Chennai,Van,6.9,20,Yes,4.5
ORD9923,2025-03-30,Bengaluru,Scooter,47.7,64,Yes,3.9
ORD9924,2025-03-01,Pune,Bike,52.4,64,No,3.7
ORD9925,2025-03-15,Chennai,Van,29.8,65,No,3.2
ORD9926,2025-03-07,Pune,Bike,31.1,90,Yes,3.5
ORD9927,2025-03-16,Delhi,Van,53.3,34,No,4.5
ORD9928,2025-03-22,Pune,Scooter,30.5,36,No,3.0
ORD9929,2025-03-19,Mumbai,Bike,13.1,107,Yes,3.4
ORD9930,2025-03-04,Bengaluru,Scooter,43.5,111,No,3.5
ORD9931,2025-03-22,Pune,Bike,35.2,39,Yes,3.8
ORD9932,2025-03-20,Chennai,Truck,38.6,78,No,4.7
ORD9933,2025-03-24,Chennai,Scooter,28.3,68,Yes,5.0
ORD9934,2025-03-27,Chennai,Van,52.9,19,No,3.7
ORD9935,2025-03-12,Mumbai,Scooter,10.0,25,Yes,4.0
ORD9936,2025-03-23,Bengaluru,Van,27.9,85,Yes,3.3
ORD9937,2025-03-01,Chennai,Truck,40.6,73,Yes,4.9
ORD9938,2025-03-05,Pune,Truck,34.6,50,Yes,3.8
ORD9939,2025-03-25,Bengaluru,Van,21.8,116,No,4.7
ORD9940,2025-03-05,Chennai,Van,7.8,110,No,3.3
ORD9941,2025-03-10,Bengaluru,Van,38.8,14,No,4.1
ORD9942,2025-03-03,Chennai,Bike,58.7,119,No,4.4
ORD9943,2025-03-03,Hyderabad,Scooter,49.5,15,Yes,4.3
ORD9944,2025-03-09,Mumbai,Bike,33.2,36,Yes,3.9
ORD9945,2025-03-04,Pune,Van,58.6,12,No,4.4
ORD9946,2025-03-11,Chennai,Bike,57.8,101,No,3.9
ORD9947,2025-03-05,Delhi,Van,56.5,37,No,3.7
ORD9948,2025-03-04,Pune,Scooter,16.1,54,Yes,3.6
ORD9949,2025-03-05,Bengaluru,Scooter,34.8,16,No,3.7
ORD9950,2025-03-03,Bengaluru,Van,24.3,67,No,4.6
ORD9951,2025-03-13,Pune,Truck,25.3,89,No,3.3
ORD9952,2025-03-26,Mumbai,Scooter,51.4,45,No,3.8
ORD9953,2025-03-29,Mumbai,Truck,3.1,13,No,4.8
ORD9954,2025-03-25,Hyderabad,Bike,54.6,80,Yes,4.6
ORD9955,2025-03-02,Bengaluru,Bike,10.4,16,Yes,4.9
ORD9956,2025-03-16,Delhi,Truck,8.1,72,Yes,3.9
ORD9957,2025-03-17,Bengaluru,Van,59.3,102,No,4.9
ORD9958,2025-03-13,Hyderabad,Van,29.5,29,Yes,3.4
ORD9959,2025-03-04,Hyderabad,Scooter,32.3,97,No,4.8
ORD9960,2025-03-25,Chennai,Bike,7.5,113,No,4.3
ORD9961,2025-03-04,Pune,Bike,40.1,21,Yes,3.1
ORD9962,2025-03-10,Delhi,Truck,10.4,74,Yes,3.5
ORD9963,2025-03-16,Hyderabad,Van,24.4,10,Yes,4.3
ORD9964,2025-03-05,Hyderabad,Scooter,9.8,52,Yes,3.1
ORD9965,2025-03-12,Hyderabad,Scooter,44.4,29,Yes,3.9
ORD9966,2025-03-09,Hyderabad,Van,57.5,22,Yes,3.1
ORD9967,2025-03-27,Bengaluru,Van,54.5,21,Yes,3.5
ORD9968,2025-03-10,Mumbai,Van,40.6,34,Yes,4.7
ORD9969,2025-03-26,Hyderabad,Scooter,17.9,20,No,4.3
ORD9970,2025-03-28,Chennai,Truck,32.0,99,No,5.0
ORD9971,2025-03-10,Bengaluru,Scooter,20.7,28,No,3.1
ORD9972,2025-03-29,Delhi,Truck,38.2,110,Yes,3.7
ORD9973,2025-03-26,Mumbai,Van,53.8,42,No,4.0
ORD9974,2025-03-14,Bengaluru,Bike,45.6,10,Yes,3.9
ORD9975,2025-03-05,Mumbai,Truck,10.7,47,Yes,3.5
ORD9976,2025-03-16,Delhi,Scooter,4.5,72,Yes,3.6
ORD9977,2025-03-02,Pune,Bike,31.1,63,No,4.1
ORD9978,2025-03-22,Delhi,Van,35.6,14,No,3.4
ORD9979,2025-03-30,Hyderabad,Truck,48.9,74,No,3.8
ORD9980,2025-03-30,Hyderabad,Van,31.3,45,No,4.8
ORD9981,2025-03-21,Delhi,Van,55.9,66,No,4.0
ORD9982,2025-03-22,Hyderabad,Van,21.1,90,No,4.2
ORD9983,2025-03-25,Mumbai,Scooter,14.0,85,Yes,3.6
ORD9984,2025-03-24,Hyderabad,Bike,29.9,64,No,4.8
ORD9985,2025-03-17,Delhi,Truck,27.4,66,Yes,4.9
ORD9986,2025-03-07,Chennai,Truck,45.1,22,No,3.5
ORD9987,2025-03-02,Hyderabad,Bike,19.0,71,Yes,4.0
ORD9988,2025-03-02,Hyderabad,Bike,11.0,109,Yes,3.1
ORD9989,2025-03-14,Hyderabad,Truck,38.8,93,Yes,3.6
ORD9990,2025-03-10,Bengaluru,Truck,33.6,40,No,3.4
ORD9991,2025-03-21,Hyderabad,Bike,2.7,119,Yes,3.9
ORD9992,2025-03-06,Bengaluru,Bike,28.2,69,Yes,4.0
ORD9993,2025-03-11,Hyderabad,Bike,23.4,95,No,3.7
ORD9994,2025-03-02,Mumbai,Bike,5.2,19,No,3.3
ORD9995,2025-03-06,Bengaluru,Bike,34.9,26,No,4.0
ORD9996,2025-03-15,Delhi,Van,54.6,116,Yes,3.2
ORD9997,2025-03-10,Chennai,Bike,24.7,104,Yes,4.2
ORD9998,2025-03-22,Delhi,Truck,49.4,55,No,4.4
ORD9999,2025-03-04,Mumbai,Truck,27.7,29,No,3.7
ORD10000,2025-03-24,Chennai,Van,10.4,68,No,4.2
ORD10001,2025-03-18,Chennai,Van,53.2,16,Yes,4.8
ORD10002,2025-03-11,Bengaluru,Van,12.8,104,No,4.7
ORD10003,2025-03-16,Delhi,Bike,14.4,113,No,4.7
ORD10004,2025-03-30,Pune,Bike,22.0,14,Yes,4.2
ORD10005,2025-03-24,Bengaluru,Bike,5.9,85,No,4.1
ORD10006,2025-03-17,Mumbai,Truck,5.9,62,No,4.7
ORD10007,2025-03-07,Mumbai,Truck,45.9,30,Yes,3.2
ORD10008,2025-03-07,Bengaluru,Truck,12.6,63,Yes,4.1
ORD10009,2025-03-22,Pune,Scooter,45.6,83,Yes,4.8
ORD10010,2025-03-04,Pune,Van,55.1,84,No,3.3
ORD10011,2025-03-12,Mumbai,Truck,14.5,106,Yes,3.4
ORD10012,2025-03-28,Delhi,Bike,49.7,105,Yes,5.0
ORD10013,2025-03-17,Chennai,Van,54.6,24,No,3.2
ORD10014,2025-03-07,Mumbai,Bike,31.4,15,No,3.5
ORD10015,2025-03-05,Mumbai,Van,56.4,30,Yes,3.7
ORD10016,2025-03-08,Hyderabad,Bike,3.6,18,Yes,4.7
ORD10017,2025-03-15,Bengaluru,Van,38.5,52,No,3.5
ORD10018,2025-03-06,Pune,Bike,30.7,49,Yes,3.6
ORD10019,2025-03-05,Delhi,Van,40.8,23,Yes,3.8
ORD10020,2025-03-09,Mumbai,Scooter,22.3,85,No,3.9
ORD10021,2025-03-04,Hyderabad,Van,42.6,31,Yes,3.7
ORD10022,2025-03-08,Bengaluru,Scooter,54.4,68,Yes,3.6
ORD10023,2025-03-24,Mumbai,Truck,23.4,39,Yes,4.5
ORD10024,2025-03-27,Chennai,Van,57.3,79,No,4.7
ORD10025,2025-03-25,Hyderabad,Truck,58.0,102,Yes,4.4
ORD10026,2025-03-04,Mumbai,Truck,31.3,18,No,3.0
ORD10027,2025-03-12,Chennai,Scooter,2.4,83,No,3.2
ORD10028,2025-03-18,Pune,Van,42.2,76,Yes,4.8
ORD10029,2025-03-09,Pune,Scooter,42.7,69,No,4.1
ORD10030,2025-03-29,Delhi,Bike,25.8,40,No,4.7
ORD10031,2025-03-22,Mumbai,Bike,3.2,29,No,4.7
ORD10032,2025-03-28,Chennai,Van,19.5,42,No,3.8
ORD10033,2025-03-05,Pune,Scooter,44.1,119,No,4.3
ORD10034,2025-03-05,Chennai,Scooter,40.1,105,Yes,4.3
ORD10035,2025-03-18,Mumbai,Scooter,31.8,29,No,3.1
ORD10036,2025-03-02,Bengaluru,Bike,47.5,49,Yes,4.2
ORD10037,2025-03-09,Chennai,Bike,33.4,47,No,4.4
ORD10038,2025-03-14,Delhi,Scooter,54.4,35,No,4.5
ORD10039,2025-03-09,Delhi,Scooter,42.3,42,Yes,3.7
ORD10040,2025-03-20,Hyderabad,Truck,15.9,101,Yes,4.9
ORD10041,2025-03-19,Chennai,Scooter,54.4,14,Yes,4.2
ORD10042,2025-03-23,Hyderabad,Truck,37.3,70,Yes,3.4
ORD10043,2025-03-04,Chennai,Van,55.5,74,No,4.6
ORD10044,2025-03-13,Delhi,Scooter,46.4,92,Yes,4.1
ORD10045,2025-03-01,Hyderabad,Bike,35.0,23,No,3.2
ORD10046,2025-03-01,Hyderabad,Truck,46.5,110,No,4.2
ORD10047,2025-03-06,Chennai,Van,45.3,84,Yes,4.9
ORD10048,2025-03-09,Pune,Truck,28.2,72,No,3.5
ORD10049,2025-03-08,Hyderabad,Bike,47.0,96,Yes,4.5
ORD10050,2025-03-06,Pune,Truck,52.3,83,Yes,3.7
ORD10051,2025-03-16,Delhi,Van,39.6,41,No,3.1
ORD10052,2025-03-14,Pune,Scooter,58.0,46,Yes,3.6
ORD10053,2025-03-25,Hyderabad,Truck,59.1,25,No,3.4
ORD10054,2025-03-11,Hyderabad,Truck,57.0,95,Yes,4.7
ORD10055,2025-03-12,Hyderabad,Scooter,51.9,72,Yes,3.2
ORD10056,2025-03-01,Delhi,Bike,31.1,100,Yes,3.9
ORD10057,2025-03-27,Bengaluru,Bike,47.5,106,Yes,4.5
ORD10058,2025-03-02,Pune,Scooter,7.7,24,Yes,3.4
ORD10059,2025-03-03,Hyderabad,Scooter,10.1,23,Yes,5.0
ORD10060,2025-03-01,Chennai,Van,28.0,25,No,4.5
ORD10061,2025-03-15,Delhi,Van,58.9,99,Yes,4.5
ORD10062,2025-03-25,Hyderabad,Scooter,11.0,33,No,3.9
ORD10063,2025-03-03,Pune,Van,56.0,10,No,4.6
ORD10064,2025-03-25,Delhi,Scooter,45.4,25,Yes,4.0
ORD10065,2025-03-17,Mumbai,Scooter,8.7,46,Yes,4.8
ORD10066,2025-03-07,Bengaluru,Scooter,48.5,117,No,4.1
ORD10067,2025-03-11,Mumbai,Scooter,41.9,100,No,3.5
ORD10068,2025-03-23,Hyderabad,Bike,46.1,50,No,3.3
ORD10069,2025-03-23,Delhi,Truck,27.3,43,Yes,3.5
ORD10070,2025-03-15,Hyderabad,Van,25.6,37,Yes,3.0
ORD10071,2025-03-04,Hyderabad,Truck,26.2,40,No,3.2
ORD10072,2025-03-21,Pune,Bike,37.5,34,Yes,3.5
ORD10073,2025-03-04,Chennai,Bike,8.4,47,Yes,3.8
ORD10074,2025-03-11,Bengaluru,Scooter,14.0,60,No,3.3
ORD10075,2025-03-17,Chennai,Truck,11.3,23,No,4.3
ORD10076,2025-03-20,Bengaluru,Scooter,14.1,56,Yes,4.8
ORD10077,2025-03-07,Delhi,Scooter,56.1,23,Yes,4.1
ORD10078,2025-03-11,Bengaluru,Scooter,5.3,77,Yes,4.7
ORD10079,2025-03-27,Bengaluru,Bike,55.4,58,Yes,4.6
ORD10080,2025-03-23,Chennai,Truck,57.0,103,No,4.2
ORD10081,2025-03-14,Delhi,Van,39.9,111,No,3.5
ORD10082,2025-03-14,Pune,Scooter,59.2,111,Yes,4.0
ORD10083,2025-03-23,Bengaluru,Truck,41.0,20,Yes,4.1
ORD10084,2025-03-06,Bengaluru,Van,17.6,91,Yes,4.2
ORD10085,2025-03-26,Mumbai,Bike,12.6,118,Yes,4.8
ORD10086,2025-03-17,Bengaluru,Van,54.0,99,Yes,4.8
ORD10087,2025-03-02,Hyderabad,Van,23.3,10,Yes,3.9
ORD10088,2025-03-21,Hyderabad,Truck,44.2,90,No,3.2
ORD10089,2025-03-08,Pune,Van,16.8,54,No,3.3
ORD10090,2025-03-03,Chennai,Van,37.1,109,No,4.1
ORD10091,2025-03-11,Bengaluru,Truck,10.6,110,No,3.8
ORD10092,2025-03-30,Delhi,Van,26.6,80,No,3.8
ORD10093,2025-03-23,Pune,Truck,59.7,80,No,3.4
ORD10094,2025-03-01,Mumbai,Scooter,58.2,42,Yes,4.7
ORD10095,2025-03-02,Pune,Scooter,18.0,39,No,3.9
ORD10096,2025-03-18,Pune,Bike,13.1,98,Yes,4.0
ORD10097,2025-03-17,Mumbai,Scooter,43.5,77,Yes,3.5
ORD10098,2025-03-18,Chennai,Van,28.8,98,Yes,3.5
ORD10099,2025-03-22,Chennai,Scooter,10.7,87,No,4.9
ORD10100,2025-03-01,Bengaluru,Truck,25.6,31,Yes,4.7
ORD10101,2025-03-23,Chennai,Scooter,3.5,80,Yes,4.6
ORD10102,2025-03-18,Pune,Truck,10.8,63,Yes,4.2
ORD10103,2025-03-01,Pune,Truck,47.3,53,No,3.6
ORD10104,2025-03-06,Mumbai,Van,30.7,98,No,4.9
ORD10105,2025-03-29,Mumbai,Van,47.3,70,Yes,4.3
ORD10106,2025-03-14,Hyderabad,Van,6.5,71,Yes,3.3
ORD10107,2025-03-23,Chennai,Truck,2.4,56,Yes,4.6
ORD10108,2025-03-16,Chennai,Scooter,46.3,62,Yes,3.2
ORD10109,2025-03-09,Pune,Bike,26.6,73,Yes,4.3
ORD10110,2025-03-23,Pune,Truck,58.2,113,Yes,4.9
ORD10111,2025-03-17,Mumbai,Truck,21.2,46,Yes,4.0
ORD10112,2025-03-10,Bengaluru,Scooter,20.6,84,Yes,4.7
ORD10113,2025-03-02,Mumbai,Truck,48.9,19,No,3.8
ORD10114,2025-03-24,Bengaluru,Scooter,12.9,103,No,3.1
ORD10115,2025-03-22,Bengaluru,Bike,36.1,21,No,4.0
ORD10116,2025-03-06,Chennai,Van,18.2,49,Yes,3.8
ORD10117,2025-03-01,Chennai,Van,4.2,24,No,3.7
ORD10118,2025-03-17,Bengaluru,Van,54.6,92,Yes,4.8
ORD10119,2025-03-18,Hyderabad,Scooter,23.4,94,No,4.1
ORD10120,2025-03-27,Delhi,Scooter,47.8,28,No,4.6
ORD10121,2025-03-06,Delhi,Van,49.7,19,Yes,4.2
ORD10122,2025-03-12,Pune,Scooter,41.5,101,Yes,4.0
ORD10123,2025-03-23,Chennai,Bike,38.3,57,No,3.4
ORD10124,2025-03-05,Chennai,Truck,12.7,110,No,3.6
ORD10125,2025-03-25,Pune,Scooter,25.5,116,Yes,4.1
ORD10126,2025-03-10,Chennai,Van,31.7,113,Yes,3.8
ORD10127,2025-03-22,Chennai,Van,53.6,84,No,3.1
ORD10128,2025-03-12,Bengaluru,Scooter,32.2,112,No,4.8
ORD10129,2025-03-22,Chennai,Van,30.1,39,Yes,4.7
ORD10130,2025-03-25,Bengaluru,Scooter,24.3,39,Yes,4.0
ORD10131,2025-03-26,Bengaluru,Truck,52.2,88,Yes,4.2
ORD10132,2025-03-16,Hyderabad,Scooter,56.2,10,No,4.0
ORD10133,2025-03-02,Mumbai,Scooter,8.6,34,No,4.8
ORD10134,2025-03-19,Chennai,Truck,24.3,95,Yes,4.4
ORD10135,2025-03-25,Pune,Bike,57.4,87,No,4.1
ORD10136,2025-03-06,Mumbai,Bike,26.6,63,Yes,3.4
ORD10137,2025-03-07,Bengaluru,Scooter,16.3,71,No,5.0
ORD10138,2025-03-24,Hyderabad,Bike,48.7,114,Yes,4.2
ORD10139,2025-03-14,Mumbai,Bike,25.9,57,Yes,4.3
ORD10140,2025-03-28,Hyderabad,Scooter,46.2,33,No,4.4
ORD10141,2025-03-13,Bengaluru,Van,36.6,101,Yes,4.9
ORD10142,2025-03-03,Pune,Scooter,20.9,42,No,4.9
ORD10143,2025-03-21,Pune,Bike,13.0,93,Yes,4.6
ORD10144,2025-03-23,Chennai,Bike,10.1,20,Yes,3.1
ORD10145,2025-03-01,Mumbai,Van,8.0,73,Yes,3.6
ORD10146,2025-03-20,Chennai,Bike,37.9,35,Yes,3.3
ORD10147,2025-03-04,Mumbai,Scooter,19.6,23,No,3.7
ORD10148,2025-03-23,Pune,Van,44.9,13,No,3.2
ORD10149,2025-03-20,Pune,Bike,10.8,90,Yes,3.7
ORD10150,2025-03-26,Bengaluru,Bike,2.1,112,Yes,4.8
ORD10151,2025-03-28,Chennai,Van,20.8,42,Yes,4.0
ORD10152,2025-03-02,Pune,Truck,51.3,80,No,3.3
ORD10153,2025-03-24,Mumbai,Bike,34.6,39,No,3.9
ORD10154,2025-03-14,Chennai,Van,14.7,74,Yes,3.1
ORD10155,2025-03-04,Chennai,Van,9.9,93,No,3.2
ORD10156,2025-03-29,Chennai,Scooter,2.4,35,Yes,3.4
ORD10157,2025-03-13,Chennai,Van,30.8,92,Yes,4.5
ORD10158,2025-03-20,Delhi,Scooter,5.0,75,Yes,3.5
ORD10159,2025-03-20,Pune,Truck,13.8,48,Yes,4.5
ORD10160,2025-03-26,Delhi,Van,34.2,37,No,4.8
ORD10161,2025-03-18,Hyderabad,Truck,4.6,34,Yes,3.6
ORD10162,2025-03-18,Mumbai,Scooter,15.3,53,Yes,3.9
ORD10163,2025-03-17,Hyderabad,Scooter,2.8,95,No,3.2
ORD10164,2025-03-16,Delhi,Van,32.9,12,Yes,3.9
ORD10165,2025-03-23,Delhi,Truck,9.3,21,No,4.8
ORD10166,2025-03-26,Hyderabad,Scooter,5.5,70,Yes,5.0
ORD10167,2025-03-16,Mumbai,Bike,23.4,95,Yes,4.5
ORD10168,2025-03-26,Hyderabad,Truck,43.5,102,No,3.5
ORD10169,2025-03-09,Hyderabad,Bike,52.0,92,Yes,3.2
ORD10170,2025-03-28,Mumbai,Van,46.7,78,Yes,3.3
ORD10171,2025-03-11,Hyderabad,Bike,12.6,81,Yes,3.2
ORD10172,2025-03-09,Bengaluru,Van,44.4,100,Yes,3.1
ORD10173,2025-03-18,Chennai,Van,21.9,61,Yes,4.9
ORD10174,2025-03-25,Pune,Scooter,13.1,37,Yes,4.0
ORD10175,2025-03-21,Pune,Bike,38.6,83,Yes,3.4
ORD10176,2025-03-13,Pune,Truck,19.4,29,Yes,3.4
ORD10177,2025-03-16,Delhi,Van,2.2,16,Yes,4.5
ORD10178,2025-03-20,Chennai,Truck,49.9,23,No,3.1
ORD10179,2025-03-26,Delhi,Van,13.5,62,Yes,3.7
ORD10180,2025-03-05,Mumbai,Bike,16.1,95,Yes,3.2
ORD10181,2025-03-25,Pune,Truck,26.5,97,No,4.0
ORD10182,2025-03-10,Chennai,Scooter,42.2,40,Yes,4.9
ORD10183,2025-03-15,Pune,Scooter,22.7,57,No,3.2
ORD10184,2025-03-04,Delhi,Truck,59.8,21,Yes,4.4
ORD10185,2025-03-10,Delhi,Truck,38.2,85,Yes,4.6
ORD10186,2025-03-10,Delhi,Van,8.5,42,Yes,4.4
ORD10187,2025-03-17,Bengaluru,Truck,26.3,50,Yes,4.7
ORD10188,2025-03-08,Mumbai,Truck,37.4,60,Yes,3.7
ORD10189,2025-03-14,Hyderabad,Bike,58.6,85,No,4.2
ORD10190,2025-03-02,Chennai,Bike,44.3,58,No,3.9
ORD10191,2025-03-17,Mumbai,Bike,45.4,77,No,4.2
ORD10192,2025-03-09,Chennai,Truck,32.5,117,Yes,3.9
ORD10193,2025-03-02,Bengaluru,Van,56.0,64,No,4.9
ORD10194,2025-03-16,Pune,Bike,5.6,10,Yes,3.1
ORD10195,2025-03-22,Hyderabad,Scooter,33.7,105,Yes,4.6
ORD10196,2025-03-12,Hyderabad,Scooter,14.6,15,Yes,4.8
ORD10197,2025-03-14,Delhi,Scooter,6.2,43,Yes,3.9
ORD10198,2025-03-20,Chennai,Scooter,55.4,10,No,3.9
ORD10199,2025-03-27,Chennai,Scooter,55.0,47,Yes,4.1
ORD10200,2025-03-13,Bengaluru,Truck,28.5,102,Yes,4.2
ORD10201,2025-03-10,Delhi,Bike,29.8,90,No,3.5
ORD10202,2025-03-10,Delhi,Bike,10.3,117,No,3.7
ORD10203,2025-03-17,Chennai,Van,20.4,48,Yes,3.1
ORD10204,2025-03-04,Mumbai,Truck,32.1,116,No,4.2
ORD10205,2025-03-06,Pune,Bike,2.4,38,Yes,3.5
ORD10206,2025-03-06,Chennai,Van,31.6,49,No,3.6
ORD10207,2025-03-02,Chennai,Van,33.0,55,Yes,3.1
ORD10208,2025-03-04,Mumbai,Scooter,44.2,60,Yes,3.3
ORD10209,2025-03-06,Chennai,Bike,13.5,44,Yes,3.2
ORD10210,2025-03-27,Mumbai,Van,46.7,113,Yes,4.6
ORD10211,2025-03-30,Bengaluru,Scooter,59.7,64,Yes,3.3
ORD10212,2025-03-18,Mumbai,Truck,8.6,11,No,4.4
ORD10213,2025-03-01,Mumbai,Van,51.6,53,No,5.0
ORD10214,2025-03-28,Pune,Bike,14.7,94,No,4.6
ORD10215,2025-03-15,Pune,Van,19.0,97,Yes,4.5
ORD10216,2025-03-13,Hyderabad,Van,28.2,27,Yes,3.9
ORD10217,2025-03-04,Delhi,Bike,14.5,63,Yes,3.1
ORD10218,2025-03-12,Delhi,Truck,50.7,24,Yes,3.5
ORD10219,2025-03-14,Bengaluru,Bike,40.9,67,No,4.2
ORD10220,2025-03-05,Hyderabad,Bike,24.8,88,Yes,3.3
ORD10221,2025-03-28,Bengaluru,Bike,35.3,67,No,4.0
ORD10222,2025-03-11,Delhi,Bike,36.6,107,No,3.5
ORD10223,2025-03-06,Bengaluru,Scooter,44.9,119,No,4.1
ORD10224,2025-03-10,Chennai,Bike,53.7,57,Yes,3.9
ORD10225,2025-03-26,Hyderabad,Truck,48.4,104,No,3.8
ORD10226,2025-03-26,Chennai,Van,47.3,105,Yes,3.3
ORD10227,2025-03-23,Mumbai,Truck,55.9,36,Yes,3.8
ORD10228,2025-03-22,Bengaluru,Van,20.4,49,Yes,3.1
ORD10229,2025-03-04,Chennai,Van,41.8,117,Yes,3.5
ORD10230,2025-03-13,Bengaluru,Bike,36.4,105,No,3.9
ORD10231,2025-03-28,Hyderabad,Scooter,19.6,32,Yes,4.5
ORD10232,2025-03-26,Bengaluru,Bike,11.4,111,Yes,4.1
ORD10233,2025-03-13,Chennai,Bike,36.2,30,No,3.3
ORD10234,2025-03-18,Mumbai,Bike,30.8,42,No,3.3
ORD10235,2025-03-10,Mumbai,Scooter,55.7,110,Yes,3.7
ORD10236,2025-03-19,Mumbai,Van,31.5,118,Yes,4.6
ORD10237,2025-03-11,Chennai,Van,34.2,41,Yes,4.3
ORD10238,2025-03-28,Bengaluru,Van,41.0,88,No,4.9
ORD10239,2025-03-27,Mumbai,Truck,25.3,60,No,3.7
ORD10240,2025-03-21,Mumbai,Van,25.0,91,Yes,4.8
ORD10241,2025-03-01,Chennai,Van,30.2,50,Yes,4.5
ORD10242,2025-03-13,Mumbai,Van,51.0,108,No,3.8
ORD10243,2025-03-18,Bengaluru,Bike,59.6,88,Yes,3.7
ORD10244,2025-03-30,Mumbai,Truck,4.6,67,No,3.9
ORD10245,2025-03-10,Chennai,Truck,22.6,114,Yes,4.0
ORD10246,2025-03-06,Delhi,Truck,33.7,108,No,3.9
ORD10247,2025-03-03,Pune,Bike,14.8,75,No,3.6
ORD10248,2025-03-02,Hyderabad,Scooter,54.3,53,No,4.9
ORD10249,2025-03-25,Hyderabad,Bike,44.1,79,Yes,3.7
ORD10250,2025-03-04,Bengaluru,Scooter,34.8,53,Yes,3.0
ORD10251,2025-03-20,Mumbai,Bike,25.2,86,Yes,4.0
ORD10252,2025-03-08,Delhi,Scooter,29.3,99,No,3.8
ORD10253,2025-03-21,Delhi,Scooter,27.2,11,No,3.2
ORD10254,2025-03-06,Hyderabad,Scooter,43.2,78,No,3.4
ORD10255,2025-03-23,Hyderabad,Scooter,3.5,118,Yes,4.0
ORD10256,2025-03-12,Bengaluru,Scooter,24.2,102,No,3.8
ORD10257,2025-03-19,Chennai,Bike,35.9,119,Yes,3.8
ORD10258,2025-03-24,Pune,Van,15.9,107,Yes,4.0
ORD10259,2025-03-03,Delhi,Van,51.6,53,Yes,3.2
ORD10260,2025-03-23,Bengaluru,Bike,38.7,58,Yes,4.1
ORD10261,2025-03-26,Chennai,Van,28.6,33,Yes,4.7
ORD10262,2025-03-19,Hyderabad,Truck,57.7,29,Yes,4.2
ORD10263,2025-03-11,Delhi,Van,52.3,21,No,4.6
ORD10264,2025-03-12,Hyderabad,Van,37.6,73,Yes,3.4
ORD10265,2025-03-14,Mumbai,Scooter,39.1,111,No,3.4
ORD10266,2025-03-17,Hyderabad,Scooter,3.5,32,No,4.3
ORD10267,2025-03-10,Chennai,Van,58.5,112,Yes,4.7
ORD10268,2025-03-21,Mumbai,Scooter,29.6,23,Yes,4.1
ORD10269,2025-03-28,Hyderabad,Van,43.2,58,Yes,4.2
ORD10270,2025-03-24,Pune,Truck,10.3,84,No,4.8
ORD10271,2025-03-02,Chennai,Truck,2.1,10,Yes,3.1
ORD10272,2025-03-23,Pune,Van,48.6,61,Yes,4.0
ORD10273,2025-03-20,Pune,Van,37.5,36,Yes,4.2
ORD10274,2025-03-27,Mumbai,Scooter,39.2,33,Yes,4.1
ORD10275,2025-03-07,Mumbai,Scooter,45.0,100,Yes,3.4
ORD10276,2025-03-29,Delhi,Bike,36.2,106,No,4.4
ORD10277,2025-03-29,Chennai,Van,55.4,118,Yes,4.4
ORD10278,2025-03-30,Chennai,Scooter,8.4,23,No,3.3
ORD10279,2025-03-17,Hyderabad,Scooter,6.6,114,Yes,3.2
ORD10280,2025-03-18,Delhi,Van,31.4,86,Yes,4.7
ORD10281,2025-03-06,Hyderabad,Scooter,3.5,111,Yes,3.4
ORD10282,2025-03-16,Mumbai,Bike,27.8,62,Yes,3.3
ORD10283,2025-03-08,Pune,Bike,32.4,35,Yes,3.3
ORD10284,2025-03-05,Pune,Bike,50.7,84,No,4.1
ORD10285,2025-03-12,Bengaluru,Van,35.7,38,Yes,4.5
ORD10286,2025-03-02,Delhi,Truck,58.3,112,No,4.1
ORD10287,2025-03-27,Pune,Bike,4.6,99,Yes,3.3
ORD10288,2025-03-25,Delhi,Scooter,26.6,115,Yes,3.1
ORD10289,2025-03-03,Delhi,Truck,13.6,28,Yes,4.7
ORD10290,2025-03-30,Delhi,Bike,12.6,70,Yes,3.6
ORD10291,2025-03-05,Mumbai,Scooter,10.1,41,No,4.6
ORD10292,2025-03-11,Bengaluru,Van,33.1,95,Yes,4.3
ORD10293,2025-03-12,Pune,Van,56.8,106,Yes,3.6
ORD10294,2025-03-28,Chennai,Van,11.4,88,Yes,4.0
ORD10295,2025-03-18,Bengaluru,Bike,47.0,36,No,4.6
ORD10296,2025-03-09,Delhi,Van,17.8,82,Yes,4.9
ORD10297,2025-03-01,Pune,Scooter,45.0,13,Yes,3.5
ORD10298,2025-03-04,Bengaluru,Van,10.7,12,Yes,4.6
ORD10299,2025-03-03,Delhi,Truck,8.1,89,No,3.6
ORD10300,2025-03-03,Mumbai,Truck,4.0,22,No,3.5
ORD10301,2025-03-14,Mumbai,Truck,20.0,112,Yes,4.1
ORD10302,2025-03-18,Hyderabad,Scooter,7.9,87,Yes,3.5
ORD10303,2025-03-13,Hyderabad,Scooter,23.6,68,Yes,4.7
ORD10304,2025-03-21,Hyderabad,Van,13.5,98,No,3.0
ORD10305,2025-03-08,Pune,Truck,49.1,65,No,3.4
ORD10306,2025-03-10,Hyderabad,Van,41.8,32,No,4.2
ORD10307,2025-03-24,Bengaluru,Truck,41.4,54,No,4.2
ORD10308,2025-03-07,Chennai,Scooter,3.2,80,Yes,3.5
ORD10309,2025-03-23,Chennai,Truck,31.6,45,Yes,4.6
ORD10310,2025-03-29,Chennai,Scooter,4.5,91,Yes,3.2
ORD10311,2025-03-20,Hyderabad,Van,44.6,117,Yes,4.1
ORD10312,2025-03-25,Hyderabad,Truck,3.5,24,No,4.2
ORD10313,2025-03-15,Bengaluru,Scooter,29.7,14,No,3.7
ORD10314,2025-03-14,Mumbai,Truck,29.4,105,No,4.4
ORD10315,2025-03-01,Chennai,Scooter,24.7,64,Yes,3.2
ORD10316,2025-03-29,Delhi,Van,35.0,101,No,4.9
ORD10317,2025-03-21,Pune,Van,33.3,81,No,3.3
ORD10318,2025-03-05,Bengaluru,Scooter,13.3,77,Yes,3.6
ORD10319,2025-03-01,Pune,Van,8.6,118,Yes,4.8
ORD10320,2025-03-05,Bengaluru,Bike,7.4,88,Yes,4.8
ORD10321,2025-03-19,Mumbai,Van,23.1,78,No,4.5
ORD10322,2025-03-19,Delhi,Truck,46.5,18,Yes,3.4
ORD10323,2025-03-04,Mumbai,Van,29.3,18,No,3.7
ORD10324,2025-03-26,Mumbai,Bike,34.2,90,No,4.3
ORD10325,2025-03-28,Bengaluru,Bike,44.4,113,No,4.4
ORD10326,2025-03-30,Delhi,Scooter,32.5,27,Yes,4.3
ORD10327,2025-03-16,Pune,Truck,7.0,114,No,4.0
ORD10328,2025-03-25,Bengaluru,Truck,46.4,99,Yes,4.2
ORD10329,2025-03-23,Mumbai,Scooter,23.2,107,No,4.7
ORD10330,2025-03-03,Delhi,Truck,40.6,82,No,4.3
ORD10331,2025-03-24,Mumbai,Truck,33.1,86,No,3.0
ORD10332,2025-03-02,Pune,Bike,37.6,88,Yes,3.3
ORD10333,2025-03-22,Bengaluru,Bike,26.0,11,No,4.0
ORD10334,2025-03-11,Bengaluru,Van,26.4,117,Yes,3.9
ORD10335,2025-03-21,Hyderabad,Truck,53.6,118,Yes,4.9
ORD10336,2025-03-09,Pune,Van,9.7,23,No,4.7
ORD10337,2025-03-10,Delhi,Bike,22.5,91,No,3.9
ORD10338,2025-03-16,Delhi,Truck,46.1,22,Yes,4.8
ORD10339,2025-03-28,Pune,Bike,50.4,12,Yes,4.9
ORD10340,2025-03-14,Pune,Scooter,39.8,93,Yes,4.8
ORD10341,2025-03-25,Delhi,Van,21.3,58,Yes,3.3
ORD10342,2025-03-16,Mumbai,Truck,55.0,33,Yes,4.4
ORD10343,2025-03-20,Chennai,Van,45.9,80,Yes,3.3
ORD10344,2025-03-15,Hyderabad,Bike,43.1,56,No,4.2
ORD10345,2025-03-07,Mumbai,Van,36.3,74,No,4.7
ORD10346,2025-03-06,Mumbai,Truck,29.5,77,No,3.8
ORD10347,2025-03-04,Chennai,Bike,47.9,73,Yes,4.4
ORD10348,2025-03-12,Bengaluru,Scooter,29.8,63,Yes,4.4
ORD10349,2025-03-07,Mumbai,Van,36.1,77,Yes,4.3
ORD10350,2025-03-29,Pune,Truck,28.4,13,No,3.0
ORD10351,2025-03-04,Mumbai,Scooter,20.9,37,Yes,4.5
ORD10352,2025-03-11,Delhi,Truck,32.0,17,Yes,3.3
ORD10353,2025-03-14,Chennai,Van,12.7,71,Yes,3.6
ORD10354,2025-03-18,Hyderabad,Bike,49.7,106,No,3.9
ORD10355,2025-03-10,Hyderabad,Bike,54.1,93,No,4.0
ORD10356,2025-03-15,Delhi,Bike,19.8,81,No,4.2
ORD10357,2025-03-09,Chennai,Bike,35.1,18,Yes,4.3
ORD10358,2025-03-19,Pune,Bike,8.9,80,No,3.0
ORD10359,2025-03-04,Bengaluru,Scooter,45.7,28,Yes,3.2
ORD10360,2025-03-06,Pune,Scooter,58.4,95,Yes,4.7
ORD10361,2025-03-24,Chennai,Truck,58.8,47,No,3.1
ORD10362,2025-03-03,Mumbai,Bike,56.4,119,No,3.7
ORD10363,2025-03-15,Mumbai,Van,48.5,78,No,4.7
ORD10364,2025-03-20,Hyderabad,Scooter,33.5,105,No,4.5
ORD10365,2025-03-20,Hyderabad,Truck,30.7,81,Yes,3.1
ORD10366,2025-03-26,Hyderabad,Scooter,30.8,89,Yes,4.2
ORD10367,2025-03-06,Hyderabad,Van,2.8,45,Yes,4.6
ORD10368,2025-03-24,Delhi,Bike,42.1,34,Yes,3.8
ORD10369,2025-03-13,Delhi,Truck,42.7,113,Yes,3.8
ORD10370,2025-03-15,Delhi,Truck,5.6,44,Yes,3.1
ORD10371,2025-03-17,Chennai,Truck,52.3,86,No,4.8
ORD10372,2025-03-02,Mumbai,Scooter,8.3,93,Yes,3.7
ORD10373,2025-03-24,Chennai,Van,49.0,34,No,4.4
ORD10374,2025-03-28,Chennai,Scooter,46.2,107,No,3.7
ORD10375,2025-03-25,Bengaluru,Scooter,14.2,87,No,4.5
ORD10376,2025-03-07,Pune,Truck,2.4,11,Yes,4.5
ORD10377,2025-03-04,Mumbai,Bike,38.0,45,Yes,4.4
ORD10378,2025-03-23,Chennai,Bike,4.2,63,No,4.2
ORD10379,2025-03-02,Chennai,Bike,24.1,69,Yes,3.9
ORD10380,2025-03-15,Hyderabad,Truck,39.7,83,No,3.4
ORD10381,2025-03-28,Bengaluru,Scooter,4.9,26,No,4.4
ORD10382,2025-03-01,Bengaluru,Truck,21.1,117,No,4.1
ORD10383,2025-03-12,Delhi,Van,53.8,114,No,4.3
ORD10384,2025-03-10,Delhi,Scooter,49.5,34,No,3.2
ORD10385,2025-03-04,Mumbai,Bike,28.8,55,No,4.4
ORD10386,2025-03-15,Delhi,Scooter,9.1,24,No,3.4
ORD10387,2025-03-01,Bengaluru,Scooter,35.0,107,No,4.2
ORD10388,2025-03-27,Hyderabad,Van,20.5,113,Yes,4.2
ORD10389,2025-03-27,Hyderabad,Scooter,41.4,20,No,3.3
ORD10390,2025-03-13,Mumbai,Scooter,31.2,72,No,4.4
ORD10391,2025-03-21,Pune,Scooter,27.8,103,Yes,4.6
ORD10392,2025-03-26,Delhi,Van,42.1,49,No,4.5
ORD10393,2025-03-14,Mumbai,Truck,26.2,35,No,3.6
ORD10394,2025-03-15,Delhi,Bike,39.8,75,Yes,3.4
ORD10395,2025-03-20,Bengaluru,Van,15.7,74,Yes,4.5
ORD10396,2025-03-30,Hyderabad,Bike,18.5,67,Yes,4.6
ORD10397,2025-03-20,Pune,Scooter,6.2,49,No,3.0
ORD10398,2025-03-23,Bengaluru,Scooter,49.8,87,Yes,3.2
ORD10399,2025-03-28,Pune,Van,30.9,110,Yes,4.3
ORD10400,2025-03-18,Mumbai,Scooter,46.8,81,No,3.6
ORD10401,2025-03-07,Bengaluru,Bike,54.2,89,Yes,3.6
ORD10402,2025-03-16,Chennai,Scooter,58.7,50,No,4.3
ORD10403,2025-03-02,Delhi,Scooter,29.6,52,Yes,3.3
ORD10404,2025-03-14,Chennai,Scooter,46.1,53,Yes,4.9
ORD10405,2025-03-23,Delhi,Bike,37.5,57,Yes,4.8
ORD10406,2025-03-12,Hyderabad,Scooter,49.0,47,No,3.7
ORD10407,2025-03-01,Mumbai,Bike,56.4,53,No,3.4
ORD10408,2025-03-26,Chennai,Van,32.1,28,Yes,4.4
ORD10409,2025-03-23,Bengaluru,Bike,22.8,70,Yes,4.9
ORD10410,2025-03-15,Chennai,Scooter,5.8,42,Yes,4.7
ORD10411,2025-03-15,Chennai,Scooter,58.0,12,Yes,3.5
ORD10412,2025-03-05,Hyderabad,Bike,25.7,42,No,4.8
ORD10413,2025-03-25,Chennai,Scooter,28.2,91,No,3.7
ORD10414,2025-03-06,Pune,Bike,47.4,20,No,3.6
ORD10415,2025-03-11,Pune,Truck,55.7,117,Yes,5.0
ORD10416,2025-03-04,Mumbai,Bike,46.8,77,No,3.9
ORD10417,2025-03-05,Delhi,Scooter,9.1,76,No,4.1
ORD10418,2025-03-21,Hyderabad,Truck,55.5,47,Yes,4.2
ORD10419,2025-03-29,Mumbai,Bike,46.5,30,No,4.1
ORD10420,2025-03-21,Hyderabad,Bike,36.0,118,No,3.0
ORD10421,2025-03-06,Pune,Scooter,31.6,100,Yes,4.9
ORD10422,2025-03-12,Chennai,Bike,26.8,101,Yes,4.6
ORD10423,2025-03-29,Chennai,Scooter,59.2,95,Yes,3.7
ORD10424,2025-03-14,Mumbai,Van,45.8,99,Yes,3.2
ORD10425,2025-03-13,Mumbai,Truck,58.9,10,No,3.3
ORD10426,2025-03-08,Delhi,Scooter,49.4,81,No,5.0
ORD10427,2025-03-25,Mumbai,Scooter,34.3,102,Yes,4.5
ORD10428,2025-03-06,Pune,Truck,27.0,44,No,3.1
ORD10429,2025-03-26,Bengaluru,Bike,46.6,91,Yes,3.3
ORD10430,2025-03-11,Delhi,Scooter,42.5,110,No,3.5
ORD10431,2025-03-04,Bengaluru,Van,54.5,65,Yes,3.9
ORD10432,2025-03-03,Hyderabad,Van,23.3,58,Yes,3.7
ORD10433,2025-03-27,Pune,Truck,47.5,112,No,3.9
ORD10434,2025-03-30,Delhi,Truck,38.7,96,No,4.7
ORD10435,2025-03-02,Delhi,Scooter,3.0,16,Yes,3.2
ORD10436,2025-03-12,Delhi,Truck,18.3,33,No,3.1
ORD10437,2025-03-17,Bengaluru,Truck,43.8,68,Yes,3.5
ORD10438,2025-03-08,Delhi,Bike,39.9,53,Yes,4.5
ORD10439,2025-03-18,Pune,Scooter,44.9,100,Yes,4.9
ORD10440,2025-03-21,Bengaluru,Bike,24.8,15,Yes,4.2
ORD10441,2025-03-15,Delhi,Van,41.4,50,Yes,4.1
ORD10442,2025-03-21,Pune,Scooter,52.6,109,Yes,4.8
ORD10443,2025-03-27,Mumbai,Bike,43.0,113,Yes,3.2
ORD10444,2025-03-17,Bengaluru,Scooter,53.7,119,No,4.8
ORD10445,2025-03-08,Bengaluru,Van,8.4,90,Yes,4.5
ORD10446,2025-03-19,Bengaluru,Scooter,54.6,57,Yes,3.8
ORD10447,2025-03-22,Bengaluru,Bike,29.0,32,Yes,4.5
ORD10448,2025-03-23,Bengaluru,Van,3.0,59,No,4.7
ORD10449,2025-03-05,Hyderabad,Truck,58.4,103,No,3.8
ORD10450,2025-03-04,Hyderabad,Truck,20.5,19,Yes,4.5
ORD10451,2025-03-18,Pune,Bike,7.3,28,No,4.8
ORD10452,2025-03-17,Chennai,Van,23.4,74,Yes,3.4
ORD10453,2025-03-10,Mumbai,Scooter,38.7,38,Yes,3.3
ORD10454,2025-03-10,Mumbai,Scooter,33.2,71,No,3.5
ORD10455,2025-03-03,Bengaluru,Bike,37.8,52,No,3.3
ORD10456,2025-03-07,Hyderabad,Truck,34.8,26,No,3.4
ORD10457,2025-03-24,Delhi,Truck,30.8,70,Yes,3.8
ORD10458,2025-03-13,Chennai,Van,15.4,80,No,3.4
ORD10459,2025-03-17,Pune,Van,46.0,33,Yes,5.0
ORD10460,2025-03-18,Chennai,Truck,18.3,39,No,4.3
ORD10461,2025-03-09,Pune,Scooter,42.5,38,Yes,4.9
ORD10462,2025-03-24,Delhi,Van,18.5,38,No,4.4
ORD10463,2025-03-15,Pune,Van,10.3,104,Yes,3.3
ORD10464,2025-03-25,Hyderabad,Van,56.4,101,No,4.9
ORD10465,2025-03-05,Bengaluru,Van,32.3,90,No,4.9
ORD10466,2025-03-24,Pune,Truck,47.7,56,No,4.3
ORD10467,2025-03-10,Delhi,Bike,9.9,27,No,3.7
ORD10468,2025-03-07,Bengaluru,Bike,46.7,50,No,3.9
ORD10469,2025-03-09,Mumbai,Scooter,41.7,22,Yes,4.9
ORD10470,2025-03-25,Delhi,Van,53.8,99,No,3.3
ORD10471,2025-03-18,Pune,Truck,7.7,20,Yes,4.9
ORD10472,2025-03-10,Chennai,Bike,38.0,83,No,4.2
ORD10473,2025-03-26,Delhi,Bike,53.0,84,Yes,3.4
ORD10474,2025-03-27,Mumbai,Scooter,58.8,82,Yes,3.8
ORD10475,2025-03-02,Pune,Scooter,6.7,23,No,4.7
ORD10476,2025-03-05,Hyderabad,Bike,39.4,45,No,3.7
ORD10477,2025-03-01,Bengaluru,Scooter,27.2,65,Yes,3.1
ORD10478,2025-03-27,Delhi,Truck,40.8,80,Yes,3.1
ORD10479,2025-03-10,Chennai,Scooter,46.2,98,Yes,3.2
ORD10480,2025-03-15,Pune,Scooter,52.3,100,Yes,3.4
ORD10481,2025-03-23,Delhi,Van,46.1,70,Yes,4.6
ORD10482,2025-03-28,Hyderabad,Van,46.9,117,No,3.4
ORD10483,2025-03-27,Bengaluru,Van,6.1,43,No,4.3
ORD10484,2025-03-03,Pune,Van,56.3,40,Yes,4.1
ORD10485,2025-03-06,Mumbai,Bike,25.1,60,Yes,3.8
ORD10486,2025-03-08,Delhi,Truck,23.8,37,No,3.7
ORD10487,2025-03-19,Mumbai,Bike,43.3,45,No,4.1
ORD10488,2025-03-19,Chennai,Truck,14.9,52,No,3.8
ORD10489,2025-03-25,Bengaluru,Van,8.7,50,Yes,3.3
ORD10490,2025-03-16,Pune,Scooter,14.4,16,No,3.7
ORD10491,2025-03-30,Hyderabad,Truck,15.3,58,No,4.7
ORD10492,2025-03-07,Bengaluru,Truck,30.0,50,Yes,4.2
ORD10493,2025-03-17,Chennai,Scooter,50.9,24,No,3.2
ORD10494,2025-03-30,Mumbai,Van,30.1,106,No,3.1
ORD10495,2025-03-19,Delhi,Scooter,27.1,26,Yes,3.6
ORD10496,2025-03-04,Mumbai,Truck,24.9,88,No,3.9
ORD10497,2025-03-18,Mumbai,Bike,29.4,98,Yes,4.0
ORD10498,2025-03-06,Chennai,Scooter,52.4,80,Yes,3.0
ORD10499,2025-03-06,Chennai,Truck,2.1,59,No,4.1
ORD10500,2025-03-27,Hyderabad,Truck,16.2,29,Yes,5.0
ORD10501,2025-03-03,Hyderabad,Truck,50.8,41,Yes,3.3
ORD10502,2025-03-02,Chennai,Scooter,29.0,72,No,4.4
ORD10503,2025-03-25,Bengaluru,Bike,45.3,74,No,3.3
ORD10504,2025-03-22,Mumbai,Bike,40.9,39,Yes,3.9
ORD10505,2025-03-11,Delhi,Truck,40.2,89,Yes,4.2
ORD10506,2025-03-03,Delhi,Scooter,28.8,23,Yes,4.2
ORD10507,2025-03-11,Pune,Scooter,59.3,70,Yes,3.2
ORD10508,2025-03-03,Delhi,Truck,20.8,40,No,4.1
ORD10509,2025-03-02,Chennai,Truck,39.7,57,No,3.5
ORD10510,2025-03-01,Hyderabad,Van,12.4,96,No,3.4
ORD10511,2025-03-12,Mumbai,Van,12.4,111,Yes,4.6
ORD10512,2025-03-26,Bengaluru,Truck,52.7,107,No,3.7
ORD10513,2025-03-12,Chennai,Van,48.0,58,No,3.4
ORD10514,2025-03-23,Chennai,Scooter,58.4,20,No,4.0
ORD10515,2025-03-08,Chennai,Truck,17.7,107,Yes,3.9
ORD10516,2025-03-04,Delhi,Truck,33.3,64,No,3.6
ORD10517,2025-03-18,Hyderabad,Van,19.8,49,No,3.6
ORD10518,2025-03-09,Pune,Truck,59.1,86,Yes,5.0
ORD10519,2025-03-09,Pune,Bike,24.0,22,Yes,4.0
ORD10520,2025-03-06,Bengaluru,Bike,14.6,62,Yes,3.1
ORD10521,2025-03-01,Bengaluru,Truck,45.3,13,No,4.6
ORD10522,2025-03-02,Pune,Van,11.2,72,Yes,4.5
ORD10523,2025-03-10,Chennai,Bike,30.2,104,Yes,3.9
ORD10524,2025-03-05,Chennai,Truck,50.0,10,No,4.1
ORD10525,2025-03-15,Delhi,Bike,35.2,56,No,4.8
ORD10526,2025-03-18,Bengaluru,Bike,51.9,83,No,3.2
ORD10527,2025-03-29,Mumbai,Truck,31.1,104,Yes,4.1
ORD10528,2025-03-28,Hyderabad,Scooter,6.9,113,No,3.6
ORD10529,2025-03-18,Delhi,Bike,52.0,74,Yes,4.6
ORD10530,2025-03-05,Pune,Scooter,21.4,81,No,4.2
ORD10531,2025-03-01,Hyderabad,Scooter,42.5,51,No,4.3
ORD10532,2025-03-14,Hyderabad,Bike,41.0,15,No,3.3
ORD10533,2025-03-20,Hyderabad,Van,32.8,66,Yes,4.7
ORD10534,2025-03-26,Chennai,Truck,52.5,81,Yes,4.4
ORD10535,2025-03-30,Hyderabad,Van,53.0,54,No,4.4
ORD10536,2025-03-08,Chennai,Scooter,43.8,26,Yes,3.0
ORD10537,2025-03-27,Chennai,Bike,27.7,72,No,4.8
ORD10538,2025-03-07,Pune,Truck,5.8,77,Yes,4.6
ORD10539,2025-03-28,Hyderabad,Bike,29.8,23,Yes,3.1
ORD10540,2025-03-14,Chennai,Truck,35.7,103,Yes,4.7
ORD10541,2025-03-04,Delhi,Van,10.5,104,No,4.6
ORD10542,2025-03-05,Bengaluru,Truck,29.4,13,No,4.4
ORD10543,2025-03-02,Pune,Bike,25.1,87,Yes,4.4
ORD10544,2025-03-13,Bengaluru,Bike,7.0,11,No,3.6
ORD10545,2025-03-20,Chennai,Truck,24.5,93,Yes,3.4
ORD10546,2025-03-09,Mumbai,Scooter,57.6,85,Yes,3.2
ORD10547,2025-03-02,Pune,Scooter,24.1,85,No,5.0
ORD10548,2025-03-02,Chennai,Bike,11.0,67,Yes,4.0
ORD10549,2025-03-24,Chennai,Scooter,54.8,118,No,4.1
ORD10550,2025-03-30,Hyderabad,Scooter,6.2,50,No,4.9
ORD10551,2025-03-30,Hyderabad,Van,42.8,27,Yes,3.4
ORD10552,2025-03-23,Hyderabad,Bike,23.2,99,No,3.2
ORD10553,2025-03-26,Delhi,Truck,18.7,57,Yes,4.2
ORD10554,2025-03-30,Mumbai,Bike,56.0,100,Yes,4.5
ORD10555,2025-03-25,Bengaluru,Truck,19.8,70,No,3.5
ORD10556,2025-03-04,Mumbai,Bike,10.7,57,No,4.3
ORD10557,2025-03-11,Chennai,Scooter,40.1,60,Yes,3.5
ORD10558,2025-03-28,Chennai,Bike,5.8,12,Yes,3.4
ORD10559,2025-03-09,Hyderabad,Truck,10.0,84,No,3.1
ORD10560,2025-03-21,Mumbai,Truck,27.8,82,No,4.1
ORD10561,2025-03-13,Chennai,Van,25.6,29,Yes,4.0
ORD10562,2025-03-14,Bengaluru,Bike,40.3,14,No,3.4
ORD10563,2025-03-27,Mumbai,Scooter,59.6,71,No,3.5
ORD10564,2025-03-13,Delhi,Van,31.9,100,No,4.2
ORD10565,2025-03-25,Hyderabad,Scooter,14.1,33,No,3.7
ORD10566,2025-03-03,Mumbai,Scooter,23.8,66,No,4.7
ORD10567,2025-03-17,Delhi,Truck,10.1,38,Yes,3.3
ORD10568,2025-03-26,Mumbai,Bike,20.1,36,Yes,3.1
ORD10569,2025-03-29,Delhi,Van,59.0,15,No,4.4
ORD10570,2025-03-06,Hyderabad,Truck,43.0,30,No,4.9
ORD10571,2025-03-24,Chennai,Truck,37.0,70,Yes,3.7
ORD10572,2025-03-16,Pune,Van,43.0,40,Yes,4.8
ORD10573,2025-03-23,Bengaluru,Scooter,49.7,103,No,3.9
ORD10574,2025-03-02,Pune,Truck,7.1,99,Yes,4.3
ORD10575,2025-03-12,Hyderabad,Truck,54.0,10,Yes,4.9
ORD10576,2025-03-07,Bengaluru,Van,55.7,65,No,3.3
ORD10577,2025-03-07,Hyderabad,Truck,35.1,103,No,3.1
ORD10578,2025-03-18,Bengaluru,Scooter,19.0,37,Yes,4.4
ORD10579,2025-03-29,Chennai,Bike,4.6,54,No,3.4
ORD10580,2025-03-12,Bengaluru,Truck,36.3,32,No,4.0
ORD10581,2025-03-21,Delhi,Scooter,32.8,42,Yes,4.8
ORD10582,2025-03-13,Pune,Truck,22.7,97,Yes,4.4
ORD10583,2025-03-05,Mumbai,Van,5.2,57,Yes,4.7
ORD10584,2025-03-09,Mumbai,Scooter,17.4,28,No,4.3
ORD10585,2025-03-16,Chennai,Van,12.2,110,Yes,3.7
ORD10586,2025-03-06,Mumbai,Truck,18.2,76,Yes,3.2
ORD10587,2025-03-29,Pune,Scooter,35.9,60,No,3.5
ORD10588,2025-03-20,Pune,Van,3.3,15,No,4.6
ORD10589,2025-03-16,Bengaluru,Scooter,38.1,86,Yes,3.8
ORD10590,2025-03-20,Delhi,Scooter,21.9,118,Yes,3.3
ORD10591,2025-03-03,Mumbai,Van,8.4,31,No,3.3
ORD10592,2025-03-21,Chennai,Truck,24.8,58,No,4.8
ORD10593,2025-03-25,Pune,Scooter,48.6,66,Yes,4.1
ORD10594,2025-03-13,Hyderabad,Truck,59.7,52,Yes,3.2
ORD10595,2025-03-14,Chennai,Scooter,39.5,80,No,4.5
ORD10596,2025-03-20,Pune,Bike,58.4,82,No,3.4
ORD10597,2025-03-02,Pune,Van,28.7,95,No,4.5
ORD10598,2025-03-07,Mumbai,Truck,28.0,45,No,4.6
ORD10599,2025-03-29,Chennai,Van,16.3,101,Yes,4.3
ORD10600,2025-03-17,Chennai,Van,27.6,37,Yes,4.6
ORD10601,2025-03-20,Pune,Truck,56.0,82,No,4.5
ORD10602,2025-03-05,Pune,Bike,12.7,105,Yes,3.8
ORD10603,2025-03-16,Hyderabad,Scooter,21.9,10,No,3.6
ORD10604,2025-03-06,Delhi,Scooter,26.4,39,Yes,4.2
ORD10605,2025-03-23,Mumbai,Van,38.0,43,Yes,3.5
ORD10606,2025-03-07,Pune,Truck,8.8,59,Yes,3.0
ORD10607,2025-03-11,Bengaluru,Bike,30.1,93,Yes,3.6
ORD10608,2025-03-10,Mumbai,Van,42.4,17,No,3.2
ORD10609,2025-03-23,Hyderabad,Truck,17.7,79,Yes,4.7
ORD10610,2025-03-20,Pune,Scooter,26.7,106,Yes,4.4
ORD10611,2025-03-27,Pune,Van,7.4,53,Yes,3.7
ORD10612,2025-03-20,Pune,Bike,31.4,118,No,4.2
ORD10613,2025-03-22,Delhi,Van,5.3,89,Yes,4.3
ORD10614,2025-03-10,Bengaluru,Truck,21.1,40,Yes,3.7
ORD10615,2025-03-27,Hyderabad,Bike,13.0,87,No,3.5
ORD10616,2025-03-11,Bengaluru,Truck,17.4,17,Yes,5.0
ORD10617,2025-03-10,Chennai,Van,37.4,94,Yes,4.9
ORD10618,2025-03-14,Delhi,Scooter,59.3,47,Yes,3.8
ORD10619,2025-03-10,Chennai,Bike,22.1,52,Yes,3.5
ORD10620,2025-03-30,Bengaluru,Scooter,40.6,88,No,3.6
ORD10621,2025-03-02,Chennai,Bike,5.2,111,No,3.1
ORD10622,2025-03-28,Mumbai,Scooter,29.0,104,Yes,3.5
ORD10623,2025-03-22,Hyderabad,Van,8.7,80,No,3.6
ORD10624,2025-03-24,Chennai,Bike,57.4,21,No,3.3
ORD10625,2025-03-20,Chennai,Scooter,44.6,116,Yes,3.1
ORD10626,2025-03-01,Delhi,Van,23.9,50,Yes,4.3
ORD10627,2025-03-03,Delhi,Truck,20.1,87,Yes,3.4
ORD10628,2025-03-27,Chennai,Bike,41.2,72,No,5.0
ORD10629,2025-03-22,Pune,Scooter,11.5,97,No,4.2
ORD10630,2025-03-05,Chennai,Bike,51.5,108,Yes,3.8
ORD10631,2025-03-27,Delhi,Scooter,42.8,29,Yes,4.1
ORD10632,2025-03-09,Pune,Truck,56.9,60,No,3.7
ORD10633,2025-03-01,Mumbai,Scooter,6.6,104,Yes,4.6
ORD10634,2025-03-18,Delhi,Bike,41.9,34,Yes,3.0
ORD10635,2025-03-27,Hyderabad,Van,30.0,35,Yes,4.2
ORD10636,2025-03-24,Chennai,Scooter,22.0,116,No,4.7
ORD10637,2025-03-01,Bengaluru,Bike,37.5,56,No,4.9
ORD10638,2025-03-18,Hyderabad,Truck,13.6,56,Yes,4.3
ORD10639,2025-03-08,Delhi,Scooter,11.2,27,Yes,4.4
ORD10640,2025-03-08,Hyderabad,Scooter,54.0,91,No,4.5
ORD10641,2025-03-23,Mumbai,Van,44.9,12,Yes,3.3
ORD10642,2025-03-22,Chennai,Bike,12.4,53,No,4.1
ORD10643,2025-03-17,Hyderabad,Truck,56.8,70,No,4.7
ORD10644,2025-03-11,Chennai,Van,4.4,102,Yes,4.4
ORD10645,2025-03-23,Delhi,Scooter,9.5,108,Yes,3.2
ORD10646,2025-03-03,Bengaluru,Van,55.6,91,No,4.1
ORD10647,2025-03-26,Bengaluru,Bike,2.5,83,Yes,3.1
ORD10648,2025-03-19,Pune,Bike,43.7,80,No,3.4
ORD10649,2025-03-10,Hyderabad,Bike,38.8,44,No,4.7
ORD10650,2025-03-19,Pune,Bike,45.3,105,Yes,4.5
ORD10651,2025-03-21,Pune,Truck,5.4,28,Yes,3.1
ORD10652,2025-03-26,Pune,Scooter,15.5,66,No,4.1
ORD10653,2025-03-13,Bengaluru,Van,33.0,76,No,4.5
ORD10654,2025-03-16,Hyderabad,Bike,43.5,98,No,4.8
ORD10655,2025-03-22,Bengaluru,Van,47.2,35,No,3.1
ORD10656,2025-03-11,Delhi,Scooter,43.4,109,No,4.0
ORD10657,2025-03-07,Mumbai,Van,46.9,28,No,4.4
ORD10658,2025-03-22,Delhi,Truck,12.1,88,Yes,4.9
ORD10659,2025-03-12,Hyderabad,Bike,35.8,89,No,4.9
ORD10660,2025-03-19,Delhi,Van,35.6,95,Yes,4.6
ORD10661,2025-03-06,Chennai,Scooter,40.8,79,No,4.6
ORD10662,2025-03-22,Pune,Truck,44.2,44,No,4.5
ORD10663,2025-03-23,Pune,Scooter,7.2,37,No,4.4
ORD10664,2025-03-23,Chennai,Van,6.5,80,No,4.0
ORD10665,2025-03-12,Delhi,Van,18.5,106,No,3.7
ORD10666,2025-03-27,Hyderabad,Bike,22.8,26,Yes,4.3
ORD10667,2025-03-18,Hyderabad,Bike,6.3,83,No,3.2
ORD10668,2025-03-09,Bengaluru,Van,22.4,106,Yes,4.7
ORD10669,2025-03-18,Bengaluru,Truck,50.9,33,No,3.9
ORD10670,2025-03-22,Mumbai,Van,10.4,113,Yes,4.6
ORD10671,2025-03-20,Bengaluru,Scooter,57.0,72,Yes,3.1
ORD10672,2025-03-03,Chennai,Truck,20.6,103,No,3.0
ORD10673,2025-03-27,Chennai,Truck,33.1,39,Yes,4.4
ORD10674,2025-03-16,Hyderabad,Truck,8.9,110,No,4.8
ORD10675,2025-03-27,Bengaluru,Bike,3.4,114,No,4.1
ORD10676,2025-03-17,Bengaluru,Van,46.3,64,Yes,3.1
ORD10677,2025-03-17,Mumbai,Scooter,55.1,54,No,4.9
ORD10678,2025-03-10,Delhi,Truck,24.7,16,Yes,3.4
ORD10679,2025-03-30,Bengaluru,Bike,4.1,81,No,5.0
ORD10680,2025-03-26,Bengaluru,Truck,36.1,38,No,3.7
ORD10681,2025-03-20,Mumbai,Bike,49.9,52,No,4.6
ORD10682,2025-03-01,Delhi,Van,22.3,52,Yes,4.0
ORD10683,2025-03-13,Delhi,Truck,32.6,106,No,3.5
ORD10684,2025-03-18,Bengaluru,Truck,22.4,79,Yes,4.1
ORD10685,2025-03-16,Bengaluru,Van,53.9,61,Yes,4.9
ORD10686,2025-03-22,Hyderabad,Truck,37.2,107,No,3.9
ORD10687,2025-03-07,Pune,Bike,12.8,83,No,3.8
ORD10688,2025-03-13,Bengaluru,Truck,29.8,29,Yes,4.3
ORD10689,2025-03-18,Mumbai,Van,53.2,17,No,4.4
ORD10690,2025-03-30,Hyderabad,Truck,42.4,16,Yes,3.3
ORD10691,2025-03-05,Bengaluru,Van,45.4,56,No,3.2
ORD10692,2025-03-23,Hyderabad,Bike,6.9,41,No,3.7
ORD10693,2025-03-15,Mumbai,Truck,58.3,45,No,3.7
ORD10694,2025-03-05,Bengaluru,Van,44.4,29,Yes,3.5
ORD10695,2025-03-18,Hyderabad,Truck,51.8,50,Yes,3.7
ORD10696,2025-03-17,Hyderabad,Truck,46.0,77,No,4.2
ORD10697,2025-03-16,Bengaluru,Van,44.1,119,No,4.1
ORD10698,2025-03-18,Chennai,Scooter,35.6,23,No,4.9
ORD10699,2025-03-01,Mumbai,Bike,15.0,70,No,3.1
ORD10700,2025-03-16,Mumbai,Scooter,7.1,106,Yes,3.3
ORD10701,2025-03-03,Chennai,Van,39.9,57,Yes,3.6
ORD10702,2025-03-30,Hyderabad,Van,14.3,70,No,4.0
ORD10703,2025-03-08,Delhi,Bike,19.8,56,No,3.6
ORD10704,2025-03-14,Mumbai,Van,26.4,33,No,4.8
ORD10705,2025-03-27,Chennai,Scooter,16.4,84,No,4.3
ORD10706,2025-03-03,Pune,Bike,47.0,67,Yes,4.4
ORD10707,2025-03-14,Hyderabad,Truck,7.3,101,Yes,4.3
ORD10708,2025-03-19,Bengaluru,Bike,35.8,55,No,4.0
ORD10709,2025-03-28,Delhi,Van,21.6,83,Yes,3.4
ORD10710,2025-03-04,Chennai,Bike,43.9,37,No,4.9
ORD10711,2025-03-02,Bengaluru,Scooter,29.3,54,Yes,3.5
ORD10712,2025-03-23,Bengaluru,Bike,14.9,67,Yes,3.4
ORD10713,2025-03-21,Bengaluru,Truck,19.1,32,No,3.3
ORD10714,2025-03-04,Delhi,Van,5.7,54,Yes,3.1
ORD10715,2025-03-28,Chennai,Van,2.5,62,Yes,4.2
ORD10716,2025-03-29,Delhi,Bike,15.3,31,No,3.5
ORD10717,2025-03-20,Chennai,Bike,5.7,94,No,4.7
ORD10718,2025-03-05,Chennai,Van,22.5,19,Yes,3.1
ORD10719,2025-03-12,Hyderabad,Scooter,39.1,24,Yes,4.9
ORD10720,2025-03-19,Mumbai,Scooter,41.9,108,No,4.0
ORD10721,2025-03-06,Mumbai,Scooter,34.3,98,No,4.8
ORD10722,2025-03-15,Chennai,Bike,30.7,26,Yes,3.8
ORD10723,2025-03-16,Delhi,Bike,20.0,94,Yes,4.8
ORD10724,2025-03-13,Hyderabad,Van,21.8,101,No,4.4
ORD10725,2025-03-07,Bengaluru,Van,50.2,14,Yes,3.9
ORD10726,2025-03-11,Bengaluru,Van,39.6,97,No,3.9
ORD10727,2025-03-18,Delhi,Van,43.6,18,Yes,3.8
ORD10728,2025-03-29,Bengaluru,Bike,2.2,29,Yes,3.4
ORD10729,2025-03-21,Bengaluru,Van,55.9,113,No,4.5
ORD10730,2025-03-01,Hyderabad,Bike,19.1,50,Yes,4.8
ORD10731,2025-03-12,Hyderabad,Van,17.3,94,No,4.0
ORD10732,2025-03-07,Pune,Van,48.3,33,Yes,3.9
ORD10733,2025-03-29,Pune,Van,35.5,74,No,4.5
ORD10734,2025-03-15,Chennai,Bike,49.7,45,No,3.2
ORD10735,2025-03-17,Chennai,Bike,22.1,111,No,3.7
ORD10736,2025-03-06,Mumbai,Scooter,47.4,115,Yes,4.7
ORD10737,2025-03-25,Pune,Van,5.7,15,No,4.5
ORD10738,2025-03-25,Delhi,Van,2.1,73,Yes,4.9
ORD10739,2025-03-14,Pune,Scooter,43.4,83,No,3.2
ORD10740,2025-03-03,Pune,Truck,19.7,80,Yes,4.9
ORD10741,2025-03-25,Bengaluru,Bike,28.3,28,No,4.2
ORD10742,2025-03-21,Bengaluru,Truck,48.5,81,Yes,3.2
ORD10743,2025-03-10,Delhi,Scooter,59.9,16,Yes,3.1
ORD10744,2025-03-28,Bengaluru,Bike,32.6,109,Yes,3.5
ORD10745,2025-03-16,Delhi,Bike,5.8,48,Yes,4.8
ORD10746,2025-03-30,Bengaluru,Van,59.4,42,Yes,3.2
ORD10747,2025-03-03,Delhi,Truck,47.4,84,No,3.4
ORD10748,2025-03-06,Hyderabad,Scooter,4.0,34,No,3.6
ORD10749,2025-03-25,Delhi,Truck,8.4,100,Yes,4.6
ORD10750,2025-03-25,Bengaluru,Truck,57.2,13,Yes,4.8
ORD10751,2025-03-11,Pune,Van,53.9,87,No,3.9
ORD10752,2025-03-14,Bengaluru,Scooter,44.4,75,Yes,3.2
ORD10753,2025-03-11,Hyderabad,Truck,2.2,43,No,4.8
ORD10754,2025-03-14,Chennai,Scooter,27.9,31,No,3.5
ORD10755,2025-03-13,Mumbai,Van,49.0,86,No,3.1
ORD10756,2025-03-05,Delhi,Van,35.0,10,No,4.3
ORD10757,2025-03-23,Bengaluru,Truck,11.4,95,No,3.8
ORD10758,2025-03-02,Mumbai,Bike,41.6,36,No,3.5
ORD10759,2025-03-05,Delhi,Scooter,25.5,113,No,3.1
ORD10760,2025-03-05,Delhi,Bike,6.3,29,No,3.1
ORD10761,2025-03-30,Mumbai,Scooter,12.5,54,Yes,3.9
ORD10762,2025-03-07,Bengaluru,Van,39.1,53,Yes,3.8
ORD10763,2025-03-11,Pune,Truck,57.4,31,No,3.3
ORD10764,2025-03-11,Delhi,Van,34.9,93,Yes,5.0
ORD10765,2025-03-04,Hyderabad,Bike,8.5,81,No,3.8
ORD10766,2025-03-03,Chennai,Truck,4.4,82,Yes,3.2
ORD10767,2025-03-27,Hyderabad,Bike,10.8,40,Yes,4.1
ORD10768,2025-03-13,Hyderabad,Bike,51.9,31,Yes,4.1
ORD10769,2025-03-22,Bengaluru,Van,54.5,70,No,3.6
ORD10770,2025-03-07,Hyderabad,Truck,44.1,106,No,4.8
ORD10771,2025-03-13,Bengaluru,Truck,37.9,78,Yes,4.8
ORD10772,2025-03-11,Chennai,Bike,6.7,24,Yes,4.0
ORD10773,2025-03-03,Mumbai,Truck,17.0,39,Yes,4.5
ORD10774,2025-03-20,Hyderabad,Scooter,14.8,96,Yes,3.4
ORD10775,2025-03-24,Mumbai,Van,10.7,58,Yes,3.8
ORD10776,2025-03-25,Delhi,Van,3.1,69,No,4.2
ORD10777,2025-03-11,Delhi,Van,31.6,21,Yes,4.4
ORD10778,2025-03-18,Bengaluru,Scooter,58.1,26,No,4.0
ORD10779,2025-03-12,Hyderabad,Van,50.1,104,Yes,3.2
ORD10780,2025-03-23,Mumbai,Scooter,48.8,87,Yes,3.0
ORD10781,2025-03-09,Hyderabad,Bike,44.0,85,No,3.5
ORD10782,2025-03-22,Pune,Truck,26.8,12,Yes,4.6
ORD10783,2025-03-05,Hyderabad,Truck,8.1,38,Yes,3.2
ORD10784,2025-03-03,Bengaluru,Bike,17.3,24,No,4.3
ORD10785,2025-03-18,Pune,Bike,40.3,102,No,4.6
ORD10786,2025-03-05,Delhi,Van,41.0,118,No,3.5
ORD10787,2025-03-27,Pune,Truck,56.1,79,No,4.6
ORD10788,2025-03-09,Chennai,Scooter,20.8,45,Yes,4.9
ORD10789,2025-03-08,Pune,Bike,31.8,75,Yes,3.7
ORD10790,2025-03-03,Mumbai,Scooter,24.1,117,Yes,3.9
ORD10791,2025-03-22,Chennai,Truck,18.2,32,Yes,3.7
ORD10792,2025-03-03,Bengaluru,Truck,35.8,84,Yes,4.7
ORD10793,2025-03-02,Hyderabad,Truck,38.4,70,No,4.5
ORD10794,2025-03-12,Hyderabad,Scooter,46.3,104,Yes,3.3
ORD10795,2025-03-21,Pune,Truck,11.1,62,Yes,3.4
ORD10796,2025-03-30,Bengaluru,Bike,14.0,90,No,3.9
ORD10797,2025-03-13,Delhi,Bike,48.8,81,No,3.7
ORD10798,2025-03-03,Pune,Truck,42.4,88,No,3.7
ORD10799,2025-03-15,Pune,Van,44.7,112,Yes,3.4
ORD10800,2025-03-18,Bengaluru,Truck,25.1,57,Yes,3.9
ORD10801,2025-03-20,Mumbai,Truck,28.2,19,No,4.6
ORD10802,2025-03-11,Mumbai,Bike,24.5,75,Yes,3.9
ORD10803,2025-03-13,Pune,Van,8.3,42,Yes,3.7
ORD10804,2025-03-27,Chennai,Bike,13.0,82,No,3.1
ORD10805,2025-03-15,Delhi,Scooter,36.2,108,No,3.5
ORD10806,2025-03-08,Delhi,Van,25.3,59,Yes,4.5
ORD10807,2025-03-17,Bengaluru,Van,38.1,81,No,3.1
ORD10808,2025-03-22,Mumbai,Bike,50.2,89,Yes,3.8
ORD10809,2025-03-23,Delhi,Bike,6.8,72,Yes,4.7
ORD10810,2025-03-15,Mumbai,Bike,48.3,94,No,4.2
ORD10811,2025-03-04,Bengaluru,Truck,32.9,114,Yes,3.5
ORD10812,2025-03-15,Bengaluru,Scooter,59.0,78,Yes,3.7
ORD10813,2025-03-11,Mumbai,Van,39.8,37,No,4.8
ORD10814,2025-03-18,Mumbai,Bike,37.1,25,Yes,3.9
ORD10815,2025-03-22,Pune,Van,5.9,106,Yes,4.6
ORD10816,2025-03-05,Hyderabad,Van,57.1,73,Yes,3.8
ORD10817,2025-03-06,Pune,Truck,53.9,91,Yes,4.6
ORD10818,2025-03-09,Chennai,Truck,50.5,68,No,3.1
ORD10819,2025-03-18,Pune,Scooter,51.2,62,No,4.6
ORD10820,2025-03-13,Delhi,Truck,32.8,12,Yes,3.9
ORD10821,2025-03-17,Pune,Bike,18.7,91,Yes,4.1
ORD10822,2025-03-08,Bengaluru,Truck,9.7,20,No,3.5
ORD10823,2025-03-21,Bengaluru,Bike,48.1,85,Yes,3.8
ORD10824,2025-03-20,Delhi,Van,58.2,63,No,3.3
ORD10825,2025-03-03,Chennai,Bike,41.5,48,No,4.5
ORD10826,2025-03-29,Pune,Van,45.0,101,Yes,3.6
ORD10827,2025-03-01,Chennai,Van,45.0,18,Yes,4.5
ORD10828,2025-03-04,Chennai,Bike,21.5,23,Yes,4.0
ORD10829,2025-03-19,Delhi,Truck,56.3,118,No,3.7
ORD10830,2025-03-20,Mumbai,Truck,22.3,85,Yes,3.8
ORD10831,2025-03-16,Hyderabad,Truck,16.0,40,Yes,4.4
ORD10832,2025-03-26,Hyderabad,Truck,31.1,57,Yes,3.9
ORD10833,2025-03-30,Mumbai,Van,9.7,10,Yes,4.0
ORD10834,2025-03-18,Bengaluru,Van,21.5,117,Yes,3.7
ORD10835,2025-03-03,Hyderabad,Van,24.1,80,No,4.1
ORD10836,2025-03-23,Hyderabad,Truck,26.1,47,Yes,3.8
ORD10837,2025-03-10,Mumbai,Bike,13.7,117,No,4.3
ORD10838,2025-03-11,Chennai,Truck,59.3,38,Yes,3.3
ORD10839,2025-03-07,Mumbai,Van,20.9,75,Yes,4.0
ORD10840,2025-03-22,Delhi,Van,47.1,57,No,4.1
ORD10841,2025-03-18,Bengaluru,Bike,31.9,105,No,5.0
ORD10842,2025-03-14,Chennai,Truck,2.3,55,No,4.7
ORD10843,2025-03-08,Bengaluru,Truck,20.3,66,No,4.2
ORD10844,2025-03-22,Bengaluru,Bike,23.6,16,No,3.0
ORD10845,2025-03-10,Pune,Van,35.8,39,No,4.0
ORD10846,2025-03-16,Mumbai,Scooter,45.1,13,Yes,3.0
ORD10847,2025-03-26,Pune,Truck,43.7,94,Yes,3.8
ORD10848,2025-03-19,Mumbai,Van,51.5,79,No,3.6
ORD10849,2025-03-23,Delhi,Bike,46.1,31,Yes,3.1
ORD10850,2025-03-29,Mumbai,Bike,32.6,47,Yes,4.1
ORD10851,2025-03-08,Pune,Van,59.5,53,Yes,4.5
ORD10852,2025-03-15,Hyderabad,Van,48.6,108,No,3.1
ORD10853,2025-03-05,Delhi,Van,21.3,54,No,3.0
ORD10854,2025-03-18,Bengaluru,Truck,25.3,47,Yes,4.7
ORD10855,2025-03-29,Bengaluru,Bike,38.7,48,No,4.0
ORD10856,2025-03-20,Delhi,Van,36.1,81,No,4.5
ORD10857,2025-03-10,Chennai,Truck,59.0,65,Yes,3.8
ORD10858,2025-03-28,Chennai,Scooter,38.0,119,No,3.6
ORD10859,2025-03-21,Delhi,Truck,2.4,47,Yes,4.9
ORD10860,2025-03-03,Mumbai,Van,59.2,82,Yes,3.1
ORD10861,2025-03-14,Delhi,Scooter,32.5,11,No,4.8
ORD10862,2025-03-30,Mumbai,Scooter,46.9,13,No,4.2
ORD10863,2025-03-23,Pune,Truck,2.3,90,Yes,4.6
ORD10864,2025-03-01,Mumbai,Van,12.2,70,No,4.2
ORD10865,2025-03-16,Chennai,Bike,37.9,60,No,5.0
ORD10866,2025-03-27,Pune,Bike,15.1,30,Yes,3.8
ORD10867,2025-03-19,Chennai,Bike,5.2,81,No,4.2
ORD10868,2025-03-22,Pune,Van,45.9,105,No,3.2
ORD10869,2025-03-06,Mumbai,Truck,45.2,118,No,3.8
ORD10870,2025-03-13,Delhi,Truck,19.4,23,No,4.0
ORD10871,2025-03-11,Delhi,Truck,12.8,48,No,4.3
ORD10872,2025-03-06,Hyderabad,Truck,3.2,106,No,3.4
ORD10873,2025-03-06,Pune,Truck,5.2,76,Yes,3.7
ORD10874,2025-03-21,Chennai,Bike,17.5,34,Yes,4.9
ORD10875,2025-03-17,Delhi,Scooter,42.5,45,No,4.1
ORD10876,2025-03-29,Bengaluru,Bike,23.0,94,No,4.9
ORD10877,2025-03-28,Delhi,Bike,37.1,89,No,4.0
ORD10878,2025-03-08,Delhi,Truck,27.0,77,Yes,3.6
ORD10879,2025-03-21,Hyderabad,Bike,53.6,85,Yes,4.0
ORD10880,2025-03-20,Hyderabad,Bike,24.3,119,No,4.5
ORD10881,2025-03-03,Bengaluru,Scooter,56.2,36,Yes,3.8
ORD10882,2025-03-27,Pune,Scooter,41.1,54,Yes,4.3
ORD10883,2025-03-08,Pune,Scooter,49.4,23,Yes,4.8
ORD10884,2025-03-12,Chennai,Truck,40.1,99,No,4.8
ORD10885,2025-03-19,Mumbai,Truck,4.3,19,Yes,3.1
ORD10886,2025-03-18,Bengaluru,Van,14.8,77,No,4.0
ORD10887,2025-03-01,Hyderabad,Van,57.3,35,No,5.0
ORD10888,2025-03-15,Mumbai,Scooter,40.5,48,Yes,4.0
ORD10889,2025-03-30,Chennai,Scooter,53.3,111,No,3.0
ORD10890,2025-03-23,Bengaluru,Scooter,8.0,64,Yes,4.4
ORD10891,2025-03-05,Mumbai,Bike,53.8,24,Yes,4.8
ORD10892,2025-03-17,Pune,Truck,59.3,34,Yes,3.4
ORD10893,2025-03-11,Chennai,Scooter,34.0,90,Yes,4.5
ORD10894,2025-03-25,Mumbai,Van,3.8,74,No,3.2
ORD10895,2025-03-26,Pune,Van,45.1,30,Yes,4.2
ORD10896,2025-03-02,Mumbai,Truck,46.9,85,Yes,4.6
ORD10897,2025-03-29,Bengaluru,Truck,35.3,16,Yes,4.2
ORD10898,2025-03-27,Mumbai,Truck,48.8,24,No,3.9
ORD10899,2025-03-15,Hyderabad,Bike,34.0,66,Yes,4.3
ORD10900,2025-03-03,Pune,Van,7.1,28,No,4.1
ORD10901,2025-03-18,Mumbai,Truck,55.4,102,Yes,4.8
ORD10902,2025-03-08,Bengaluru,Van,32.5,106,Yes,3.8
ORD10903,2025-03-12,Delhi,Scooter,54.6,112,No,4.7
ORD10904,2025-03-01,Bengaluru,Truck,51.9,32,Yes,3.5
ORD10905,2025-03-18,Delhi,Van,10.6,23,No,4.2
ORD10906,2025-03-09,Bengaluru,Scooter,25.8,69,No,3.4
ORD10907,2025-03-21,Hyderabad,Scooter,20.0,37,Yes,4.3
ORD10908,2025-03-02,Chennai,Truck,4.0,43,No,3.8
ORD10909,2025-03-06,Bengaluru,Bike,31.3,28,Yes,3.3
ORD10910,2025-03-29,Chennai,Bike,9.1,33,Yes,4.4
ORD10911,2025-03-28,Hyderabad,Scooter,18.5,32,Yes,3.2
ORD10912,2025-03-12,Chennai,Truck,15.0,27,Yes,5.0
ORD10913,2025-03-27,Pune,Truck,5.6,63,Yes,4.3
ORD10914,2025-03-16,Bengaluru,Bike,44.2,30,No,4.2
ORD10915,2025-03-21,Chennai,Van,56.3,73,No,3.7
ORD10916,2025-03-10,Pune,Truck,45.2,64,Yes,3.2
ORD10917,2025-03-25,Pune,Van,49.2,44,Yes,3.5
ORD10918,2025-03-09,Mumbai,Scooter,3.3,108,No,4.7
ORD10919,2025-03-13,Mumbai,Van,33.4,87,No,4.0
ORD10920,2025-03-26,Bengaluru,Truck,26.9,76,Yes,4.7
ORD10921,2025-03-19,Hyderabad,Scooter,28.9,26,No,3.6
ORD10922,2025-03-04,Pune,Scooter,47.1,65,No,3.3
ORD10923,2025-03-15,Hyderabad,Van,30.2,82,No,3.0
ORD10924,2025-03-28,Delhi,Van,53.0,116,Yes,5.0
ORD10925,2025-03-03,Bengaluru,Van,30.8,66,No,4.9
ORD10926,2025-03-14,Chennai,Bike,58.9,39,No,4.2
ORD10927,2025-03-02,Hyderabad,Truck,44.5,33,Yes,3.6
ORD10928,2025-03-23,Bengaluru,Van,44.1,100,No,3.6
ORD10929,2025-03-09,Mumbai,Truck,46.1,101,No,4.6
ORD10930,2025-03-16,Bengaluru,Scooter,5.0,31,Yes,4.3
ORD10931,2025-03-25,Hyderabad,Bike,35.0,101,No,4.0
ORD10932,2025-03-30,Pune,Bike,44.8,50,No,4.8
ORD10933,2025-03-22,Hyderabad,Bike,47.1,110,Yes,3.7
ORD10934,2025-03-09,Delhi,Scooter,28.3,84,Yes,3.2
ORD10935,2025-03-18,Chennai,Bike,53.5,84,Yes,3.4
ORD10936,2025-03-26,Bengaluru,Truck,54.7,71,Yes,4.0
ORD10937,2025-03-08,Hyderabad,Van,44.2,35,Yes,4.2
ORD10938,2025-03-21,Delhi,Bike,51.7,103,Yes,4.4
ORD10939,2025-03-07,Pune,Scooter,27.2,67,No,4.8
ORD10940,2025-03-05,Pune,Truck,9.1,29,Yes,3.8
ORD10941,2025-03-15,Delhi,Truck,28.4,33,No,4.4
ORD10942,2025-03-19,Chennai,Scooter,17.6,97,No,4.0
ORD10943,2025-03-27,Hyderabad,Van,28.0,96,No,4.9
ORD10944,2025-03-17,Chennai,Van,22.0,11,No,3.4
ORD10945,2025-03-16,Bengaluru,Bike,21.2,72,Yes,4.6
ORD10946,2025-03-08,Pune,Van,34.4,81,No,3.3
ORD10947,2025-03-02,Pune,Bike,12.4,78,No,4.1
ORD10948,2025-03-29,Mumbai,Truck,26.3,25,No,4.9
ORD10949,2025-03-17,Delhi,Bike,17.2,84,No,3.8
ORD10950,2025-03-30,Bengaluru,Truck,60.0,111,Yes,4.6
ORD10951,2025-03-13,Hyderabad,Van,26.1,36,Yes,3.7
ORD10952,2025-03-02,Bengaluru,Scooter,28.2,97,No,4.5
ORD10953,2025-03-02,Hyderabad,Truck,5.9,102,Yes,4.6
ORD10954,2025-03-19,Hyderabad,Scooter,5.6,111,No,5.0
ORD10955,2025-03-30,Chennai,Bike,32.0,30,Yes,4.4
ORD10956,2025-03-15,Pune,Scooter,56.3,33,No,4.4
ORD10957,2025-03-18,Chennai,Scooter,44.1,119,Yes,4.7
ORD10958,2025-03-18,Pune,Scooter,58.2,27,Yes,3.7
ORD10959,2025-03-06,Bengaluru,Truck,37.9,71,No,4.4
ORD10960,2025-03-22,Hyderabad,Bike,34.1,98,Yes,4.4
ORD10961,2025-03-06,Delhi,Van,14.6,42,No,4.1
ORD10962,2025-03-24,Pune,Van,4.0,52,No,4.3
ORD10963,2025-03-25,Pune,Bike,21.4,26,Yes,4.5
ORD10964,2025-03-10,Bengaluru,Scooter,13.8,107,No,4.8
ORD10965,2025-03-16,Pune,Bike,57.7,50,No,4.9
ORD10966,2025-03-23,Mumbai,Truck,4.1,59,No,4.1
ORD10967,2025-03-08,Hyderabad,Van,4.5,17,Yes,4.4
ORD10968,2025-03-12,Pune,Truck,53.2,92,Yes,4.0
ORD10969,2025-03-09,Bengaluru,Bike,8.6,18,Yes,4.4
ORD10970,2025-03-14,Chennai,Truck,42.7,90,Yes,3.7
ORD10971,2025-03-24,Mumbai,Bike,41.5,11,Yes,3.5
ORD10972,2025-03-16,Mumbai,Scooter,22.8,28,No,3.7
ORD10973,2025-03-22,Chennai,Van,44.8,32,No,3.5
ORD10974,2025-03-11,Hyderabad,Truck,22.6,44,Yes,3.7
ORD10975,2025-03-23,Delhi,Van,38.6,17,Yes,3.6
ORD10976,2025-03-09,Mumbai,Scooter,52.1,16,Yes,4.7
ORD10977,2025-03-01,Bengaluru,Scooter,19.8,119,Yes,4.3
ORD10978,2025-03-10,Mumbai,Scooter,5.1,106,No,3.1
ORD10979,2025-03-09,Pune,Van,12.0,72,No,4.2
ORD10980,2025-03-29,Delhi,Scooter,3.4,115,Yes,4.7
ORD10981,2025-03-28,Delhi,Scooter,31.8,87,Yes,3.1
ORD10982,2025-03-16,Mumbai,Van,56.3,62,No,3.9
ORD10983,2025-03-14,Pune,Scooter,54.6,19,Yes,3.9
ORD10984,2025-03-29,Mumbai,Bike,7.7,17,No,5.0
ORD10985,2025-03-11,Mumbai,Scooter,15.7,108,No,4.7
ORD10986,2025-03-22,Hyderabad,Scooter,38.6,117,No,3.6
ORD10987,2025-03-12,Delhi,Bike,22.0,58,No,3.0
ORD10988,2025-03-26,Chennai,Bike,20.3,11,No,3.7
ORD10989,2025-03-20,Bengaluru,Scooter,21.0,70,No,3.1
ORD10990,2025-03-16,Delhi,Truck,2.3,59,Yes,4.2
ORD10991,2025-03-10,Bengaluru,Bike,7.9,110,No,4.8
ORD10992,2025-03-25,Bengaluru,Bike,15.9,78,No,3.5
ORD10993,2025-03-18,Chennai,Van,39.8,44,No,3.3
ORD10994,2025-03-19,Chennai,Truck,56.6,24,Yes,3.7
ORD10995,2025-03-21,Bengaluru,Van,43.5,55,Yes,3.1
ORD10996,2025-03-20,Pune,Scooter,48.0,55,Yes,4.6
ORD10997,2025-03-15,Mumbai,Van,15.6,41,No,5.0
ORD10998,2025-03-05,Hyderabad,Truck,9.8,80,Yes,4.2
ORD10999,2025-03-07,Bengaluru,Scooter,24.3,79,Yes,3.1
ORD11000,2025-03-06,Pune,Truck,8.9,57,Yes,4.4
